misura,gruppo,n,pearson,spearman,pearson_loo_min,pearson_loo_max
affitto,tutte,14,0.186,0.046,-0.076,0.321
affitto,Centro-Nord,9,0.120,0.033,-0.049,0.295
affitto,Mezzogiorno,5,0.791,0.400,0.075,0.952
spesa_reddito,tutte,14,0.498,0.270,0.335,0.582
spesa_reddito,Centro-Nord,9,0.575,0.538,0.290,0.785
spesa_reddito,Mezzogiorno,5,0.578,0.000,-0.842,0.791
reddito_mediano,tutte,14,-0.598,-0.704,-0.762,-0.511
reddito_mediano,Centro-Nord,9,-0.638,-0.736,-0.827,-0.545
reddito_mediano,Mezzogiorno,5,-0.723,-0.600,-0.977,-0.510
quota_varianza_fra_ripartizioni,tutte,14,0.123,,,
