DATAFLOW,FREQ,REF_AREA,DATA_TYPE,TIME_PERIOD,OBS_VALUE,OBS_STATUS,NOTE_DS,NOTE_REF_AREA,NOTE_DATA_TYPE,BASE_PER,UNIT_MEAS,UNIT_MULT
IT1:22_293_DF_DCIS_INDDEMOG1_1(1.0),A,ITC1,DEPENDRATE,2015,60,,,,TIPO_DATO15__DEPENDRATE_N1,,,
IT1:22_293_DF_DCIS_INDDEMOG1_1(1.0),A,ITC1,DEPENDRATE,2016,60.4,,,,TIPO_DATO15__DEPENDRATE_N1,,,
IT1:22_293_DF_DCIS_INDDEMOG1_1(1.0),A,ITC1,DEPENDRATE,2017,60.8,,,,TIPO_DATO15__DEPENDRATE_N1,,,
IT1:22_293_DF_DCIS_INDDEMOG1_1(1.0),A,ITC1,DEPENDRATE,2018,61,,,,TIPO_DATO15__DEPENDRATE_N1,,,
IT1:22_293_DF_DCIS_INDDEMOG1_1(1.0),A,ITC1,DEPENDRATE,2019,61.2,,,,TIPO_DATO15__DEPENDRATE_N1,,,
IT1:22_293_DF_DCIS_INDDEMOG1_1(1.0),A,ITC1,DEPENDRATE,2020,61.5,,,,TIPO_DATO15__DEPENDRATE_N1,,,
IT1:22_293_DF_DCIS_INDDEMOG1_1(1.0),A,ITC1,DEPENDRATE,2021,61.6,,,,TIPO_DATO15__DEPENDRATE_N1,,,
IT1:22_293_DF_DCIS_INDDEMOG1_1(1.0),A,ITC1,DEPENDRATE,2022,61.7,,,,TIPO_DATO15__DEPENDRATE_N1,,,
IT1:22_293_DF_DCIS_INDDEMOG1_1(1.0),A,ITC1,DEPENDRATE,2023,61.5,,,,TIPO_DATO15__DEPENDRATE_N1,,,
IT1:22_293_DF_DCIS_INDDEMOG1_1(1.0),A,ITC1,DEPENDRATE,2024,61.5,,,,TIPO_DATO15__DEPENDRATE_N1,,,
IT1:22_293_DF_DCIS_INDDEMOG1_1(1.0),A,ITC1,DEPENDRATE,2025,61.5,,,,TIPO_DATO15__DEPENDRATE_N1,,,
IT1:22_293_DF_DCIS_INDDEMOG1_1(1.0),A,ITC1,DEPENDRATE,2026,61.6,e,,,TIPO_DATO15__DEPENDRATE_N1,,,
IT1:22_293_DF_DCIS_INDDEMOG1_1(1.0),A,ITC2,DEPENDRATE,2015,57.4,,,,TIPO_DATO15__DEPENDRATE_N1,,,
IT1:22_293_DF_DCIS_INDDEMOG1_1(1.0),A,ITC2,DEPENDRATE,2016,57.8,,,,TIPO_DATO15__DEPENDRATE_N1,,,
IT1:22_293_DF_DCIS_INDDEMOG1_1(1.0),A,ITC2,DEPENDRATE,2017,58.1,,,,TIPO_DATO15__DEPENDRATE_N1,,,
IT1:22_293_DF_DCIS_INDDEMOG1_1(1.0),A,ITC2,DEPENDRATE,2018,58.4,,,,TIPO_DATO15__DEPENDRATE_N1,,,
IT1:22_293_DF_DCIS_INDDEMOG1_1(1.0),A,ITC2,DEPENDRATE,2019,58.6,,,,TIPO_DATO15__DEPENDRATE_N1,,,
IT1:22_293_DF_DCIS_INDDEMOG1_1(1.0),A,ITC2,DEPENDRATE,2020,59,,,,TIPO_DATO15__DEPENDRATE_N1,,,
IT1:22_293_DF_DCIS_INDDEMOG1_1(1.0),A,ITC2,DEPENDRATE,2021,58.9,,,,TIPO_DATO15__DEPENDRATE_N1,,,
IT1:22_293_DF_DCIS_INDDEMOG1_1(1.0),A,ITC2,DEPENDRATE,2022,59,,,,TIPO_DATO15__DEPENDRATE_N1,,,
IT1:22_293_DF_DCIS_INDDEMOG1_1(1.0),A,ITC2,DEPENDRATE,2023,58.9,,,,TIPO_DATO15__DEPENDRATE_N1,,,
IT1:22_293_DF_DCIS_INDDEMOG1_1(1.0),A,ITC2,DEPENDRATE,2024,59,,,,TIPO_DATO15__DEPENDRATE_N1,,,
IT1:22_293_DF_DCIS_INDDEMOG1_1(1.0),A,ITC2,DEPENDRATE,2025,59.2,,,,TIPO_DATO15__DEPENDRATE_N1,,,
IT1:22_293_DF_DCIS_INDDEMOG1_1(1.0),A,ITC2,DEPENDRATE,2026,59.6,e,,,TIPO_DATO15__DEPENDRATE_N1,,,
IT1:22_293_DF_DCIS_INDDEMOG1_1(1.0),A,ITC3,DEPENDRATE,2015,65.9,,,,TIPO_DATO15__DEPENDRATE_N1,,,
IT1:22_293_DF_DCIS_INDDEMOG1_1(1.0),A,ITC3,DEPENDRATE,2016,66.1,,,,TIPO_DATO15__DEPENDRATE_N1,,,
IT1:22_293_DF_DCIS_INDDEMOG1_1(1.0),A,ITC3,DEPENDRATE,2017,66,,,,TIPO_DATO15__DEPENDRATE_N1,,,
IT1:22_293_DF_DCIS_INDDEMOG1_1(1.0),A,ITC3,DEPENDRATE,2018,65.9,,,,TIPO_DATO15__DEPENDRATE_N1,,,
IT1:22_293_DF_DCIS_INDDEMOG1_1(1.0),A,ITC3,DEPENDRATE,2019,65.7,,,,TIPO_DATO15__DEPENDRATE_N1,,,
IT1:22_293_DF_DCIS_INDDEMOG1_1(1.0),A,ITC3,DEPENDRATE,2020,65.8,,,,TIPO_DATO15__DEPENDRATE_N1,,,
IT1:22_293_DF_DCIS_INDDEMOG1_1(1.0),A,ITC3,DEPENDRATE,2021,65.8,,,,TIPO_DATO15__DEPENDRATE_N1,,,
IT1:22_293_DF_DCIS_INDDEMOG1_1(1.0),A,ITC3,DEPENDRATE,2022,65.8,,,,TIPO_DATO15__DEPENDRATE_N1,,,
IT1:22_293_DF_DCIS_INDDEMOG1_1(1.0),A,ITC3,DEPENDRATE,2023,65.4,,,,TIPO_DATO15__DEPENDRATE_N1,,,
IT1:22_293_DF_DCIS_INDDEMOG1_1(1.0),A,ITC3,DEPENDRATE,2024,65.2,,,,TIPO_DATO15__DEPENDRATE_N1,,,
IT1:22_293_DF_DCIS_INDDEMOG1_1(1.0),A,ITC3,DEPENDRATE,2025,65.3,,,,TIPO_DATO15__DEPENDRATE_N1,,,
IT1:22_293_DF_DCIS_INDDEMOG1_1(1.0),A,ITC3,DEPENDRATE,2026,65.4,e,,,TIPO_DATO15__DEPENDRATE_N1,,,
IT1:22_293_DF_DCIS_INDDEMOG1_1(1.0),A,ITC4,DEPENDRATE,2015,56.1,,,,TIPO_DATO15__DEPENDRATE_N1,,,
IT1:22_293_DF_DCIS_INDDEMOG1_1(1.0),A,ITC4,DEPENDRATE,2016,56.5,,,,TIPO_DATO15__DEPENDRATE_N1,,,
IT1:22_293_DF_DCIS_INDDEMOG1_1(1.0),A,ITC4,DEPENDRATE,2017,56.8,,,,TIPO_DATO15__DEPENDRATE_N1,,,
IT1:22_293_DF_DCIS_INDDEMOG1_1(1.0),A,ITC4,DEPENDRATE,2018,56.9,,,,TIPO_DATO15__DEPENDRATE_N1,,,
IT1:22_293_DF_DCIS_INDDEMOG1_1(1.0),A,ITC4,DEPENDRATE,2019,56.9,,,,TIPO_DATO15__DEPENDRATE_N1,,,
IT1:22_293_DF_DCIS_INDDEMOG1_1(1.0),A,ITC4,DEPENDRATE,2020,57,,,,TIPO_DATO15__DEPENDRATE_N1,,,
IT1:22_293_DF_DCIS_INDDEMOG1_1(1.0),A,ITC4,DEPENDRATE,2021,56.7,,,,TIPO_DATO15__DEPENDRATE_N1,,,
IT1:22_293_DF_DCIS_INDDEMOG1_1(1.0),A,ITC4,DEPENDRATE,2022,56.9,,,,TIPO_DATO15__DEPENDRATE_N1,,,
IT1:22_293_DF_DCIS_INDDEMOG1_1(1.0),A,ITC4,DEPENDRATE,2023,56.6,,,,TIPO_DATO15__DEPENDRATE_N1,,,
IT1:22_293_DF_DCIS_INDDEMOG1_1(1.0),A,ITC4,DEPENDRATE,2024,56.4,,,,TIPO_DATO15__DEPENDRATE_N1,,,
IT1:22_293_DF_DCIS_INDDEMOG1_1(1.0),A,ITC4,DEPENDRATE,2025,56.4,,,,TIPO_DATO15__DEPENDRATE_N1,,,
IT1:22_293_DF_DCIS_INDDEMOG1_1(1.0),A,ITC4,DEPENDRATE,2026,56.4,e,,,TIPO_DATO15__DEPENDRATE_N1,,,
IT1:22_293_DF_DCIS_INDDEMOG1_1(1.0),A,ITD1,DEPENDRATE,2015,54,,,,TIPO_DATO15__DEPENDRATE_N1,,,
IT1:22_293_DF_DCIS_INDDEMOG1_1(1.0),A,ITD1,DEPENDRATE,2016,54.2,,,,TIPO_DATO15__DEPENDRATE_N1,,,
IT1:22_293_DF_DCIS_INDDEMOG1_1(1.0),A,ITD1,DEPENDRATE,2017,54.3,,,,TIPO_DATO15__DEPENDRATE_N1,,,
IT1:22_293_DF_DCIS_INDDEMOG1_1(1.0),A,ITD1,DEPENDRATE,2018,54.5,,,,TIPO_DATO15__DEPENDRATE_N1,,,
IT1:22_293_DF_DCIS_INDDEMOG1_1(1.0),A,ITD1,DEPENDRATE,2019,54.7,,,,TIPO_DATO15__DEPENDRATE_N1,,,
IT1:22_293_DF_DCIS_INDDEMOG1_1(1.0),A,ITD1,DEPENDRATE,2020,55,,,,TIPO_DATO15__DEPENDRATE_N1,,,
IT1:22_293_DF_DCIS_INDDEMOG1_1(1.0),A,ITD1,DEPENDRATE,2021,54.3,,,,TIPO_DATO15__DEPENDRATE_N1,,,
IT1:22_293_DF_DCIS_INDDEMOG1_1(1.0),A,ITD1,DEPENDRATE,2022,55.2,,,,TIPO_DATO15__DEPENDRATE_N1,,,
IT1:22_293_DF_DCIS_INDDEMOG1_1(1.0),A,ITD1,DEPENDRATE,2023,55.4,,,,TIPO_DATO15__DEPENDRATE_N1,,,
IT1:22_293_DF_DCIS_INDDEMOG1_1(1.0),A,ITD1,DEPENDRATE,2024,55.6,,,,TIPO_DATO15__DEPENDRATE_N1,,,
IT1:22_293_DF_DCIS_INDDEMOG1_1(1.0),A,ITD1,DEPENDRATE,2025,56.1,,,,TIPO_DATO15__DEPENDRATE_N1,,,
IT1:22_293_DF_DCIS_INDDEMOG1_1(1.0),A,ITD1,DEPENDRATE,2026,56.7,e,,,TIPO_DATO15__DEPENDRATE_N1,,,
IT1:22_293_DF_DCIS_INDDEMOG1_1(1.0),A,ITD2,DEPENDRATE,2015,55.8,,,,TIPO_DATO15__DEPENDRATE_N1,,,
IT1:22_293_DF_DCIS_INDDEMOG1_1(1.0),A,ITD2,DEPENDRATE,2016,56.3,,,,TIPO_DATO15__DEPENDRATE_N1,,,
IT1:22_293_DF_DCIS_INDDEMOG1_1(1.0),A,ITD2,DEPENDRATE,2017,56.6,,,,TIPO_DATO15__DEPENDRATE_N1,,,
IT1:22_293_DF_DCIS_INDDEMOG1_1(1.0),A,ITD2,DEPENDRATE,2018,56.9,,,,TIPO_DATO15__DEPENDRATE_N1,,,
IT1:22_293_DF_DCIS_INDDEMOG1_1(1.0),A,ITD2,DEPENDRATE,2019,57.3,,,,TIPO_DATO15__DEPENDRATE_N1,,,
IT1:22_293_DF_DCIS_INDDEMOG1_1(1.0),A,ITD2,DEPENDRATE,2020,57.5,,,,TIPO_DATO15__DEPENDRATE_N1,,,
IT1:22_293_DF_DCIS_INDDEMOG1_1(1.0),A,ITD2,DEPENDRATE,2021,57.1,,,,TIPO_DATO15__DEPENDRATE_N1,,,
IT1:22_293_DF_DCIS_INDDEMOG1_1(1.0),A,ITD2,DEPENDRATE,2022,57.8,,,,TIPO_DATO15__DEPENDRATE_N1,,,
IT1:22_293_DF_DCIS_INDDEMOG1_1(1.0),A,ITD2,DEPENDRATE,2023,58.1,,,,TIPO_DATO15__DEPENDRATE_N1,,,
IT1:22_293_DF_DCIS_INDDEMOG1_1(1.0),A,ITD2,DEPENDRATE,2024,58.2,,,,TIPO_DATO15__DEPENDRATE_N1,,,
IT1:22_293_DF_DCIS_INDDEMOG1_1(1.0),A,ITD2,DEPENDRATE,2025,58.6,,,,TIPO_DATO15__DEPENDRATE_N1,,,
IT1:22_293_DF_DCIS_INDDEMOG1_1(1.0),A,ITD2,DEPENDRATE,2026,59,e,,,TIPO_DATO15__DEPENDRATE_N1,,,
IT1:22_293_DF_DCIS_INDDEMOG1_1(1.0),A,ITD3,DEPENDRATE,2015,55.6,,,,TIPO_DATO15__DEPENDRATE_N1,,,
IT1:22_293_DF_DCIS_INDDEMOG1_1(1.0),A,ITD3,DEPENDRATE,2016,56,,,,TIPO_DATO15__DEPENDRATE_N1,,,
IT1:22_293_DF_DCIS_INDDEMOG1_1(1.0),A,ITD3,DEPENDRATE,2017,56.4,,,,TIPO_DATO15__DEPENDRATE_N1,,,
IT1:22_293_DF_DCIS_INDDEMOG1_1(1.0),A,ITD3,DEPENDRATE,2018,56.6,,,,TIPO_DATO15__DEPENDRATE_N1,,,
IT1:22_293_DF_DCIS_INDDEMOG1_1(1.0),A,ITD3,DEPENDRATE,2019,56.7,,,,TIPO_DATO15__DEPENDRATE_N1,,,
IT1:22_293_DF_DCIS_INDDEMOG1_1(1.0),A,ITD3,DEPENDRATE,2020,56.9,,,,TIPO_DATO15__DEPENDRATE_N1,,,
IT1:22_293_DF_DCIS_INDDEMOG1_1(1.0),A,ITD3,DEPENDRATE,2021,56.9,,,,TIPO_DATO15__DEPENDRATE_N1,,,
IT1:22_293_DF_DCIS_INDDEMOG1_1(1.0),A,ITD3,DEPENDRATE,2022,57.3,,,,TIPO_DATO15__DEPENDRATE_N1,,,
IT1:22_293_DF_DCIS_INDDEMOG1_1(1.0),A,ITD3,DEPENDRATE,2023,57.4,,,,TIPO_DATO15__DEPENDRATE_N1,,,
IT1:22_293_DF_DCIS_INDDEMOG1_1(1.0),A,ITD3,DEPENDRATE,2024,57.5,,,,TIPO_DATO15__DEPENDRATE_N1,,,
IT1:22_293_DF_DCIS_INDDEMOG1_1(1.0),A,ITD3,DEPENDRATE,2025,57.9,,,,TIPO_DATO15__DEPENDRATE_N1,,,
IT1:22_293_DF_DCIS_INDDEMOG1_1(1.0),A,ITD3,DEPENDRATE,2026,58.2,e,,,TIPO_DATO15__DEPENDRATE_N1,,,
IT1:22_293_DF_DCIS_INDDEMOG1_1(1.0),A,ITD4,DEPENDRATE,2015,60.8,,,,TIPO_DATO15__DEPENDRATE_N1,,,
IT1:22_293_DF_DCIS_INDDEMOG1_1(1.0),A,ITD4,DEPENDRATE,2016,61.3,,,,TIPO_DATO15__DEPENDRATE_N1,,,
IT1:22_293_DF_DCIS_INDDEMOG1_1(1.0),A,ITD4,DEPENDRATE,2017,61.7,,,,TIPO_DATO15__DEPENDRATE_N1,,,
IT1:22_293_DF_DCIS_INDDEMOG1_1(1.0),A,ITD4,DEPENDRATE,2018,61.8,,,,TIPO_DATO15__DEPENDRATE_N1,,,
IT1:22_293_DF_DCIS_INDDEMOG1_1(1.0),A,ITD4,DEPENDRATE,2019,62,,,,TIPO_DATO15__DEPENDRATE_N1,,,
IT1:22_293_DF_DCIS_INDDEMOG1_1(1.0),A,ITD4,DEPENDRATE,2020,62.2,,,,TIPO_DATO15__DEPENDRATE_N1,,,
IT1:22_293_DF_DCIS_INDDEMOG1_1(1.0),A,ITD4,DEPENDRATE,2021,62,,,,TIPO_DATO15__DEPENDRATE_N1,,,
IT1:22_293_DF_DCIS_INDDEMOG1_1(1.0),A,ITD4,DEPENDRATE,2022,62.1,,,,TIPO_DATO15__DEPENDRATE_N1,,,
IT1:22_293_DF_DCIS_INDDEMOG1_1(1.0),A,ITD4,DEPENDRATE,2023,62,,,,TIPO_DATO15__DEPENDRATE_N1,,,
IT1:22_293_DF_DCIS_INDDEMOG1_1(1.0),A,ITD4,DEPENDRATE,2024,62,,,,TIPO_DATO15__DEPENDRATE_N1,,,
IT1:22_293_DF_DCIS_INDDEMOG1_1(1.0),A,ITD4,DEPENDRATE,2025,62.3,,,,TIPO_DATO15__DEPENDRATE_N1,,,
IT1:22_293_DF_DCIS_INDDEMOG1_1(1.0),A,ITD4,DEPENDRATE,2026,62.6,e,,,TIPO_DATO15__DEPENDRATE_N1,,,
IT1:22_293_DF_DCIS_INDDEMOG1_1(1.0),A,ITD5,DEPENDRATE,2015,59,,,,TIPO_DATO15__DEPENDRATE_N1,,,
IT1:22_293_DF_DCIS_INDDEMOG1_1(1.0),A,ITD5,DEPENDRATE,2016,59.2,,,,TIPO_DATO15__DEPENDRATE_N1,,,
IT1:22_293_DF_DCIS_INDDEMOG1_1(1.0),A,ITD5,DEPENDRATE,2017,59.3,,,,TIPO_DATO15__DEPENDRATE_N1,,,
IT1:22_293_DF_DCIS_INDDEMOG1_1(1.0),A,ITD5,DEPENDRATE,2018,59.1,,,,TIPO_DATO15__DEPENDRATE_N1,,,
IT1:22_293_DF_DCIS_INDDEMOG1_1(1.0),A,ITD5,DEPENDRATE,2019,59,,,,TIPO_DATO15__DEPENDRATE_N1,,,
IT1:22_293_DF_DCIS_INDDEMOG1_1(1.0),A,ITD5,DEPENDRATE,2020,58.9,,,,TIPO_DATO15__DEPENDRATE_N1,,,
IT1:22_293_DF_DCIS_INDDEMOG1_1(1.0),A,ITD5,DEPENDRATE,2021,58.5,,,,TIPO_DATO15__DEPENDRATE_N1,,,
IT1:22_293_DF_DCIS_INDDEMOG1_1(1.0),A,ITD5,DEPENDRATE,2022,58.6,,,,TIPO_DATO15__DEPENDRATE_N1,,,
IT1:22_293_DF_DCIS_INDDEMOG1_1(1.0),A,ITD5,DEPENDRATE,2023,58.3,,,,TIPO_DATO15__DEPENDRATE_N1,,,
IT1:22_293_DF_DCIS_INDDEMOG1_1(1.0),A,ITD5,DEPENDRATE,2024,58.1,,,,TIPO_DATO15__DEPENDRATE_N1,,,
IT1:22_293_DF_DCIS_INDDEMOG1_1(1.0),A,ITD5,DEPENDRATE,2025,58,,,,TIPO_DATO15__DEPENDRATE_N1,,,
IT1:22_293_DF_DCIS_INDDEMOG1_1(1.0),A,ITD5,DEPENDRATE,2026,58.1,e,,,TIPO_DATO15__DEPENDRATE_N1,,,
IT1:22_293_DF_DCIS_INDDEMOG1_1(1.0),A,ITE1,DEPENDRATE,2015,60.5,,,,TIPO_DATO15__DEPENDRATE_N1,,,
IT1:22_293_DF_DCIS_INDDEMOG1_1(1.0),A,ITE1,DEPENDRATE,2016,60.8,,,,TIPO_DATO15__DEPENDRATE_N1,,,
IT1:22_293_DF_DCIS_INDDEMOG1_1(1.0),A,ITE1,DEPENDRATE,2017,60.9,,,,TIPO_DATO15__DEPENDRATE_N1,,,
IT1:22_293_DF_DCIS_INDDEMOG1_1(1.0),A,ITE1,DEPENDRATE,2018,60.9,,,,TIPO_DATO15__DEPENDRATE_N1,,,
IT1:22_293_DF_DCIS_INDDEMOG1_1(1.0),A,ITE1,DEPENDRATE,2019,60.9,,,,TIPO_DATO15__DEPENDRATE_N1,,,
IT1:22_293_DF_DCIS_INDDEMOG1_1(1.0),A,ITE1,DEPENDRATE,2020,61.1,,,,TIPO_DATO15__DEPENDRATE_N1,,,
IT1:22_293_DF_DCIS_INDDEMOG1_1(1.0),A,ITE1,DEPENDRATE,2021,60.8,,,,TIPO_DATO15__DEPENDRATE_N1,,,
IT1:22_293_DF_DCIS_INDDEMOG1_1(1.0),A,ITE1,DEPENDRATE,2022,61.1,,,,TIPO_DATO15__DEPENDRATE_N1,,,
IT1:22_293_DF_DCIS_INDDEMOG1_1(1.0),A,ITE1,DEPENDRATE,2023,60.7,,,,TIPO_DATO15__DEPENDRATE_N1,,,
IT1:22_293_DF_DCIS_INDDEMOG1_1(1.0),A,ITE1,DEPENDRATE,2024,60.7,,,,TIPO_DATO15__DEPENDRATE_N1,,,
IT1:22_293_DF_DCIS_INDDEMOG1_1(1.0),A,ITE1,DEPENDRATE,2025,60.7,,,,TIPO_DATO15__DEPENDRATE_N1,,,
IT1:22_293_DF_DCIS_INDDEMOG1_1(1.0),A,ITE1,DEPENDRATE,2026,60.8,e,,,TIPO_DATO15__DEPENDRATE_N1,,,
IT1:22_293_DF_DCIS_INDDEMOG1_1(1.0),A,ITE2,DEPENDRATE,2015,60.6,,,,TIPO_DATO15__DEPENDRATE_N1,,,
IT1:22_293_DF_DCIS_INDDEMOG1_1(1.0),A,ITE2,DEPENDRATE,2016,60.9,,,,TIPO_DATO15__DEPENDRATE_N1,,,
IT1:22_293_DF_DCIS_INDDEMOG1_1(1.0),A,ITE2,DEPENDRATE,2017,61.3,,,,TIPO_DATO15__DEPENDRATE_N1,,,
IT1:22_293_DF_DCIS_INDDEMOG1_1(1.0),A,ITE2,DEPENDRATE,2018,61.3,,,,TIPO_DATO15__DEPENDRATE_N1,,,
IT1:22_293_DF_DCIS_INDDEMOG1_1(1.0),A,ITE2,DEPENDRATE,2019,61.5,,,,TIPO_DATO15__DEPENDRATE_N1,,,
IT1:22_293_DF_DCIS_INDDEMOG1_1(1.0),A,ITE2,DEPENDRATE,2020,61.8,,,,TIPO_DATO15__DEPENDRATE_N1,,,
IT1:22_293_DF_DCIS_INDDEMOG1_1(1.0),A,ITE2,DEPENDRATE,2021,62.3,,,,TIPO_DATO15__DEPENDRATE_N1,,,
IT1:22_293_DF_DCIS_INDDEMOG1_1(1.0),A,ITE2,DEPENDRATE,2022,62.6,,,,TIPO_DATO15__DEPENDRATE_N1,,,
IT1:22_293_DF_DCIS_INDDEMOG1_1(1.0),A,ITE2,DEPENDRATE,2023,62.3,,,,TIPO_DATO15__DEPENDRATE_N1,,,
IT1:22_293_DF_DCIS_INDDEMOG1_1(1.0),A,ITE2,DEPENDRATE,2024,62.3,,,,TIPO_DATO15__DEPENDRATE_N1,,,
IT1:22_293_DF_DCIS_INDDEMOG1_1(1.0),A,ITE2,DEPENDRATE,2025,62.5,,,,TIPO_DATO15__DEPENDRATE_N1,,,
IT1:22_293_DF_DCIS_INDDEMOG1_1(1.0),A,ITE2,DEPENDRATE,2026,62.7,e,,,TIPO_DATO15__DEPENDRATE_N1,,,
IT1:22_293_DF_DCIS_INDDEMOG1_1(1.0),A,ITE3,DEPENDRATE,2015,58.8,,,,TIPO_DATO15__DEPENDRATE_N1,,,
IT1:22_293_DF_DCIS_INDDEMOG1_1(1.0),A,ITE3,DEPENDRATE,2016,59.2,,,,TIPO_DATO15__DEPENDRATE_N1,,,
IT1:22_293_DF_DCIS_INDDEMOG1_1(1.0),A,ITE3,DEPENDRATE,2017,59.6,,,,TIPO_DATO15__DEPENDRATE_N1,,,
IT1:22_293_DF_DCIS_INDDEMOG1_1(1.0),A,ITE3,DEPENDRATE,2018,59.7,,,,TIPO_DATO15__DEPENDRATE_N1,,,
IT1:22_293_DF_DCIS_INDDEMOG1_1(1.0),A,ITE3,DEPENDRATE,2019,59.9,,,,TIPO_DATO15__DEPENDRATE_N1,,,
IT1:22_293_DF_DCIS_INDDEMOG1_1(1.0),A,ITE3,DEPENDRATE,2020,60.2,,,,TIPO_DATO15__DEPENDRATE_N1,,,
IT1:22_293_DF_DCIS_INDDEMOG1_1(1.0),A,ITE3,DEPENDRATE,2021,60.5,,,,TIPO_DATO15__DEPENDRATE_N1,,,
IT1:22_293_DF_DCIS_INDDEMOG1_1(1.0),A,ITE3,DEPENDRATE,2022,60.7,,,,TIPO_DATO15__DEPENDRATE_N1,,,
IT1:22_293_DF_DCIS_INDDEMOG1_1(1.0),A,ITE3,DEPENDRATE,2023,60.7,,,,TIPO_DATO15__DEPENDRATE_N1,,,
IT1:22_293_DF_DCIS_INDDEMOG1_1(1.0),A,ITE3,DEPENDRATE,2024,60.8,,,,TIPO_DATO15__DEPENDRATE_N1,,,
IT1:22_293_DF_DCIS_INDDEMOG1_1(1.0),A,ITE3,DEPENDRATE,2025,61,,,,TIPO_DATO15__DEPENDRATE_N1,,,
IT1:22_293_DF_DCIS_INDDEMOG1_1(1.0),A,ITE3,DEPENDRATE,2026,61.2,e,,,TIPO_DATO15__DEPENDRATE_N1,,,
IT1:22_293_DF_DCIS_INDDEMOG1_1(1.0),A,ITE4,DEPENDRATE,2015,53.3,,,,TIPO_DATO15__DEPENDRATE_N1,,,
IT1:22_293_DF_DCIS_INDDEMOG1_1(1.0),A,ITE4,DEPENDRATE,2016,53.6,,,,TIPO_DATO15__DEPENDRATE_N1,,,
IT1:22_293_DF_DCIS_INDDEMOG1_1(1.0),A,ITE4,DEPENDRATE,2017,53.9,,,,TIPO_DATO15__DEPENDRATE_N1,,,
IT1:22_293_DF_DCIS_INDDEMOG1_1(1.0),A,ITE4,DEPENDRATE,2018,54,,,,TIPO_DATO15__DEPENDRATE_N1,,,
IT1:22_293_DF_DCIS_INDDEMOG1_1(1.0),A,ITE4,DEPENDRATE,2019,54.1,,,,TIPO_DATO15__DEPENDRATE_N1,,,
IT1:22_293_DF_DCIS_INDDEMOG1_1(1.0),A,ITE4,DEPENDRATE,2020,54.5,,,,TIPO_DATO15__DEPENDRATE_N1,,,
IT1:22_293_DF_DCIS_INDDEMOG1_1(1.0),A,ITE4,DEPENDRATE,2021,55.3,,,,TIPO_DATO15__DEPENDRATE_N1,,,
IT1:22_293_DF_DCIS_INDDEMOG1_1(1.0),A,ITE4,DEPENDRATE,2022,55.5,,,,TIPO_DATO15__DEPENDRATE_N1,,,
IT1:22_293_DF_DCIS_INDDEMOG1_1(1.0),A,ITE4,DEPENDRATE,2023,55.4,,,,TIPO_DATO15__DEPENDRATE_N1,,,
IT1:22_293_DF_DCIS_INDDEMOG1_1(1.0),A,ITE4,DEPENDRATE,2024,55.4,,,,TIPO_DATO15__DEPENDRATE_N1,,,
IT1:22_293_DF_DCIS_INDDEMOG1_1(1.0),A,ITE4,DEPENDRATE,2025,55.6,,,,TIPO_DATO15__DEPENDRATE_N1,,,
IT1:22_293_DF_DCIS_INDDEMOG1_1(1.0),A,ITE4,DEPENDRATE,2026,55.9,e,,,TIPO_DATO15__DEPENDRATE_N1,,,
IT1:22_293_DF_DCIS_INDDEMOG1_1(1.0),A,ITF1,DEPENDRATE,2015,55.1,,,,TIPO_DATO15__DEPENDRATE_N1,,,
IT1:22_293_DF_DCIS_INDDEMOG1_1(1.0),A,ITF1,DEPENDRATE,2016,55.6,,,,TIPO_DATO15__DEPENDRATE_N1,,,
IT1:22_293_DF_DCIS_INDDEMOG1_1(1.0),A,ITF1,DEPENDRATE,2017,56.1,,,,TIPO_DATO15__DEPENDRATE_N1,,,
IT1:22_293_DF_DCIS_INDDEMOG1_1(1.0),A,ITF1,DEPENDRATE,2018,56.5,,,,TIPO_DATO15__DEPENDRATE_N1,,,
IT1:22_293_DF_DCIS_INDDEMOG1_1(1.0),A,ITF1,DEPENDRATE,2019,56.9,,,,TIPO_DATO15__DEPENDRATE_N1,,,
IT1:22_293_DF_DCIS_INDDEMOG1_1(1.0),A,ITF1,DEPENDRATE,2020,57.5,,,,TIPO_DATO15__DEPENDRATE_N1,,,
IT1:22_293_DF_DCIS_INDDEMOG1_1(1.0),A,ITF1,DEPENDRATE,2021,58.6,,,,TIPO_DATO15__DEPENDRATE_N1,,,
IT1:22_293_DF_DCIS_INDDEMOG1_1(1.0),A,ITF1,DEPENDRATE,2022,58.9,,,,TIPO_DATO15__DEPENDRATE_N1,,,
IT1:22_293_DF_DCIS_INDDEMOG1_1(1.0),A,ITF1,DEPENDRATE,2023,59.1,,,,TIPO_DATO15__DEPENDRATE_N1,,,
IT1:22_293_DF_DCIS_INDDEMOG1_1(1.0),A,ITF1,DEPENDRATE,2024,59.5,,,,TIPO_DATO15__DEPENDRATE_N1,,,
IT1:22_293_DF_DCIS_INDDEMOG1_1(1.0),A,ITF1,DEPENDRATE,2025,60,,,,TIPO_DATO15__DEPENDRATE_N1,,,
IT1:22_293_DF_DCIS_INDDEMOG1_1(1.0),A,ITF1,DEPENDRATE,2026,60.4,e,,,TIPO_DATO15__DEPENDRATE_N1,,,
IT1:22_293_DF_DCIS_INDDEMOG1_1(1.0),A,ITF2,DEPENDRATE,2015,54.6,,,,TIPO_DATO15__DEPENDRATE_N1,,,
IT1:22_293_DF_DCIS_INDDEMOG1_1(1.0),A,ITF2,DEPENDRATE,2016,54.8,,,,TIPO_DATO15__DEPENDRATE_N1,,,
IT1:22_293_DF_DCIS_INDDEMOG1_1(1.0),A,ITF2,DEPENDRATE,2017,55.2,,,,TIPO_DATO15__DEPENDRATE_N1,,,
IT1:22_293_DF_DCIS_INDDEMOG1_1(1.0),A,ITF2,DEPENDRATE,2018,55.5,,,,TIPO_DATO15__DEPENDRATE_N1,,,
IT1:22_293_DF_DCIS_INDDEMOG1_1(1.0),A,ITF2,DEPENDRATE,2019,56.1,,,,TIPO_DATO15__DEPENDRATE_N1,,,
IT1:22_293_DF_DCIS_INDDEMOG1_1(1.0),A,ITF2,DEPENDRATE,2020,57.3,,,,TIPO_DATO15__DEPENDRATE_N1,,,
IT1:22_293_DF_DCIS_INDDEMOG1_1(1.0),A,ITF2,DEPENDRATE,2021,58.6,,,,TIPO_DATO15__DEPENDRATE_N1,,,
IT1:22_293_DF_DCIS_INDDEMOG1_1(1.0),A,ITF2,DEPENDRATE,2022,59.1,,,,TIPO_DATO15__DEPENDRATE_N1,,,
IT1:22_293_DF_DCIS_INDDEMOG1_1(1.0),A,ITF2,DEPENDRATE,2023,59.3,,,,TIPO_DATO15__DEPENDRATE_N1,,,
IT1:22_293_DF_DCIS_INDDEMOG1_1(1.0),A,ITF2,DEPENDRATE,2024,59.7,,,,TIPO_DATO15__DEPENDRATE_N1,,,
IT1:22_293_DF_DCIS_INDDEMOG1_1(1.0),A,ITF2,DEPENDRATE,2025,60.6,,,,TIPO_DATO15__DEPENDRATE_N1,,,
IT1:22_293_DF_DCIS_INDDEMOG1_1(1.0),A,ITF2,DEPENDRATE,2026,61.4,e,,,TIPO_DATO15__DEPENDRATE_N1,,,
IT1:22_293_DF_DCIS_INDDEMOG1_1(1.0),A,ITF3,DEPENDRATE,2015,49.4,,,,TIPO_DATO15__DEPENDRATE_N1,,,
IT1:22_293_DF_DCIS_INDDEMOG1_1(1.0),A,ITF3,DEPENDRATE,2016,49.5,,,,TIPO_DATO15__DEPENDRATE_N1,,,
IT1:22_293_DF_DCIS_INDDEMOG1_1(1.0),A,ITF3,DEPENDRATE,2017,49.7,,,,TIPO_DATO15__DEPENDRATE_N1,,,
IT1:22_293_DF_DCIS_INDDEMOG1_1(1.0),A,ITF3,DEPENDRATE,2018,49.7,,,,TIPO_DATO15__DEPENDRATE_N1,,,
IT1:22_293_DF_DCIS_INDDEMOG1_1(1.0),A,ITF3,DEPENDRATE,2019,49.9,,,,TIPO_DATO15__DEPENDRATE_N1,,,
IT1:22_293_DF_DCIS_INDDEMOG1_1(1.0),A,ITF3,DEPENDRATE,2020,50.4,,,,TIPO_DATO15__DEPENDRATE_N1,,,
IT1:22_293_DF_DCIS_INDDEMOG1_1(1.0),A,ITF3,DEPENDRATE,2021,52.1,,,,TIPO_DATO15__DEPENDRATE_N1,,,
IT1:22_293_DF_DCIS_INDDEMOG1_1(1.0),A,ITF3,DEPENDRATE,2022,51.9,,,,TIPO_DATO15__DEPENDRATE_N1,,,
IT1:22_293_DF_DCIS_INDDEMOG1_1(1.0),A,ITF3,DEPENDRATE,2023,52.1,,,,TIPO_DATO15__DEPENDRATE_N1,,,
IT1:22_293_DF_DCIS_INDDEMOG1_1(1.0),A,ITF3,DEPENDRATE,2024,52.5,,,,TIPO_DATO15__DEPENDRATE_N1,,,
IT1:22_293_DF_DCIS_INDDEMOG1_1(1.0),A,ITF3,DEPENDRATE,2025,53,,,,TIPO_DATO15__DEPENDRATE_N1,,,
IT1:22_293_DF_DCIS_INDDEMOG1_1(1.0),A,ITF3,DEPENDRATE,2026,53.5,e,,,TIPO_DATO15__DEPENDRATE_N1,,,
IT1:22_293_DF_DCIS_INDDEMOG1_1(1.0),A,ITF4,DEPENDRATE,2015,53,,,,TIPO_DATO15__DEPENDRATE_N1,,,
IT1:22_293_DF_DCIS_INDDEMOG1_1(1.0),A,ITF4,DEPENDRATE,2016,53.3,,,,TIPO_DATO15__DEPENDRATE_N1,,,
IT1:22_293_DF_DCIS_INDDEMOG1_1(1.0),A,ITF4,DEPENDRATE,2017,53.7,,,,TIPO_DATO15__DEPENDRATE_N1,,,
IT1:22_293_DF_DCIS_INDDEMOG1_1(1.0),A,ITF4,DEPENDRATE,2018,53.9,,,,TIPO_DATO15__DEPENDRATE_N1,,,
IT1:22_293_DF_DCIS_INDDEMOG1_1(1.0),A,ITF4,DEPENDRATE,2019,54.3,,,,TIPO_DATO15__DEPENDRATE_N1,,,
IT1:22_293_DF_DCIS_INDDEMOG1_1(1.0),A,ITF4,DEPENDRATE,2020,54.8,,,,TIPO_DATO15__DEPENDRATE_N1,,,
IT1:22_293_DF_DCIS_INDDEMOG1_1(1.0),A,ITF4,DEPENDRATE,2021,56,,,,TIPO_DATO15__DEPENDRATE_N1,,,
IT1:22_293_DF_DCIS_INDDEMOG1_1(1.0),A,ITF4,DEPENDRATE,2022,56.1,,,,TIPO_DATO15__DEPENDRATE_N1,,,
IT1:22_293_DF_DCIS_INDDEMOG1_1(1.0),A,ITF4,DEPENDRATE,2023,56.5,,,,TIPO_DATO15__DEPENDRATE_N1,,,
IT1:22_293_DF_DCIS_INDDEMOG1_1(1.0),A,ITF4,DEPENDRATE,2024,57,,,,TIPO_DATO15__DEPENDRATE_N1,,,
IT1:22_293_DF_DCIS_INDDEMOG1_1(1.0),A,ITF4,DEPENDRATE,2025,57.6,,,,TIPO_DATO15__DEPENDRATE_N1,,,
IT1:22_293_DF_DCIS_INDDEMOG1_1(1.0),A,ITF4,DEPENDRATE,2026,58.2,e,,,TIPO_DATO15__DEPENDRATE_N1,,,
IT1:22_293_DF_DCIS_INDDEMOG1_1(1.0),A,ITF5,DEPENDRATE,2015,52.4,,,,TIPO_DATO15__DEPENDRATE_N1,,,
IT1:22_293_DF_DCIS_INDDEMOG1_1(1.0),A,ITF5,DEPENDRATE,2016,52.6,,,,TIPO_DATO15__DEPENDRATE_N1,,,
IT1:22_293_DF_DCIS_INDDEMOG1_1(1.0),A,ITF5,DEPENDRATE,2017,53,,,,TIPO_DATO15__DEPENDRATE_N1,,,
IT1:22_293_DF_DCIS_INDDEMOG1_1(1.0),A,ITF5,DEPENDRATE,2018,53.2,,,,TIPO_DATO15__DEPENDRATE_N1,,,
IT1:22_293_DF_DCIS_INDDEMOG1_1(1.0),A,ITF5,DEPENDRATE,2019,53.6,,,,TIPO_DATO15__DEPENDRATE_N1,,,
IT1:22_293_DF_DCIS_INDDEMOG1_1(1.0),A,ITF5,DEPENDRATE,2020,54.3,,,,TIPO_DATO15__DEPENDRATE_N1,,,
IT1:22_293_DF_DCIS_INDDEMOG1_1(1.0),A,ITF5,DEPENDRATE,2021,55.6,,,,TIPO_DATO15__DEPENDRATE_N1,,,
IT1:22_293_DF_DCIS_INDDEMOG1_1(1.0),A,ITF5,DEPENDRATE,2022,56.2,,,,TIPO_DATO15__DEPENDRATE_N1,,,
IT1:22_293_DF_DCIS_INDDEMOG1_1(1.0),A,ITF5,DEPENDRATE,2023,56.6,,,,TIPO_DATO15__DEPENDRATE_N1,,,
IT1:22_293_DF_DCIS_INDDEMOG1_1(1.0),A,ITF5,DEPENDRATE,2024,57.4,,,,TIPO_DATO15__DEPENDRATE_N1,,,
IT1:22_293_DF_DCIS_INDDEMOG1_1(1.0),A,ITF5,DEPENDRATE,2025,58.2,,,,TIPO_DATO15__DEPENDRATE_N1,,,
IT1:22_293_DF_DCIS_INDDEMOG1_1(1.0),A,ITF5,DEPENDRATE,2026,59.2,e,,,TIPO_DATO15__DEPENDRATE_N1,,,
IT1:22_293_DF_DCIS_INDDEMOG1_1(1.0),A,ITF6,DEPENDRATE,2015,51.7,,,,TIPO_DATO15__DEPENDRATE_N1,,,
IT1:22_293_DF_DCIS_INDDEMOG1_1(1.0),A,ITF6,DEPENDRATE,2016,52.1,,,,TIPO_DATO15__DEPENDRATE_N1,,,
IT1:22_293_DF_DCIS_INDDEMOG1_1(1.0),A,ITF6,DEPENDRATE,2017,52.6,,,,TIPO_DATO15__DEPENDRATE_N1,,,
IT1:22_293_DF_DCIS_INDDEMOG1_1(1.0),A,ITF6,DEPENDRATE,2018,52.9,,,,TIPO_DATO15__DEPENDRATE_N1,,,
IT1:22_293_DF_DCIS_INDDEMOG1_1(1.0),A,ITF6,DEPENDRATE,2019,53.5,,,,TIPO_DATO15__DEPENDRATE_N1,,,
IT1:22_293_DF_DCIS_INDDEMOG1_1(1.0),A,ITF6,DEPENDRATE,2020,54.4,,,,TIPO_DATO15__DEPENDRATE_N1,,,
IT1:22_293_DF_DCIS_INDDEMOG1_1(1.0),A,ITF6,DEPENDRATE,2021,56.4,,,,TIPO_DATO15__DEPENDRATE_N1,,,
IT1:22_293_DF_DCIS_INDDEMOG1_1(1.0),A,ITF6,DEPENDRATE,2022,56.7,,,,TIPO_DATO15__DEPENDRATE_N1,,,
IT1:22_293_DF_DCIS_INDDEMOG1_1(1.0),A,ITF6,DEPENDRATE,2023,57.2,,,,TIPO_DATO15__DEPENDRATE_N1,,,
IT1:22_293_DF_DCIS_INDDEMOG1_1(1.0),A,ITF6,DEPENDRATE,2024,57.8,,,,TIPO_DATO15__DEPENDRATE_N1,,,
IT1:22_293_DF_DCIS_INDDEMOG1_1(1.0),A,ITF6,DEPENDRATE,2025,58.5,,,,TIPO_DATO15__DEPENDRATE_N1,,,
IT1:22_293_DF_DCIS_INDDEMOG1_1(1.0),A,ITF6,DEPENDRATE,2026,59.3,e,,,TIPO_DATO15__DEPENDRATE_N1,,,
IT1:22_293_DF_DCIS_INDDEMOG1_1(1.0),A,ITG1,DEPENDRATE,2015,52.6,,,,TIPO_DATO15__DEPENDRATE_N1,,,
IT1:22_293_DF_DCIS_INDDEMOG1_1(1.0),A,ITG1,DEPENDRATE,2016,52.9,,,,TIPO_DATO15__DEPENDRATE_N1,,,
IT1:22_293_DF_DCIS_INDDEMOG1_1(1.0),A,ITG1,DEPENDRATE,2017,53.2,,,,TIPO_DATO15__DEPENDRATE_N1,,,
IT1:22_293_DF_DCIS_INDDEMOG1_1(1.0),A,ITG1,DEPENDRATE,2018,53.5,,,,TIPO_DATO15__DEPENDRATE_N1,,,
IT1:22_293_DF_DCIS_INDDEMOG1_1(1.0),A,ITG1,DEPENDRATE,2019,53.8,,,,TIPO_DATO15__DEPENDRATE_N1,,,
IT1:22_293_DF_DCIS_INDDEMOG1_1(1.0),A,ITG1,DEPENDRATE,2020,54.4,,,,TIPO_DATO15__DEPENDRATE_N1,,,
IT1:22_293_DF_DCIS_INDDEMOG1_1(1.0),A,ITG1,DEPENDRATE,2021,56.3,,,,TIPO_DATO15__DEPENDRATE_N1,,,
IT1:22_293_DF_DCIS_INDDEMOG1_1(1.0),A,ITG1,DEPENDRATE,2022,56.3,,,,TIPO_DATO15__DEPENDRATE_N1,,,
IT1:22_293_DF_DCIS_INDDEMOG1_1(1.0),A,ITG1,DEPENDRATE,2023,56.6,,,,TIPO_DATO15__DEPENDRATE_N1,,,
IT1:22_293_DF_DCIS_INDDEMOG1_1(1.0),A,ITG1,DEPENDRATE,2024,57,,,,TIPO_DATO15__DEPENDRATE_N1,,,
IT1:22_293_DF_DCIS_INDDEMOG1_1(1.0),A,ITG1,DEPENDRATE,2025,57.6,,,,TIPO_DATO15__DEPENDRATE_N1,,,
IT1:22_293_DF_DCIS_INDDEMOG1_1(1.0),A,ITG1,DEPENDRATE,2026,58.3,e,,,TIPO_DATO15__DEPENDRATE_N1,,,
IT1:22_293_DF_DCIS_INDDEMOG1_1(1.0),A,ITG2,DEPENDRATE,2015,50.7,,,,TIPO_DATO15__DEPENDRATE_N1,,,
IT1:22_293_DF_DCIS_INDDEMOG1_1(1.0),A,ITG2,DEPENDRATE,2016,51.5,,,,TIPO_DATO15__DEPENDRATE_N1,,,
IT1:22_293_DF_DCIS_INDDEMOG1_1(1.0),A,ITG2,DEPENDRATE,2017,52.3,,,,TIPO_DATO15__DEPENDRATE_N1,,,
IT1:22_293_DF_DCIS_INDDEMOG1_1(1.0),A,ITG2,DEPENDRATE,2018,53,,,,TIPO_DATO15__DEPENDRATE_N1,,,
IT1:22_293_DF_DCIS_INDDEMOG1_1(1.0),A,ITG2,DEPENDRATE,2019,53.8,,,,TIPO_DATO15__DEPENDRATE_N1,,,
IT1:22_293_DF_DCIS_INDDEMOG1_1(1.0),A,ITG2,DEPENDRATE,2020,54.9,,,,TIPO_DATO15__DEPENDRATE_N1,,,
IT1:22_293_DF_DCIS_INDDEMOG1_1(1.0),A,ITG2,DEPENDRATE,2021,56.7,,,,TIPO_DATO15__DEPENDRATE_N1,,,
IT1:22_293_DF_DCIS_INDDEMOG1_1(1.0),A,ITG2,DEPENDRATE,2022,57.2,,,,TIPO_DATO15__DEPENDRATE_N1,,,
IT1:22_293_DF_DCIS_INDDEMOG1_1(1.0),A,ITG2,DEPENDRATE,2023,57.8,,,,TIPO_DATO15__DEPENDRATE_N1,,,
IT1:22_293_DF_DCIS_INDDEMOG1_1(1.0),A,ITG2,DEPENDRATE,2024,58.5,,,,TIPO_DATO15__DEPENDRATE_N1,,,
IT1:22_293_DF_DCIS_INDDEMOG1_1(1.0),A,ITG2,DEPENDRATE,2025,59.2,,,,TIPO_DATO15__DEPENDRATE_N1,,,
IT1:22_293_DF_DCIS_INDDEMOG1_1(1.0),A,ITG2,DEPENDRATE,2026,59.9,e,,,TIPO_DATO15__DEPENDRATE_N1,,,
