id;nome;ultimo_anno_attuale;freshness_status;fonte_alternativa;anno_disponibile;compatibilita_definizione;copertura_territoriale;decisione;motivazione;problemi;url_ufficiale
920;Eta media della popolazione;2026;current;istat_demografia;2026;compatible;1.0;integrated;Dato normalizzato nel layer esterno. Lo schema legacy non viene modificato.;;https://www.istat.it/comunicato-stampa/indicatori-demografici-anno-2025/
921;Indice di vecchiaia;2026;current;istat_demografia;2026;compatible;1.0;integrated;Dato normalizzato nel layer esterno. Lo schema legacy non viene modificato.;;https://www.istat.it/comunicato-stampa/indicatori-demografici-anno-2025/
922;Numero medio di figli per donna;2025;current;istat_demografia;2025;compatible;1.0;integrated;Dato normalizzato nel layer esterno. Lo schema legacy non viene modificato.;;https://www.istat.it/comunicato-stampa/indicatori-demografici-anno-2025/
923;Saldo migratorio totale;2025;current;istat_demografia;2025;compatible;1.0;integrated;Dato normalizzato nel layer esterno. Lo schema legacy non viene modificato.;;https://www.istat.it/comunicato-stampa/indicatori-demografici-anno-2025/
913;Speranza di vita a 65 anni;2025;current;istat_demografia;2025;exact;1.0;integrated;Dato normalizzato nel layer esterno. Lo schema legacy non viene modificato.;;https://www.istat.it/comunicato-stampa/indicatori-demografici-anno-2025/
910;Speranza di vita alla nascita;2025;current;istat_demografia;2025;exact;1.0;integrated;Dato normalizzato nel layer esterno. Lo schema legacy non viene modificato.;;https://www.istat.it/comunicato-stampa/indicatori-demografici-anno-2025/
912;Speranza di vita alla nascita (femmine);2025;current;istat_demografia;2025;exact;1.0;integrated;Dato normalizzato nel layer esterno. Lo schema legacy non viene modificato.;;https://www.istat.it/comunicato-stampa/indicatori-demografici-anno-2025/
911;Speranza di vita alla nascita (maschi);2025;current;istat_demografia;2025;exact;1.0;integrated;Dato normalizzato nel layer esterno. Lo schema legacy non viene modificato.;;https://www.istat.it/comunicato-stampa/indicatori-demografici-anno-2025/
57;Differenza tra tasso di occupazione maschile e femminile;2025;current;istat_lavoro;2025;exact;1.0;integrated;Dato normalizzato nel layer esterno. Lo schema legacy non viene modificato.;;https://www.istat.it/statistiche-per-temi/lavoro/
180;Incidenza della disoccupazione di lunga durata (femmine);2025;current;istat_lavoro;2025;exact;1.0;integrated;Dato normalizzato nel layer esterno. Lo schema legacy non viene modificato.;;https://www.istat.it/statistiche-per-temi/lavoro/
179;Incidenza della disoccupazione di lunga durata (maschi);2025;current;istat_lavoro;2025;exact;1.0;integrated;Dato normalizzato nel layer esterno. Lo schema legacy non viene modificato.;;https://www.istat.it/statistiche-per-temi/lavoro/
16;Incidenza della disoccupazione di lunga durata (totale);2025;current;istat_lavoro;2025;exact;1.0;integrated;Dato normalizzato nel layer esterno. Lo schema legacy non viene modificato.;;https://www.istat.it/statistiche-per-temi/lavoro/
12;Tasso di disoccupazione;2025;current;istat_lavoro;2025;exact;1.0;integrated;Dato normalizzato nel layer esterno. Lo schema legacy non viene modificato.;;https://www.istat.it/statistiche-per-temi/lavoro/
176;Tasso di disoccupazione (femmine);2025;current;istat_lavoro;2025;exact;1.0;integrated;Dato normalizzato nel layer esterno. Lo schema legacy non viene modificato.;;https://www.istat.it/statistiche-per-temi/lavoro/
175;Tasso di disoccupazione (maschi);2025;current;istat_lavoro;2025;exact;1.0;integrated;Dato normalizzato nel layer esterno. Lo schema legacy non viene modificato.;;https://www.istat.it/statistiche-per-temi/lavoro/
17;Tasso di disoccupazione di lunga durata;2025;current;istat_lavoro;2025;exact;1.0;integrated;Dato normalizzato nel layer esterno. Lo schema legacy non viene modificato.;;https://www.istat.it/statistiche-per-temi/lavoro/
184;Tasso di disoccupazione di lunga durata (femmine);2025;current;istat_lavoro;2025;exact;1.0;integrated;Dato normalizzato nel layer esterno. Lo schema legacy non viene modificato.;;https://www.istat.it/statistiche-per-temi/lavoro/
183;Tasso di disoccupazione di lunga durata (maschi);2025;current;istat_lavoro;2025;exact;1.0;integrated;Dato normalizzato nel layer esterno. Lo schema legacy non viene modificato.;;https://www.istat.it/statistiche-per-temi/lavoro/
15;Tasso di disoccupazione giovanile;2025;current;istat_lavoro;2025;exact;1.0;integrated;Dato normalizzato nel layer esterno. Lo schema legacy non viene modificato.;;https://www.istat.it/statistiche-per-temi/lavoro/
174;Tasso di disoccupazione giovanile (femmine);2025;current;istat_lavoro;2025;exact;1.0;integrated;Dato normalizzato nel layer esterno. Lo schema legacy non viene modificato.;;https://www.istat.it/statistiche-per-temi/lavoro/
230;Tasso di disoccupazione giovanile (maschi);2025;current;istat_lavoro;2025;exact;1.0;integrated;Dato normalizzato nel layer esterno. Lo schema legacy non viene modificato.;;https://www.istat.it/statistiche-per-temi/lavoro/
178;Tasso di occupazione (femmine);2025;current;istat_lavoro;2025;exact;1.0;integrated;Dato normalizzato nel layer esterno. Lo schema legacy non viene modificato.;;https://www.istat.it/statistiche-per-temi/lavoro/
177;Tasso di occupazione (maschi);2025;current;istat_lavoro;2025;exact;1.0;integrated;Dato normalizzato nel layer esterno. Lo schema legacy non viene modificato.;;https://www.istat.it/statistiche-per-temi/lavoro/
13;Tasso di occupazione (totale);2025;current;istat_lavoro;2025;exact;1.0;integrated;Dato normalizzato nel layer esterno. Lo schema legacy non viene modificato.;;https://www.istat.it/statistiche-per-temi/lavoro/
345;Tasso di occupazione 20-64 anni;2025;current;istat_lavoro;2025;exact;1.0;integrated;Dato normalizzato nel layer esterno. Lo schema legacy non viene modificato.;;https://www.istat.it/statistiche-per-temi/lavoro/
347;Tasso di occupazione 20-64 anni (femmine);2025;current;istat_lavoro;2025;exact;1.0;integrated;Dato normalizzato nel layer esterno. Lo schema legacy non viene modificato.;;https://www.istat.it/statistiche-per-temi/lavoro/
346;Tasso di occupazione 20-64 anni (maschi);2025;current;istat_lavoro;2025;exact;1.0;integrated;Dato normalizzato nel layer esterno. Lo schema legacy non viene modificato.;;https://www.istat.it/statistiche-per-temi/lavoro/
476;Tasso di occupazione giovanile (femmine);2025;current;istat_lavoro;2025;exact;1.0;integrated;Dato normalizzato nel layer esterno. Lo schema legacy non viene modificato.;;https://www.istat.it/statistiche-per-temi/lavoro/
475;Tasso di occupazione giovanile (maschi);2025;current;istat_lavoro;2025;exact;1.0;integrated;Dato normalizzato nel layer esterno. Lo schema legacy non viene modificato.;;https://www.istat.it/statistiche-per-temi/lavoro/
407;Tasso di occupazione giovanile (totale);2025;current;istat_lavoro;2025;exact;1.0;integrated;Dato normalizzato nel layer esterno. Lo schema legacy non viene modificato.;;https://www.istat.it/statistiche-per-temi/lavoro/
182;Tasso di occupazione over 54 (femmine);2025;current;istat_lavoro;2025;exact;1.0;integrated;Dato normalizzato nel layer esterno. Lo schema legacy non viene modificato.;;https://www.istat.it/statistiche-per-temi/lavoro/
181;Tasso di occupazione over 54 (maschi);2025;current;istat_lavoro;2025;exact;1.0;integrated;Dato normalizzato nel layer esterno. Lo schema legacy non viene modificato.;;https://www.istat.it/statistiche-per-temi/lavoro/
14;Tasso di occupazione over 54 (totale);2025;current;istat_lavoro;2025;exact;1.0;integrated;Dato normalizzato nel layer esterno. Lo schema legacy non viene modificato.;;https://www.istat.it/statistiche-per-temi/lavoro/
423;Copertura con banda ultralarga a 100 Mbps;2015;stale;infratel;;proxy;0.975;needs_review;Fonte candidata. Servono verifica di definizione, unita, popolazione, sesso totale e copertura prima di integrare.;parser o compatibilita da verificare;https://www.infratelitalia.it/home
422;Copertura con banda ultralarga ad almeno 30 Mbps;2015;stale;infratel;;proxy;0.975;needs_review;Fonte candidata. Servono verifica di definizione, unita, popolazione, sesso totale e copertura prima di integrare.;parser o compatibilita da verificare;https://www.infratelitalia.it/home
73;Grado di diffusione della larga banda nelle amministrazioni locali;2022;dated;infratel;;proxy;1.0;needs_review;Fonte candidata. Servono verifica di definizione, unita, popolazione, sesso totale e copertura prima di integrare.;parser o compatibilita da verificare;https://www.infratelitalia.it/home
62;Grado di diffusione di Internet nelle famiglie;2023;recent;infratel;;proxy;0.963;needs_review;Fonte candidata. Servono verifica di definizione, unita, popolazione, sesso totale e copertura prima di integrare.;parser o compatibilita da verificare;https://www.infratelitalia.it/home
426;Grado di utilizzo di Internet nelle famiglie negli ultimi 12 mesi;2023;recent;infratel;;proxy;1.0;needs_review;Fonte candidata. Servono verifica di definizione, unita, popolazione, sesso totale e copertura prima di integrare.;parser o compatibilita da verificare;https://www.infratelitalia.it/home
64;Grado di utilizzo di Internet nelle famiglie negli ultimi 3 mesi;2023;recent;infratel;;proxy;1.0;needs_review;Fonte candidata. Servono verifica di definizione, unita, popolazione, sesso totale e copertura prima di integrare.;parser o compatibilita da verificare;https://www.infratelitalia.it/home
429;Penetrazione della banda ultra larga;2023;recent;infratel;;proxy;1.0;needs_review;Fonte candidata. Servono verifica di definizione, unita, popolazione, sesso totale e copertura prima di integrare.;parser o compatibilita da verificare;https://www.infratelitalia.it/home
621;Competenza alfabetica non adeguata (studenti classi II scuola secondaria secondo grado);2023;recent;invalsi;;proxy;0.6333;needs_review;Fonte candidata. Servono verifica di definizione, unita, popolazione, sesso totale e copertura prima di integrare.;parser o compatibilita da verificare;https://invalsiopen.it/dati-rilevazione-invalsi-2025/
617;Competenza alfabetica non adeguata (studenti classi III scuola secondaria primo grado);2025;current;invalsi;;proxy;0.8313;needs_review;Fonte candidata. Servono verifica di definizione, unita, popolazione, sesso totale e copertura prima di integrare.;parser o compatibilita da verificare;https://invalsiopen.it/dati-rilevazione-invalsi-2025/
623;Competenza alfabetica non adeguata (studenti classi V scuola secondaria secondo grado);2025;current;invalsi;;proxy;0.8143;needs_review;Fonte candidata. Servono verifica di definizione, unita, popolazione, sesso totale e copertura prima di integrare.;parser o compatibilita da verificare;https://invalsiopen.it/dati-rilevazione-invalsi-2025/
622;Competenza numerica non adeguata (studenti classi II scuola secondaria secondo grado);2023;recent;invalsi;;proxy;0.6333;needs_review;Fonte candidata. Servono verifica di definizione, unita, popolazione, sesso totale e copertura prima di integrare.;parser o compatibilita da verificare;https://invalsiopen.it/dati-rilevazione-invalsi-2025/
618;Competenza numerica non adeguata (studenti classi III scuola secondaria primo grado);2025;current;invalsi;;proxy;0.8313;needs_review;Fonte candidata. Servono verifica di definizione, unita, popolazione, sesso totale e copertura prima di integrare.;parser o compatibilita da verificare;https://invalsiopen.it/dati-rilevazione-invalsi-2025/
624;Competenza numerica non adeguata (studenti classi V scuola secondaria secondo grado);2025;current;invalsi;;proxy;0.8143;needs_review;Fonte candidata. Servono verifica di definizione, unita, popolazione, sesso totale e copertura prima di integrare.;parser o compatibilita da verificare;https://invalsiopen.it/dati-rilevazione-invalsi-2025/
249;Andamento dell'occupazione del settore della pesca;2023;recent;istat_lavoro;;exact;0.8661;needs_review;Richiede revisione manuale prima di uso in scoring.;parser o compatibilita da verificare;https://www.istat.it/statistiche-per-temi/lavoro/
465;Occupati, disoccupati e inattivi che partecipano ad attività formative e di istruzione;2014;stale;istat_lavoro;;exact;1.0;needs_review;Richiede revisione manuale prima di uso in scoring.;parser o compatibilita da verificare;https://www.istat.it/statistiche-per-temi/lavoro/
530;Quota di lavoratori che percepiscono sussidi di politica del lavoro passiva: Indennità di disoccupazione e Assicurazione sociale per l'impiego;2020;dated;istat_lavoro;;exact;1.0;needs_review;Richiede revisione manuale prima di uso in scoring.;parser o compatibilita da verificare;https://www.istat.it/statistiche-per-temi/lavoro/
482;Tasso di occupazione della popolazione straniera (femmine);2020;dated;istat_lavoro;;exact;1.0;needs_review;Richiede revisione manuale prima di uso in scoring.;parser o compatibilita da verificare;https://www.istat.it/statistiche-per-temi/lavoro/
481;Tasso di occupazione della popolazione straniera (maschi);2020;dated;istat_lavoro;;exact;1.0;needs_review;Richiede revisione manuale prima di uso in scoring.;parser o compatibilita da verificare;https://www.istat.it/statistiche-per-temi/lavoro/
455;Tasso di occupazione della popolazione straniera (totale);2020;dated;istat_lavoro;;exact;1.0;needs_review;Richiede revisione manuale prima di uso in scoring.;parser o compatibilita da verificare;https://www.istat.it/statistiche-per-temi/lavoro/
460;Tasso di occupazione nelle aree rurali (15-64 anni);2023;recent;istat_lavoro;;exact;1.0;needs_review;Richiede revisione manuale prima di uso in scoring.;parser o compatibilita da verificare;https://www.istat.it/statistiche-per-temi/lavoro/
50;Tasso di occupazione regolare;2018;stale;istat_lavoro;;exact;1.0;needs_review;Richiede revisione manuale prima di uso in scoring.;parser o compatibilita da verificare;https://www.istat.it/statistiche-per-temi/lavoro/
478;Tasso giovani NEET (femmine);2024;recent;istat_lavoro;;exact;1.0;needs_review;Richiede revisione manuale prima di uso in scoring.;parser o compatibilita da verificare;https://www.istat.it/statistiche-per-temi/lavoro/
477;Tasso giovani NEET (maschi);2024;recent;istat_lavoro;;exact;1.0;needs_review;Richiede revisione manuale prima di uso in scoring.;parser o compatibilita da verificare;https://www.istat.it/statistiche-per-temi/lavoro/
408;Tasso giovani NEET (totale);2024;recent;istat_lavoro;;exact;1.0;needs_review;Richiede revisione manuale prima di uso in scoring.;parser o compatibilita da verificare;https://www.istat.it/statistiche-per-temi/lavoro/
132;Produttività del lavoro nel turismo;2016;stale;istat_turismo;;proxy;1.0;needs_review;Fonte candidata. Servono verifica di definizione, unita, popolazione, sesso totale e copertura prima di integrare.;parser o compatibilita da verificare;https://www.istat.it/statistiche-per-temi/servizi/turismo/
165;Turismo nei mesi non estivi;2024;recent;istat_turismo;;proxy;1.0;needs_review;Fonte candidata. Servono verifica di definizione, unita, popolazione, sesso totale e copertura prima di integrare.;parser o compatibilita da verificare;https://www.istat.it/statistiche-per-temi/servizi/turismo/
399;Addetti alle imprese e alle istituzioni non profit che svolgono attività a contenuto sociale;2015;stale;movimprese;;proxy;1.0;needs_review;Fonte candidata. Servono verifica di definizione, unita, popolazione, sesso totale e copertura prima di integrare.;parser o compatibilita da verificare;https://www.infocamere.it/movimprese
398;Addetti delle nuove imprese;2023;recent;movimprese;;proxy;1.0;needs_review;Fonte candidata. Servono verifica di definizione, unita, popolazione, sesso totale e copertura prima di integrare.;parser o compatibilita da verificare;https://www.infocamere.it/movimprese
600;Addetti delle nuove imprese nei settori culturali e creativi;2023;recent;movimprese;;proxy;1.0;needs_review;Fonte candidata. Servono verifica di definizione, unita, popolazione, sesso totale e copertura prima di integrare.;parser o compatibilita da verificare;https://www.infocamere.it/movimprese
436;Addetti occupati nelle unità locali delle imprese italiane a controllo estero;2019;stale;movimprese;;proxy;1.0;needs_review;Fonte candidata. Servono verifica di definizione, unita, popolazione, sesso totale e copertura prima di integrare.;parser o compatibilita da verificare;https://www.infocamere.it/movimprese
115;Capacità di sviluppo dei servizi alle imprese;2022;dated;movimprese;;proxy;1.0;needs_review;Fonte candidata. Servono verifica di definizione, unita, popolazione, sesso totale e copertura prima di integrare.;parser o compatibilita da verificare;https://www.infocamere.it/movimprese
375;Consumi di energia elettrica delle imprese dell'agricoltura;2023;recent;movimprese;;proxy;1.0;needs_review;Fonte candidata. Servono verifica di definizione, unita, popolazione, sesso totale e copertura prima di integrare.;parser o compatibilita da verificare;https://www.infocamere.it/movimprese
376;Consumi di energia elettrica delle imprese dell'industria;2023;recent;movimprese;;proxy;1.0;needs_review;Fonte candidata. Servono verifica di definizione, unita, popolazione, sesso totale e copertura prima di integrare.;parser o compatibilita da verificare;https://www.infocamere.it/movimprese
377;Consumi di energia elettrica delle imprese private del terziario (esclusa la PA);2023;recent;movimprese;;proxy;1.0;needs_review;Fonte candidata. Servono verifica di definizione, unita, popolazione, sesso totale e copertura prima di integrare.;parser o compatibilita da verificare;https://www.infocamere.it/movimprese
65;Grado di diffusione del personal computer nelle imprese con più di dieci addetti;2019;stale;movimprese;;proxy;1.0;needs_review;Fonte candidata. Servono verifica di definizione, unita, popolazione, sesso totale e copertura prima di integrare.;parser o compatibilita da verificare;https://www.infocamere.it/movimprese
597;Grado di integrazione verticale delle imprese nei settori culturali e creativi;2023;recent;movimprese;;proxy;1.0;needs_review;Fonte candidata. Servono verifica di definizione, unita, popolazione, sesso totale e copertura prima di integrare.;parser o compatibilita da verificare;https://www.infocamere.it/movimprese
72;Grado di utilizzo di Internet nelle imprese;2024;recent;movimprese;;proxy;1.0;needs_review;Fonte candidata. Servono verifica di definizione, unita, popolazione, sesso totale e copertura prima di integrare.;parser o compatibilita da verificare;https://www.infocamere.it/movimprese
161;Impieghi bancari delle imprese non finanziarie sul PIL;2021;dated;movimprese;;proxy;1.0;needs_review;Fonte candidata. Servono verifica di definizione, unita, popolazione, sesso totale e copertura prima di integrare.;parser o compatibilita da verificare;https://www.infocamere.it/movimprese
417;Imprese che hanno svolto attività di R&S in collaborazione con soggetti esterni;2022;dated;movimprese;;proxy;0.9885;needs_review;Fonte candidata. Servono verifica di definizione, unita, popolazione, sesso totale e copertura prima di integrare.;parser o compatibilita da verificare;https://www.infocamere.it/movimprese
432;Imprese che hanno svolto attività di R&S utilizzando infrastrutture di ricerca e altri servizi alla R&S da soggetti pubblici o privati;2022;dated;movimprese;;proxy;1.0;needs_review;Fonte candidata. Servono verifica di definizione, unita, popolazione, sesso totale e copertura prima di integrare.;parser o compatibilita da verificare;https://www.infocamere.it/movimprese
400;Imprese e istituzioni non profit che svolgono attività a contenuto sociale;2015;stale;movimprese;;proxy;1.0;needs_review;Fonte candidata. Servono verifica di definizione, unita, popolazione, sesso totale e copertura prima di integrare.;parser o compatibilita da verificare;https://www.infocamere.it/movimprese
93;Incidenza della spesa delle imprese in R&S;2022;dated;movimprese;;proxy;0.9857;needs_review;Fonte candidata. Servono verifica di definizione, unita, popolazione, sesso totale e copertura prima di integrare.;parser o compatibilita da verificare;https://www.infocamere.it/movimprese
598;Incidenza di dipendenti di genere femminile delle imprese nei settori culturali e creativi;2023;recent;movimprese;;proxy;1.0;needs_review;Fonte candidata. Servono verifica di definizione, unita, popolazione, sesso totale e copertura prima di integrare.;parser o compatibilita da verificare;https://www.infocamere.it/movimprese
599;Incidenza di dipendenti in età giovanile delle imprese nei settori culturali e creativi;2023;recent;movimprese;;proxy;1.0;needs_review;Fonte candidata. Servono verifica di definizione, unita, popolazione, sesso totale e copertura prima di integrare.;parser o compatibilita da verificare;https://www.infocamere.it/movimprese
70;Indice di diffusione dei siti web delle imprese;2023;recent;movimprese;;proxy;1.0;needs_review;Fonte candidata. Servono verifica di definizione, unita, popolazione, sesso totale e copertura prima di integrare.;parser o compatibilita da verificare;https://www.infocamere.it/movimprese
71;Indice di diffusione della banda larga nelle imprese;2021;dated;movimprese;;proxy;1.0;needs_review;Fonte candidata. Servono verifica di definizione, unita, popolazione, sesso totale e copertura prima di integrare.;parser o compatibilita da verificare;https://www.infocamere.it/movimprese
133;Produttività del lavoro nei servizi alle imprese;2023;recent;movimprese;;proxy;1.0;needs_review;Fonte candidata. Servono verifica di definizione, unita, popolazione, sesso totale e copertura prima di integrare.;parser o compatibilita da verificare;https://www.infocamere.it/movimprese
594;Quota degli addetti delle imprese nei settori culturali e creativi sul totale;2023;recent;movimprese;;proxy;1.0;needs_review;Fonte candidata. Servono verifica di definizione, unita, popolazione, sesso totale e copertura prima di integrare.;parser o compatibilita da verificare;https://www.infocamere.it/movimprese
523;Quota degli addetti nei settori ad alta intensità di conoscenza nelle imprese dell'industria e dei servizi;2020;dated;movimprese;;proxy;1.0;needs_review;Fonte candidata. Servono verifica di definizione, unita, popolazione, sesso totale e copertura prima di integrare.;parser o compatibilita da verificare;https://www.infocamere.it/movimprese
413;Quota valore fidi globali fra 30.000 e 500.000 euro utilizzati dalle imprese;2021;dated;movimprese;;proxy;1.0;needs_review;Fonte candidata. Servono verifica di definizione, unita, popolazione, sesso totale e copertura prima di integrare.;parser o compatibilita da verificare;https://www.infocamere.it/movimprese
416;Ricercatori occupati nelle imprese sul totale degli addetti (totale);2021;dated;movimprese;;proxy;1.0;needs_review;Fonte candidata. Servono verifica di definizione, unita, popolazione, sesso totale e copertura prima di integrare.;parser o compatibilita da verificare;https://www.infocamere.it/movimprese
150;Spesa media regionale per innovazione delle imprese;2020;dated;movimprese;;proxy;0.9857;needs_review;Fonte candidata. Servono verifica di definizione, unita, popolazione, sesso totale e copertura prima di integrare.;parser o compatibilita da verificare;https://www.infocamere.it/movimprese
250;Tasso di crescita dell'agricoltura;2024;recent;movimprese;;proxy;1.0;needs_review;Fonte candidata. Servono verifica di definizione, unita, popolazione, sesso totale e copertura prima di integrare.;parser o compatibilita da verificare;https://www.infocamere.it/movimprese
241;Tasso di iscrizione lordo nel registro delle imprese;2023;recent;movimprese;;proxy;1.0;needs_review;Fonte candidata. Servono verifica di definizione, unita, popolazione, sesso totale e copertura prima di integrare.;parser o compatibilita da verificare;https://www.infocamere.it/movimprese
242;Tasso di iscrizione netto nel registro delle imprese;2023;recent;movimprese;;proxy;1.0;needs_review;Fonte candidata. Servono verifica di definizione, unita, popolazione, sesso totale e copertura prima di integrare.;parser o compatibilita da verificare;https://www.infocamere.it/movimprese
54;Tasso di natalità delle imprese;2023;recent;movimprese;;proxy;1.0;needs_review;Fonte candidata. Servono verifica di definizione, unita, popolazione, sesso totale e copertura prima di integrare.;parser o compatibilita da verificare;https://www.infocamere.it/movimprese
396;Tasso di natalità delle imprese nei settori ad alta intensità di conoscenza;2023;recent;movimprese;;proxy;1.0;needs_review;Fonte candidata. Servono verifica di definizione, unita, popolazione, sesso totale e copertura prima di integrare.;parser o compatibilita da verificare;https://www.infocamere.it/movimprese
397;Tasso di sopravvivenza a tre anni delle imprese nei settori ad alta intensità di conoscenza;2023;recent;movimprese;;proxy;1.0;needs_review;Fonte candidata. Servono verifica di definizione, unita, popolazione, sesso totale e copertura prima di integrare.;parser o compatibilita da verificare;https://www.infocamere.it/movimprese
157;Tasso netto di turnover delle imprese;2023;recent;movimprese;;proxy;1.0;needs_review;Fonte candidata. Servono verifica di definizione, unita, popolazione, sesso totale e copertura prima di integrare.;parser o compatibilita da verificare;https://www.infocamere.it/movimprese
434;Utilizzo dell'e-government da parte delle imprese;2023;recent;movimprese;;proxy;1.0;needs_review;Fonte candidata. Servono verifica di definizione, unita, popolazione, sesso totale e copertura prima di integrare.;parser o compatibilita da verificare;https://www.infocamere.it/movimprese
379;Consumi di energia elettrica coperti con produzione da bioenergie;2024;recent;terna;;proxy;1.0;needs_review;Fonte candidata. Servono verifica di definizione, unita, popolazione, sesso totale e copertura prima di integrare.;parser o compatibilita da verificare;https://www.terna.it/it/sistema-elettrico/statistiche
86;Consumi di energia elettrica coperti da fonti rinnovabili (escluso idro);2024;recent;terna;;proxy;1.0;needs_review;Fonte candidata. Servono verifica di definizione, unita, popolazione, sesso totale e copertura prima di integrare.;parser o compatibilita da verificare;https://www.terna.it/it/sistema-elettrico/statistiche
85;Consumi di energia elettrica coperti da fonti rinnovabili (incluso idro);2024;recent;terna;;proxy;1.0;needs_review;Fonte candidata. Servono verifica di definizione, unita, popolazione, sesso totale e copertura prima di integrare.;parser o compatibilita da verificare;https://www.terna.it/it/sistema-elettrico/statistiche
373;Consumi di energia elettrica della PA per ULA;2023;recent;terna;;proxy;1.0;needs_review;Fonte candidata. Servono verifica di definizione, unita, popolazione, sesso totale e copertura prima di integrare.;parser o compatibilita da verificare;https://www.terna.it/it/sistema-elettrico/statistiche
374;Consumi di energia elettrica per illuminazione pubblica per superficie dei centri abitati;2024;recent;terna;;proxy;1.0;needs_review;Fonte candidata. Servono verifica di definizione, unita, popolazione, sesso totale e copertura prima di integrare.;parser o compatibilita da verificare;https://www.terna.it/it/sistema-elettrico/statistiche
80;Energia prodotta da fonti rinnovabili;2012;stale;terna;;proxy;1.0;needs_review;Fonte candidata. Servono verifica di definizione, unita, popolazione, sesso totale e copertura prima di integrare.;parser o compatibilita da verificare;https://www.terna.it/it/sistema-elettrico/statistiche
81;Potenza efficiente lorda delle fonti rinnovabili;2024;recent;terna;;proxy;1.0;needs_review;Fonte candidata. Servono verifica di definizione, unita, popolazione, sesso totale e copertura prima di integrare.;parser o compatibilita da verificare;https://www.terna.it/it/sistema-elettrico/statistiche
251;Addetti alla R&S;2022;dated;;;different;0.9667;unavailable;Nessuna fonte prioritaria 2025 mappata automaticamente sul nome indicatore.;parser o compatibilita da verificare;
198;Adulti che partecipano all'apprendimento permanente (femmine);2024;recent;;;different;1.0;unavailable;Nessuna fonte prioritaria 2025 mappata automaticamente sul nome indicatore.;parser o compatibilita da verificare;
197;Adulti che partecipano all'apprendimento permanente (maschi);2024;recent;;;different;1.0;unavailable;Nessuna fonte prioritaria 2025 mappata automaticamente sul nome indicatore.;parser o compatibilita da verificare;
99;Adulti che partecipano all'apprendimento permanente (totale);2024;recent;;;different;1.0;unavailable;Nessuna fonte prioritaria 2025 mappata automaticamente sul nome indicatore.;parser o compatibilita da verificare;
630;Alunni con disabilità (totale);2022;dated;;;different;1.0;unavailable;Nessuna fonte prioritaria 2025 mappata automaticamente sul nome indicatore.;parser o compatibilita da verificare;
627;Alunni con disabilità motoria;2022;dated;;;different;1.0;unavailable;Nessuna fonte prioritaria 2025 mappata automaticamente sul nome indicatore.;parser o compatibilita da verificare;
628;Alunni con disabilità uditiva;2022;dated;;;different;1.0;unavailable;Nessuna fonte prioritaria 2025 mappata automaticamente sul nome indicatore.;parser o compatibilita da verificare;
629;Alunni con disabilità visiva;2022;dated;;;different;0.9969;unavailable;Nessuna fonte prioritaria 2025 mappata automaticamente sul nome indicatore.;parser o compatibilita da verificare;
415;Anziani trattati in assistenza domiciliare socio-assistenziale;2022;dated;;;different;1.0;unavailable;Nessuna fonte prioritaria 2025 mappata automaticamente sul nome indicatore.;parser o compatibilita da verificare;
264;Aree terrestri protette;2010;stale;;;different;0.4;unavailable;Nessuna fonte prioritaria 2025 mappata automaticamente sul nome indicatore.;parser o compatibilita da verificare;
461;Beni confiscati e trasferiti al patrimonio dello stato o degli enti territoriali;2015;stale;;;different;0.55;unavailable;Nessuna fonte prioritaria 2025 mappata automaticamente sul nome indicatore.;parser o compatibilita da verificare;
267;Capacità di esportare;2022;dated;;;different;1.0;unavailable;Nessuna fonte prioritaria 2025 mappata automaticamente sul nome indicatore.;parser o compatibilita da verificare;
168;Capacità di esportare in settori a domanda mondiale dinamica;2022;dated;;;different;1.0;unavailable;Nessuna fonte prioritaria 2025 mappata automaticamente sul nome indicatore.;parser o compatibilita da verificare;
94;Capacità di finanziamento;2018;stale;;;different;1.0;unavailable;Nessuna fonte prioritaria 2025 mappata automaticamente sul nome indicatore.;parser o compatibilita da verificare;
116;Capacità di sviluppo dei servizi sociali;2018;stale;;;different;0.9583;unavailable;Nessuna fonte prioritaria 2025 mappata automaticamente sul nome indicatore.;parser o compatibilita da verificare;
425;Cittadini che utilizzano il Fascicolo Sanitario Elettronico;2015;stale;;;different;1.0;unavailable;Nessuna fonte prioritaria 2025 mappata automaticamente sul nome indicatore.;parser o compatibilita da verificare;
403;Cohesion Open Government Index su trasparenza, partecipazione e collaborazione nelle politiche di coesione;2013;stale;;;different;0.95;unavailable;Nessuna fonte prioritaria 2025 mappata automaticamente sul nome indicatore.;parser o compatibilita da verificare;
619;Comprensione all'ascolto (listening) della lingua inglese non adeguata (studenti classi III scuola secondaria primo grado);2025;current;;;different;0.8313;unavailable;Nessuna fonte prioritaria 2025 mappata automaticamente sul nome indicatore.;parser o compatibilita da verificare;
625;Comprensione all'ascolto (listening) della lingua inglese non adeguata (studenti classi V scuola secondaria secondo grado);2025;current;;;different;0.8143;unavailable;Nessuna fonte prioritaria 2025 mappata automaticamente sul nome indicatore.;parser o compatibilita da verificare;
620;Comprensione della lettura (reading) della lingua inglese non adeguata (studenti classi III scuola secondaria primo grado);2025;current;;;different;0.8313;unavailable;Nessuna fonte prioritaria 2025 mappata automaticamente sul nome indicatore.;parser o compatibilita da verificare;
626;Comprensione della lettura (reading) della lingua inglese non adeguata (studenti classi V scuola secondaria secondo grado);2025;current;;;different;0.8143;unavailable;Nessuna fonte prioritaria 2025 mappata automaticamente sul nome indicatore.;parser o compatibilita da verificare;
424;Comuni con servizi pienamente interattivi;2022;dated;;;different;0.9875;unavailable;Nessuna fonte prioritaria 2025 mappata automaticamente sul nome indicatore.;parser o compatibilita da verificare;
395;Comuni nei quali non è applicabile l'indicatore di resilienza ai terremoti per assenza di dati;2016;stale;;;different;0.1;unavailable;Nessuna fonte prioritaria 2025 mappata automaticamente sul nome indicatore.;parser o compatibilita da verificare;
466;Condizione occupazionale dei laureati dopo 1-3 anni dal conseguimento del titolo;2024;recent;;;different;0.9929;unavailable;Nessuna fonte prioritaria 2025 mappata automaticamente sul nome indicatore.;parser o compatibilita da verificare;
378;Consumi di energia coperti da cogenerazione;2024;recent;;;different;1.0;unavailable;Nessuna fonte prioritaria 2025 mappata automaticamente sul nome indicatore.;parser o compatibilita da verificare;
437;Consumi finali di energia per Unità di lavoro;2022;dated;;;different;1.0;unavailable;Nessuna fonte prioritaria 2025 mappata automaticamente sul nome indicatore.;parser o compatibilita da verificare;
386;Corpi idrici in buono stato chimico di qualità;2016;stale;;;different;0.95;unavailable;Nessuna fonte prioritaria 2025 mappata automaticamente sul nome indicatore.;parser o compatibilita da verificare;
544;Corpi idrici in buono stato quantitativo di qualità;2016;stale;;;different;0.95;unavailable;Nessuna fonte prioritaria 2025 mappata automaticamente sul nome indicatore.;parser o compatibilita da verificare;
390;Costa non definita;2019;stale;;;different;0.65;unavailable;Nessuna fonte prioritaria 2025 mappata automaticamente sul nome indicatore.;parser o compatibilita da verificare;
539;Coste marine balneabili;2019;stale;;;different;0.75;unavailable;Nessuna fonte prioritaria 2025 mappata automaticamente sul nome indicatore.;parser o compatibilita da verificare;
531;Densità popolazione a rischio frane;2015;stale;;;different;1.0;unavailable;Nessuna fonte prioritaria 2025 mappata automaticamente sul nome indicatore.;parser o compatibilita da verificare;
61;Differenza tra tasso di attività maschile e femminile;2025;current;;;different;1.0;unavailable;Nessuna fonte prioritaria 2025 mappata automaticamente sul nome indicatore.;parser o compatibilita da verificare;
127;Difficoltà delle famiglie nel raggiungere i supermercati;2024;recent;;;different;0.9667;unavailable;Nessuna fonte prioritaria 2025 mappata automaticamente sul nome indicatore.;parser o compatibilita da verificare;
126;Difficoltà delle famiglie nel raggiungere negozi alimentari e/o mercati;2024;recent;;;different;0.9667;unavailable;Nessuna fonte prioritaria 2025 mappata automaticamente sul nome indicatore.;parser o compatibilita da verificare;
142;Diffusione dei servizi per l'infanzia;2023;recent;;;different;1.0;unavailable;Nessuna fonte prioritaria 2025 mappata automaticamente sul nome indicatore.;parser o compatibilita da verificare;
125;Diffusione della pratica sportiva;2025;current;;;different;0.9355;unavailable;Nessuna fonte prioritaria 2025 mappata automaticamente sul nome indicatore.;parser o compatibilita da verificare;
206;Diffusione della pratica sportiva (femmine);2025;current;;;different;0.9355;unavailable;Nessuna fonte prioritaria 2025 mappata automaticamente sul nome indicatore.;parser o compatibilita da verificare;
205;Diffusione della pratica sportiva (maschi);2025;current;;;different;0.9355;unavailable;Nessuna fonte prioritaria 2025 mappata automaticamente sul nome indicatore.;parser o compatibilita da verificare;
635;Dimissioni ospedaliere di pazienti affetti da disturbi psichici per centomila abitanti;2022;dated;;;different;1.0;unavailable;Nessuna fonte prioritaria 2025 mappata automaticamente sul nome indicatore.;parser o compatibilita da verificare;
388;Dinamica dei litorali in avanzamento;2019;stale;;;different;0.75;unavailable;Nessuna fonte prioritaria 2025 mappata automaticamente sul nome indicatore.;parser o compatibilita da verificare;
387;Dinamica dei litorali in erosione;2019;stale;;;different;0.75;unavailable;Nessuna fonte prioritaria 2025 mappata automaticamente sul nome indicatore.;parser o compatibilita da verificare;
389;Dinamica dei litorali stabili;2019;stale;;;different;0.75;unavailable;Nessuna fonte prioritaria 2025 mappata automaticamente sul nome indicatore.;parser o compatibilita da verificare;
430;Dipendenti di amministrazioni locali che hanno seguito corsi di formazione ICT;2022;dated;;;different;0.97;unavailable;Nessuna fonte prioritaria 2025 mappata automaticamente sul nome indicatore.;parser o compatibilita da verificare;
385;Dispersione della rete di distribuzione;2018;stale;;;different;1.0;unavailable;Nessuna fonte prioritaria 2025 mappata automaticamente sul nome indicatore.;parser o compatibilita da verificare;
411;Disponibilità di nuove tecnologie per fini didattici;2014;stale;;;different;1.0;unavailable;Nessuna fonte prioritaria 2025 mappata automaticamente sul nome indicatore.;parser o compatibilita da verificare;
8;Disponibilità di risorse idropotabili;2012;stale;;;different;1.0;unavailable;Nessuna fonte prioritaria 2025 mappata automaticamente sul nome indicatore.;parser o compatibilita da verificare;
592;Disponibilità di verde urbano;2020;dated;;;different;1.0;unavailable;Nessuna fonte prioritaria 2025 mappata automaticamente sul nome indicatore.;parser o compatibilita da verificare;
427;Disponibilità di wi-fi pubblico nei Comuni;2022;dated;;;different;0.9875;unavailable;Nessuna fonte prioritaria 2025 mappata automaticamente sul nome indicatore.;parser o compatibilita da verificare;
611;Domanda di spettacolo cinematografico;2024;recent;;;different;1.0;unavailable;Nessuna fonte prioritaria 2025 mappata automaticamente sul nome indicatore.;parser o compatibilita da verificare;
612;Domanda di spettacolo sportivo;2023;recent;;;different;1.0;unavailable;Nessuna fonte prioritaria 2025 mappata automaticamente sul nome indicatore.;parser o compatibilita da verificare;
27;Domanda di spettacolo teatrale e musicale;2024;recent;;;different;1.0;unavailable;Nessuna fonte prioritaria 2025 mappata automaticamente sul nome indicatore.;parser o compatibilita da verificare;
613;Domanda di spettacolo, intrattenimento e sport nei comuni situati in area interna;2023;recent;;;different;1.0;unavailable;Nessuna fonte prioritaria 2025 mappata automaticamente sul nome indicatore.;parser o compatibilita da verificare;
610;Domanda di spettacolo, intrattenimento e sport per abitante;2023;recent;;;different;1.0;unavailable;Nessuna fonte prioritaria 2025 mappata automaticamente sul nome indicatore.;parser o compatibilita da verificare;
139;Dotazione di parcheggi di corrispondenza;2015;stale;;;different;0.975;unavailable;Nessuna fonte prioritaria 2025 mappata automaticamente sul nome indicatore.;parser o compatibilita da verificare;
542;Durata media effettiva in giorni dei procedimenti definiti presso i tribunali ordinari;2024;recent;;;different;1.0;unavailable;Nessuna fonte prioritaria 2025 mappata automaticamente sul nome indicatore.;parser o compatibilita da verificare;
9;Efficienza nella distribuzione dell'acqua per il consumo umano;2018;stale;;;different;1.0;unavailable;Nessuna fonte prioritaria 2025 mappata automaticamente sul nome indicatore.;parser o compatibilita da verificare;
33;Elementi fertilizzanti usati in agricoltura;2024;recent;;;different;1.0;unavailable;Nessuna fonte prioritaria 2025 mappata automaticamente sul nome indicatore.;parser o compatibilita da verificare;
590;Emigrazione ospedaliera in altra regione;2023;recent;;;different;1.0;unavailable;Nessuna fonte prioritaria 2025 mappata automaticamente sul nome indicatore.;parser o compatibilita da verificare;
383;Emissioni di gas a effetto serra da trasporti stradali (Teq. CO2);2019;stale;;;different;1.0;unavailable;Nessuna fonte prioritaria 2025 mappata automaticamente sul nome indicatore.;parser o compatibilita da verificare;
382;Emissioni di gas a effetto serra del settore energetico;2019;stale;;;different;1.0;unavailable;Nessuna fonte prioritaria 2025 mappata automaticamente sul nome indicatore.;parser o compatibilita da verificare;
381;Emissioni di gas a effetto serra in agricoltura;2019;stale;;;different;1.0;unavailable;Nessuna fonte prioritaria 2025 mappata automaticamente sul nome indicatore.;parser o compatibilita da verificare;
511;Emissioni di gas serra;2019;stale;;;different;1.0;unavailable;Nessuna fonte prioritaria 2025 mappata automaticamente sul nome indicatore.;parser o compatibilita da verificare;
384;Gestione dei siti contaminati;2020;dated;;;different;0.9833;unavailable;Nessuna fonte prioritaria 2025 mappata automaticamente sul nome indicatore.;parser o compatibilita da verificare;
404;Giacenza media dei procedimenti civili;2012;stale;;;different;1.0;unavailable;Nessuna fonte prioritaria 2025 mappata automaticamente sul nome indicatore.;parser o compatibilita da verificare;
200;Giovani che abbandonano prematuramente i percorsi di istruzione e formazione professionale (femmine);2024;recent;;;different;1.0;unavailable;Nessuna fonte prioritaria 2025 mappata automaticamente sul nome indicatore.;parser o compatibilita da verificare;
199;Giovani che abbandonano prematuramente i percorsi di istruzione e formazione professionale (maschi);2024;recent;;;different;1.0;unavailable;Nessuna fonte prioritaria 2025 mappata automaticamente sul nome indicatore.;parser o compatibilita da verificare;
102;Giovani che abbandonano prematuramente i percorsi di istruzione e formazione professionale (totale);2024;recent;;;different;1.0;unavailable;Nessuna fonte prioritaria 2025 mappata automaticamente sul nome indicatore.;parser o compatibilita da verificare;
35;Grado di apertura commerciale del comparto agro-alimentare;2022;dated;;;different;1.0;unavailable;Nessuna fonte prioritaria 2025 mappata automaticamente sul nome indicatore.;parser o compatibilita da verificare;
431;Grado di apertura commerciale del comparto manifatturiero;2019;stale;;;different;1.0;unavailable;Nessuna fonte prioritaria 2025 mappata automaticamente sul nome indicatore.;parser o compatibilita da verificare;
97;Grado di apertura dei mercati: importazioni;2022;dated;;;different;1.0;unavailable;Nessuna fonte prioritaria 2025 mappata automaticamente sul nome indicatore.;parser o compatibilita da verificare;
100;Grado di dipendenza economica;2021;dated;;;different;1.0;unavailable;Nessuna fonte prioritaria 2025 mappata automaticamente sul nome indicatore.;parser o compatibilita da verificare;
231;Grado di insoddisfazione dell'utenza per l'erogazione di gas;2025;current;;;different;0.9536;unavailable;Nessuna fonte prioritaria 2025 mappata automaticamente sul nome indicatore.;parser o compatibilita da verificare;
428;Grado di partecipazione dei cittadini attraverso il web a attività politiche e sociali;2022;dated;;;different;1.0;unavailable;Nessuna fonte prioritaria 2025 mappata automaticamente sul nome indicatore.;parser o compatibilita da verificare;
24;Grado di promozione dell'offerta culturale dei musei e degli istituti similari statali;2024;recent;;;different;0.8917;unavailable;Nessuna fonte prioritaria 2025 mappata automaticamente sul nome indicatore.;parser o compatibilita da verificare;
259;Grado di promozione dell'offerta culturale dei musei e istituti similari non statali;2022;dated;;;different;0.4706;unavailable;Nessuna fonte prioritaria 2025 mappata automaticamente sul nome indicatore.;parser o compatibilita da verificare;
210;Grado di soddisfazione del servizio di trasporto ferroviario a livello regionale (Femmine);2025;current;;;different;0.9677;unavailable;Nessuna fonte prioritaria 2025 mappata automaticamente sul nome indicatore.;parser o compatibilita da verificare;
209;Grado di soddisfazione del servizio di trasporto ferroviario a livello regionale (Maschi);2025;current;;;different;0.9677;unavailable;Nessuna fonte prioritaria 2025 mappata automaticamente sul nome indicatore.;parser o compatibilita da verificare;
172;Grado di soddisfazione del servizio di trasporto ferroviario a livello regionale (Totale);2025;current;;;different;0.9677;unavailable;Nessuna fonte prioritaria 2025 mappata automaticamente sul nome indicatore.;parser o compatibilita da verificare;
469;Grado di utilizzo dell'e-procurement nella PA;2022;dated;;;different;0.9833;unavailable;Nessuna fonte prioritaria 2025 mappata automaticamente sul nome indicatore.;parser o compatibilita da verificare;
122;Importanza economica del settore della pesca;2023;recent;;;different;1.0;unavailable;Nessuna fonte prioritaria 2025 mappata automaticamente sul nome indicatore.;parser o compatibilita da verificare;
402;Imprenditorialità femminile;2023;recent;;;different;1.0;unavailable;Nessuna fonte prioritaria 2025 mappata automaticamente sul nome indicatore.;parser o compatibilita da verificare;
401;Imprenditorialità giovanile (totale);2023;recent;;;different;1.0;unavailable;Nessuna fonte prioritaria 2025 mappata automaticamente sul nome indicatore.;parser o compatibilita da verificare;
32;Incidenza dei biglietti venduti nei circuiti museali;2024;recent;;;different;0.5404;unavailable;Nessuna fonte prioritaria 2025 mappata automaticamente sul nome indicatore.;parser o compatibilita da verificare;
409;Incidenza dei diplomati nei percorsi di istruzione tecnica e professionale sul totale dei diplomati;2021;dated;;;different;1.0;unavailable;Nessuna fonte prioritaria 2025 mappata automaticamente sul nome indicatore.;parser o compatibilita da verificare;
145;Incidenza del costo dell'ADI sul totale della spesa sanitaria;2012;stale;;;different;1.0;unavailable;Nessuna fonte prioritaria 2025 mappata automaticamente sul nome indicatore.;parser o compatibilita da verificare;
595;Incidenza del valore aggiunto dei settori culturali e creativi sul totale;2023;recent;;;different;1.0;unavailable;Nessuna fonte prioritaria 2025 mappata automaticamente sul nome indicatore.;parser o compatibilita da verificare;
158;Incidenza della certificazione ambientale;2025;current;;;different;1.0;unavailable;Nessuna fonte prioritaria 2025 mappata automaticamente sul nome indicatore.;parser o compatibilita da verificare;
615;Incidenza della popolazione residente in comuni senza alcuna offerta culturale;2022;dated;;;different;0.975;unavailable;Nessuna fonte prioritaria 2025 mappata automaticamente sul nome indicatore.;parser o compatibilita da verificare;
614;Incidenza della popolazione residente in comuni senza offerta di spettacolo, intrattenimento e sport;2023;recent;;;different;1.0;unavailable;Nessuna fonte prioritaria 2025 mappata automaticamente sul nome indicatore.;parser o compatibilita da verificare;
418;Incidenza della spesa per R&S del settore privato sul PIL;2022;dated;;;different;0.9548;unavailable;Nessuna fonte prioritaria 2025 mappata automaticamente sul nome indicatore.;parser o compatibilita da verificare;
28;Incidenza della spesa per ricreazione e cultura;2021;dated;;;different;1.0;unavailable;Nessuna fonte prioritaria 2025 mappata automaticamente sul nome indicatore.;parser o compatibilita da verificare;
92;Incidenza della spesa pubblica per R&S sul PIL;2022;dated;;;different;0.9643;unavailable;Nessuna fonte prioritaria 2025 mappata automaticamente sul nome indicatore.;parser o compatibilita da verificare;
114;Incidenza della spesa totale per R&S sul PIL;2022;dated;;;different;0.9911;unavailable;Nessuna fonte prioritaria 2025 mappata automaticamente sul nome indicatore.;parser o compatibilita da verificare;
283;Incidenza di associazione mafiosa;2023;recent;;;different;0.675;unavailable;Nessuna fonte prioritaria 2025 mappata automaticamente sul nome indicatore.;parser o compatibilita da verificare;
44;Indice del traffico aereo;2023;recent;;;different;0.8586;unavailable;Nessuna fonte prioritaria 2025 mappata automaticamente sul nome indicatore.;parser o compatibilita da verificare;
119;Indice del traffico delle merci in navigazione di cabotaggio;2023;recent;;;different;0.7;unavailable;Nessuna fonte prioritaria 2025 mappata automaticamente sul nome indicatore.;parser o compatibilita da verificare;
118;Indice del traffico merci su strada;2023;recent;;;different;1.0;unavailable;Nessuna fonte prioritaria 2025 mappata automaticamente sul nome indicatore.;parser o compatibilita da verificare;
930;Indice di Gini del reddito;2024;recent;;;different;1.0;unavailable;Nessuna fonte prioritaria 2025 mappata automaticamente sul nome indicatore.;parser o compatibilita da verificare;
445;Indice di accessibilità verso i nodi urbani e logistici;2013;stale;;;different;1.0;unavailable;Nessuna fonte prioritaria 2025 mappata automaticamente sul nome indicatore.;parser o compatibilita da verificare;
244;Indice di attrattività delle università;2020;dated;;;different;0.9886;unavailable;Nessuna fonte prioritaria 2025 mappata automaticamente sul nome indicatore.;parser o compatibilita da verificare;
30;Indice di domanda culturale (circuiti museali);2020;dated;;;different;0.5318;unavailable;Nessuna fonte prioritaria 2025 mappata automaticamente sul nome indicatore.;parser o compatibilita da verificare;
257;Indice di domanda culturale dei musei e istituti similari non statali (media per istituto);2022;dated;;;different;0.5294;unavailable;Nessuna fonte prioritaria 2025 mappata automaticamente sul nome indicatore.;parser o compatibilita da verificare;
258;Indice di domanda culturale dei musei e istituti similari non statali (per Kmq);2022;dated;;;different;0.5294;unavailable;Nessuna fonte prioritaria 2025 mappata automaticamente sul nome indicatore.;parser o compatibilita da verificare;
18;Indice di domanda culturale dei musei e istituti similari statali;2024;recent;;;different;0.9083;unavailable;Nessuna fonte prioritaria 2025 mappata automaticamente sul nome indicatore.;parser o compatibilita da verificare;
23;Indice di domanda culturale dei musei e istituti similari statali (per Kmq);2024;recent;;;different;0.9083;unavailable;Nessuna fonte prioritaria 2025 mappata automaticamente sul nome indicatore.;parser o compatibilita da verificare;
372;Indice di domanda culturale dei musei e istituti similari statali e non statali;2022;dated;;;different;0.6667;unavailable;Nessuna fonte prioritaria 2025 mappata automaticamente sul nome indicatore.;parser o compatibilita da verificare;
134;Indice di microcriminalità nelle città (1);2023;recent;;;different;0.8571;unavailable;Nessuna fonte prioritaria 2025 mappata automaticamente sul nome indicatore.;parser o compatibilita da verificare;
135;Indice di microcriminalità nelle città (2);2023;recent;;;different;0.8621;unavailable;Nessuna fonte prioritaria 2025 mappata automaticamente sul nome indicatore.;parser o compatibilita da verificare;
633;Indice di povertà relativa regionale familiare (famiglie);2024;recent;;;different;0.9682;unavailable;Nessuna fonte prioritaria 2025 mappata automaticamente sul nome indicatore.;parser o compatibilita da verificare;
631;Indice di povertà relativa regionale individuale (popolazione);2024;recent;;;different;1.0;unavailable;Nessuna fonte prioritaria 2025 mappata automaticamente sul nome indicatore.;parser o compatibilita da verificare;
46;Indice di utilizzazione del trasporto ferroviario (1);2025;current;;;different;0.9677;unavailable;Nessuna fonte prioritaria 2025 mappata automaticamente sul nome indicatore.;parser o compatibilita da verificare;
212;Indice di utilizzazione del trasporto ferroviario (1) (femmine);2024;recent;;;different;0.9667;unavailable;Nessuna fonte prioritaria 2025 mappata automaticamente sul nome indicatore.;parser o compatibilita da verificare;
211;Indice di utilizzazione del trasporto ferroviario (1) (maschi);2024;recent;;;different;0.9667;unavailable;Nessuna fonte prioritaria 2025 mappata automaticamente sul nome indicatore.;parser o compatibilita da verificare;
47;Indice di utilizzazione del trasporto ferroviario (2);2025;current;;;different;1.0;unavailable;Nessuna fonte prioritaria 2025 mappata automaticamente sul nome indicatore.;parser o compatibilita da verificare;
170;Indice traffico merci su ferrovia;2010;stale;;;different;0.8125;unavailable;Nessuna fonte prioritaria 2025 mappata automaticamente sul nome indicatore.;parser o compatibilita da verificare;
103;Inquinamento causato dai mezzi di trasporto;2019;stale;;;different;0.8667;unavailable;Nessuna fonte prioritaria 2025 mappata automaticamente sul nome indicatore.;parser o compatibilita da verificare;
152;Intensità brevettuale;2012;stale;;;different;0.9972;unavailable;Nessuna fonte prioritaria 2025 mappata automaticamente sul nome indicatore.;parser o compatibilita da verificare;
167;Intensità di accumulazione del capitale;2023;recent;;;different;1.0;unavailable;Nessuna fonte prioritaria 2025 mappata automaticamente sul nome indicatore.;parser o compatibilita da verificare;
60;Interruzioni del servizio elettrico;2023;recent;;;different;1.0;unavailable;Nessuna fonte prioritaria 2025 mappata automaticamente sul nome indicatore.;parser o compatibilita da verificare;
159;Investimenti diretti della regione all'estero;2011;stale;;;different;1.0;unavailable;Nessuna fonte prioritaria 2025 mappata automaticamente sul nome indicatore.;parser o compatibilita da verificare;
166;Investimenti diretti netti dall'estero in Italia sul Pil;2011;stale;;;different;1.0;unavailable;Nessuna fonte prioritaria 2025 mappata automaticamente sul nome indicatore.;parser o compatibilita da verificare;
164;Investimenti in capitale di rischio - expansion e replacement;2019;stale;;;different;0.9143;unavailable;Nessuna fonte prioritaria 2025 mappata automaticamente sul nome indicatore.;parser o compatibilita da verificare;
471;Investimenti privati sul PIL;2023;recent;;;different;1.0;unavailable;Nessuna fonte prioritaria 2025 mappata automaticamente sul nome indicatore.;parser o compatibilita da verificare;
6;Irregolarità nella distribuzione dell'acqua;2025;current;;;different;0.9677;unavailable;Nessuna fonte prioritaria 2025 mappata automaticamente sul nome indicatore.;parser o compatibilita da verificare;
90;Laureati in scienza e tecnologia;2012;stale;;;different;1.0;unavailable;Nessuna fonte prioritaria 2025 mappata automaticamente sul nome indicatore.;parser o compatibilita da verificare;
196;Laureati in scienza e tecnologia (femmine);2012;stale;;;different;0.98;unavailable;Nessuna fonte prioritaria 2025 mappata automaticamente sul nome indicatore.;parser o compatibilita da verificare;
194;Laureati in scienza e tecnologia (maschi);2012;stale;;;different;1.0;unavailable;Nessuna fonte prioritaria 2025 mappata automaticamente sul nome indicatore.;parser o compatibilita da verificare;
77;Livello di istruzione della popolazione 15-19 anni;2024;recent;;;different;1.0;unavailable;Nessuna fonte prioritaria 2025 mappata automaticamente sul nome indicatore.;parser o compatibilita da verificare;
190;Livello di istruzione della popolazione 15-19 anni (femmine);2024;recent;;;different;1.0;unavailable;Nessuna fonte prioritaria 2025 mappata automaticamente sul nome indicatore.;parser o compatibilita da verificare;
189;Livello di istruzione della popolazione 15-19 anni (maschi);2024;recent;;;different;1.0;unavailable;Nessuna fonte prioritaria 2025 mappata automaticamente sul nome indicatore.;parser o compatibilita da verificare;
104;Livello di istruzione della popolazione adulta;2024;recent;;;different;1.0;unavailable;Nessuna fonte prioritaria 2025 mappata automaticamente sul nome indicatore.;parser o compatibilita da verificare;
276;Lunghezza della rete autostradale;2014;stale;;;different;0.95;unavailable;Nessuna fonte prioritaria 2025 mappata automaticamente sul nome indicatore.;parser o compatibilita da verificare;
273;Lunghezza della rete stradale;2014;stale;;;different;0.8947;unavailable;Nessuna fonte prioritaria 2025 mappata automaticamente sul nome indicatore.;parser o compatibilita da verificare;
519;Merce nel complesso della navigazione per tipo di carico - ALTRO CARICO;2023;recent;;;different;0.6447;unavailable;Nessuna fonte prioritaria 2025 mappata automaticamente sul nome indicatore.;parser o compatibilita da verificare;
515;Merce nel complesso della navigazione per tipo di carico - CONTENITORI;2023;recent;;;different;0.6105;unavailable;Nessuna fonte prioritaria 2025 mappata automaticamente sul nome indicatore.;parser o compatibilita da verificare;
516;Merce nel complesso della navigazione per tipo di carico - RINFUSA LIQUIDA;2023;recent;;;different;0.6421;unavailable;Nessuna fonte prioritaria 2025 mappata automaticamente sul nome indicatore.;parser o compatibilita da verificare;
517;Merce nel complesso della navigazione per tipo di carico - RINFUSA SOLIDA;2023;recent;;;different;0.6447;unavailable;Nessuna fonte prioritaria 2025 mappata automaticamente sul nome indicatore.;parser o compatibilita da verificare;
518;Merce nel complesso della navigazione per tipo di carico - RO-RO;2023;recent;;;different;0.6237;unavailable;Nessuna fonte prioritaria 2025 mappata automaticamente sul nome indicatore.;parser o compatibilita da verificare;
363;Minori a rischio di povertà o esclusione sociale - Europa 2030 (femmine);2024;recent;;;different;0.5;unavailable;Nessuna fonte prioritaria 2025 mappata automaticamente sul nome indicatore.;parser o compatibilita da verificare;
364;Minori a rischio di povertà o esclusione sociale - Europa 2030 (maschi);2024;recent;;;different;0.6125;unavailable;Nessuna fonte prioritaria 2025 mappata automaticamente sul nome indicatore.;parser o compatibilita da verificare;
361;Minori a rischio di povertà o esclusione sociale - Europa 2030 (totale);2024;recent;;;different;0.9;unavailable;Nessuna fonte prioritaria 2025 mappata automaticamente sul nome indicatore.;parser o compatibilita da verificare;
370;Minori in condizione di grave deprivazione materiale e sociale - Europa 2030 (femmine);2024;recent;;;different;0.1375;unavailable;Nessuna fonte prioritaria 2025 mappata automaticamente sul nome indicatore.;parser o compatibilita da verificare;
369;Minori in condizione di grave deprivazione materiale e sociale - Europa 2030 (maschi);2024;recent;;;different;0.1375;unavailable;Nessuna fonte prioritaria 2025 mappata automaticamente sul nome indicatore.;parser o compatibilita da verificare;
368;Minori in condizione di grave deprivazione materiale e sociale - Europa 2030 (totale);2024;recent;;;different;0.2625;unavailable;Nessuna fonte prioritaria 2025 mappata automaticamente sul nome indicatore.;parser o compatibilita da verificare;
265;Monitoraggio della qualità dell'aria;2012;stale;;;different;0.9091;unavailable;Nessuna fonte prioritaria 2025 mappata automaticamente sul nome indicatore.;parser o compatibilita da verificare;
67;Non occupati che partecipano ad attività formative e di istruzione;2024;recent;;;different;1.0;unavailable;Nessuna fonte prioritaria 2025 mappata automaticamente sul nome indicatore.;parser o compatibilita da verificare;
188;Non occupati che partecipano ad attività formative e di istruzione (femmine);2024;recent;;;different;1.0;unavailable;Nessuna fonte prioritaria 2025 mappata automaticamente sul nome indicatore.;parser o compatibilita da verificare;
187;Non occupati che partecipano ad attività formative e di istruzione (maschi);2024;recent;;;different;1.0;unavailable;Nessuna fonte prioritaria 2025 mappata automaticamente sul nome indicatore.;parser o compatibilita da verificare;
63;Occupati che partecipano ad attività formative e di istruzione;2024;recent;;;different;1.0;unavailable;Nessuna fonte prioritaria 2025 mappata automaticamente sul nome indicatore.;parser o compatibilita da verificare;
186;Occupati che partecipano ad attività formative e di istruzione (femmine);2024;recent;;;different;1.0;unavailable;Nessuna fonte prioritaria 2025 mappata automaticamente sul nome indicatore.;parser o compatibilita da verificare;
185;Occupati che partecipano ad attività formative e di istruzione (maschi);2024;recent;;;different;1.0;unavailable;Nessuna fonte prioritaria 2025 mappata automaticamente sul nome indicatore.;parser o compatibilita da verificare;
637;Ospiti adulti con disabilità o patologia psichiatrica dei presidi residenziali socio-assistenziali e socio-sanitari per centomila adulti;2022;dated;;;different;1.0;unavailable;Nessuna fonte prioritaria 2025 mappata automaticamente sul nome indicatore.;parser o compatibilita da verificare;
638;Ospiti anziani non autosufficienti dei presidi residenziali socio-assistenziali e socio-sanitari per centomila anziani;2022;dated;;;different;1.0;unavailable;Nessuna fonte prioritaria 2025 mappata automaticamente sul nome indicatore.;parser o compatibilita da verificare;
640;Ospiti con disabilità o non autosufficienti dei presidi residenziali socio-assistenziali e socio-sanitari per centomila abitanti;2022;dated;;;different;1.0;unavailable;Nessuna fonte prioritaria 2025 mappata automaticamente sul nome indicatore.;parser o compatibilita da verificare;
639;Ospiti minori con disabilità o disturbi mentali dei presidi residenziali socio-assistenziali e socio-sanitari per centomila minori;2022;dated;;;different;1.0;unavailable;Nessuna fonte prioritaria 2025 mappata automaticamente sul nome indicatore.;parser o compatibilita da verificare;
901;PIL pro capite;2024;recent;;;different;1.0;unavailable;Nessuna fonte prioritaria 2025 mappata automaticamente sul nome indicatore.;parser o compatibilita da verificare;
108;Partecipazione della popolazione al mercato del lavoro;2025;current;;;different;1.0;unavailable;Nessuna fonte prioritaria 2025 mappata automaticamente sul nome indicatore.;parser o compatibilita da verificare;
268;Passeggeri trasportati dal TPL nei comuni capoluogo di provincia per abitante;2023;recent;;;different;1.0;unavailable;Nessuna fonte prioritaria 2025 mappata automaticamente sul nome indicatore.;parser o compatibilita da verificare;
441;Percentuale di habitat con stato di conservazione favorevole;2018;stale;;;different;1.0;unavailable;Nessuna fonte prioritaria 2025 mappata automaticamente sul nome indicatore.;parser o compatibilita da verificare;
232;Percentuale di rifiuti urbani smaltiti in discarica;2024;recent;;;different;0.9935;unavailable;Nessuna fonte prioritaria 2025 mappata automaticamente sul nome indicatore.;parser o compatibilita da verificare;
641;Percentuale di scuole con alunni con disabilità nelle quali sono presenti postazioni informatiche adattate;2023;recent;;;different;1.0;unavailable;Nessuna fonte prioritaria 2025 mappata automaticamente sul nome indicatore.;parser o compatibilita da verificare;
651;Percentuale di scuole dotate di mappe a rilievo;2023;recent;;;different;0.9917;unavailable;Nessuna fonte prioritaria 2025 mappata automaticamente sul nome indicatore.;parser o compatibilita da verificare;
649;Percentuale di scuole dotate di percorsi esterni accessibili;2018;stale;;;different;1.0;unavailable;Nessuna fonte prioritaria 2025 mappata automaticamente sul nome indicatore.;parser o compatibilita da verificare;
648;Percentuale di scuole dotate di percorsi interni accessibili;2018;stale;;;different;1.0;unavailable;Nessuna fonte prioritaria 2025 mappata automaticamente sul nome indicatore.;parser o compatibilita da verificare;
647;Percentuale di scuole dotate di porte a norma;2023;recent;;;different;1.0;unavailable;Nessuna fonte prioritaria 2025 mappata automaticamente sul nome indicatore.;parser o compatibilita da verificare;
646;Percentuale di scuole dotate di scale a norma;2023;recent;;;different;1.0;unavailable;Nessuna fonte prioritaria 2025 mappata automaticamente sul nome indicatore.;parser o compatibilita da verificare;
645;Percentuale di scuole dotate di servizi igienici a norma;2023;recent;;;different;1.0;unavailable;Nessuna fonte prioritaria 2025 mappata automaticamente sul nome indicatore.;parser o compatibilita da verificare;
642;Percentuale di scuole dotate di un accesso con rampe;2023;recent;;;different;1.0;unavailable;Nessuna fonte prioritaria 2025 mappata automaticamente sul nome indicatore.;parser o compatibilita da verificare;
643;Percentuale di scuole dotate di un ascensore per il trasporto di persone con disabilità;2023;recent;;;different;1.0;unavailable;Nessuna fonte prioritaria 2025 mappata automaticamente sul nome indicatore.;parser o compatibilita da verificare;
644;Percentuale di scuole dotate di un servoscala e/o piattaforma elevatrice;2023;recent;;;different;1.0;unavailable;Nessuna fonte prioritaria 2025 mappata automaticamente sul nome indicatore.;parser o compatibilita da verificare;
650;Percentuale scuole dotate di segnali acustici o/e visivi;2023;recent;;;different;1.0;unavailable;Nessuna fonte prioritaria 2025 mappata automaticamente sul nome indicatore.;parser o compatibilita da verificare;
43;Percezione delle famiglie del rischio di criminalità nella zona in cui vivono;2024;recent;;;different;0.9667;unavailable;Nessuna fonte prioritaria 2025 mappata automaticamente sul nome indicatore.;parser o compatibilita da verificare;
360;Persone a rischio di povertà o esclusione sociale - Europa 2030 (femmine);2024;recent;;;different;0.9875;unavailable;Nessuna fonte prioritaria 2025 mappata automaticamente sul nome indicatore.;parser o compatibilita da verificare;
359;Persone a rischio di povertà o esclusione sociale - Europa 2030 (maschi);2024;recent;;;different;0.975;unavailable;Nessuna fonte prioritaria 2025 mappata automaticamente sul nome indicatore.;parser o compatibilita da verificare;
285;Persone a rischio di povertà o esclusione sociale - Europa 2030 (totale);2024;recent;;;different;1.0;unavailable;Nessuna fonte prioritaria 2025 mappata automaticamente sul nome indicatore.;parser o compatibilita da verificare;
371;Persone che vivono in situazioni di sovraffollamento abitativo, in abitazioni prive di alcuni servizi e con problemi strutturali;2024;recent;;;different;0.9833;unavailable;Nessuna fonte prioritaria 2025 mappata automaticamente sul nome indicatore.;parser o compatibilita da verificare;
367;Persone in condizioni di grave deprivazione materiale e sociale - Europa 2030 (femmine);2024;recent;;;different;0.725;unavailable;Nessuna fonte prioritaria 2025 mappata automaticamente sul nome indicatore.;parser o compatibilita da verificare;
366;Persone in condizioni di grave deprivazione materiale e sociale - Europa 2030 (maschi);2024;recent;;;different;0.6125;unavailable;Nessuna fonte prioritaria 2025 mappata automaticamente sul nome indicatore.;parser o compatibilita da verificare;
365;Persone in condizioni di grave deprivazione materiale e sociale - Europa 2030 (totale);2024;recent;;;different;0.875;unavailable;Nessuna fonte prioritaria 2025 mappata automaticamente sul nome indicatore.;parser o compatibilita da verificare;
120;Peso delle società cooperative;2019;stale;;;different;1.0;unavailable;Nessuna fonte prioritaria 2025 mappata automaticamente sul nome indicatore.;parser o compatibilita da verificare;
253;Popolazione equivalente urbana servita da depurazione;2015;stale;;;different;1.0;unavailable;Nessuna fonte prioritaria 2025 mappata automaticamente sul nome indicatore.;parser o compatibilita da verificare;
278;Popolazione esposta a rischio alluvione;2020;dated;;;different;1.0;unavailable;Nessuna fonte prioritaria 2025 mappata automaticamente sul nome indicatore.;parser o compatibilita da verificare;
277;Popolazione esposta a rischio frane;2024;recent;;;different;1.0;unavailable;Nessuna fonte prioritaria 2025 mappata automaticamente sul nome indicatore.;parser o compatibilita da verificare;
82;Popolazione regionale servita da gas metano;2006;stale;;;different;1.0;unavailable;Nessuna fonte prioritaria 2025 mappata automaticamente sul nome indicatore.;parser o compatibilita da verificare;
10;Popolazione regionale servita da impianti di depurazione completa delle acque reflue;2008;stale;;;different;1.0;unavailable;Nessuna fonte prioritaria 2025 mappata automaticamente sul nome indicatore.;parser o compatibilita da verificare;
245;Popolazione residente nei comuni rurali;2013;stale;;;different;1.0;unavailable;Nessuna fonte prioritaria 2025 mappata automaticamente sul nome indicatore.;parser o compatibilita da verificare;
247;Popolazione residente nei comuni rurali (Maschi);2013;stale;;;different;1.0;unavailable;Nessuna fonte prioritaria 2025 mappata automaticamente sul nome indicatore.;parser o compatibilita da verificare;
246;Popolazione residente nei comuni rurali (femmine);2013;stale;;;different;1.0;unavailable;Nessuna fonte prioritaria 2025 mappata automaticamente sul nome indicatore.;parser o compatibilita da verificare;
269;Posti-km offerti dal TPL nei comuni capoluogo di provincia;2023;recent;;;different;1.0;unavailable;Nessuna fonte prioritaria 2025 mappata automaticamente sul nome indicatore.;parser o compatibilita da verificare;
144;Presa in carico degli anziani per il servizio di assistenza domiciliare integrata;2022;dated;;;different;0.9864;unavailable;Nessuna fonte prioritaria 2025 mappata automaticamente sul nome indicatore.;parser o compatibilita da verificare;
414;Presa in carico di tutti gli utenti dei servizi per l'infanzia;2023;recent;;;different;1.0;unavailable;Nessuna fonte prioritaria 2025 mappata automaticamente sul nome indicatore.;parser o compatibilita da verificare;
34;Principi attivi contenuti nei prodotti fitosanitari;2024;recent;;;different;0.9982;unavailable;Nessuna fonte prioritaria 2025 mappata automaticamente sul nome indicatore.;parser o compatibilita da verificare;
31;Produttività dei terreni agricoli;2024;recent;;;different;1.0;unavailable;Nessuna fonte prioritaria 2025 mappata automaticamente sul nome indicatore.;parser o compatibilita da verificare;
1;Produttività del lavoro in agricoltura;2023;recent;;;different;1.0;unavailable;Nessuna fonte prioritaria 2025 mappata automaticamente sul nome indicatore.;parser o compatibilita da verificare;
596;Produttività del lavoro nei settori culturali e creativi;2023;recent;;;different;1.0;unavailable;Nessuna fonte prioritaria 2025 mappata automaticamente sul nome indicatore.;parser o compatibilita da verificare;
130;Produttività del lavoro nel commercio;2023;recent;;;different;1.0;unavailable;Nessuna fonte prioritaria 2025 mappata automaticamente sul nome indicatore.;parser o compatibilita da verificare;
107;Produttività del lavoro nell'industria alimentare;2023;recent;;;different;1.0;unavailable;Nessuna fonte prioritaria 2025 mappata automaticamente sul nome indicatore.;parser o compatibilita da verificare;
123;Produttività del lavoro nell'industria in senso stretto;2023;recent;;;different;1.0;unavailable;Nessuna fonte prioritaria 2025 mappata automaticamente sul nome indicatore.;parser o compatibilita da verificare;
124;Produttività del lavoro nell'industria manifatturiera;2023;recent;;;different;1.0;unavailable;Nessuna fonte prioritaria 2025 mappata automaticamente sul nome indicatore.;parser o compatibilita da verificare;
109;Produttività del settore della pesca;2023;recent;;;different;0.9598;unavailable;Nessuna fonte prioritaria 2025 mappata automaticamente sul nome indicatore.;parser o compatibilita da verificare;
405;Progetti e interventi che rispettano i crono-programmi di attuazione e un tracciato unico completo;2013;stale;;;different;0.95;unavailable;Nessuna fonte prioritaria 2025 mappata automaticamente sul nome indicatore.;parser o compatibilita da verificare;
53;Quantità di frazione umida trattata in impianti di compostaggio per la produzione di compost di qualità;2024;recent;;;different;1.0;unavailable;Nessuna fonte prioritaria 2025 mappata automaticamente sul nome indicatore.;parser o compatibilita da verificare;
435;Quota di lavoratori che percepiscono sussidi di politica del lavoro passiva: Cassa integrazione e Contratti di solidarietà;2015;stale;;;different;1.0;unavailable;Nessuna fonte prioritaria 2025 mappata automaticamente sul nome indicatore.;parser o compatibilita da verificare;
11;Quota di popolazione equivalente servita da depurazione;2015;stale;;;different;1.0;unavailable;Nessuna fonte prioritaria 2025 mappata automaticamente sul nome indicatore.;parser o compatibilita da verificare;
593;Quota di unità locali nei settori culturali e creativi sul totale;2023;recent;;;different;1.0;unavailable;Nessuna fonte prioritaria 2025 mappata automaticamente sul nome indicatore.;parser o compatibilita da verificare;
52;Raccolta differenziata dei rifiuti urbani;2024;recent;;;different;1.0;unavailable;Nessuna fonte prioritaria 2025 mappata automaticamente sul nome indicatore.;parser o compatibilita da verificare;
905;Redditi da lavoro dipendente per unità di lavoro;2024;recent;;;different;1.0;unavailable;Nessuna fonte prioritaria 2025 mappata automaticamente sul nome indicatore.;parser o compatibilita da verificare;
902;Reddito disponibile delle famiglie per abitante;2024;recent;;;different;1.0;unavailable;Nessuna fonte prioritaria 2025 mappata automaticamente sul nome indicatore.;parser o compatibilita da verificare;
906;Reddito primario per abitante;2024;recent;;;different;1.0;unavailable;Nessuna fonte prioritaria 2025 mappata automaticamente sul nome indicatore.;parser o compatibilita da verificare;
391;Resilienza ai Terremoti degli Insediamenti, per assenza del piano di emergenza;2016;stale;;;different;0.875;unavailable;Nessuna fonte prioritaria 2025 mappata automaticamente sul nome indicatore.;parser o compatibilita da verificare;
392;Resilienza ai Terremoti degli Insediamenti, per presenza del piano di emergenza;2016;stale;;;different;0.925;unavailable;Nessuna fonte prioritaria 2025 mappata automaticamente sul nome indicatore.;parser o compatibilita da verificare;
394;Resilienza ai Terremoti degli Insediamenti, per presenza di analisi della CLE;2016;stale;;;different;0.825;unavailable;Nessuna fonte prioritaria 2025 mappata automaticamente sul nome indicatore.;parser o compatibilita da verificare;
393;Resilienza ai Terremoti degli Insediamenti, per presenza di microzonazione sismica;2016;stale;;;different;0.825;unavailable;Nessuna fonte prioritaria 2025 mappata automaticamente sul nome indicatore.;parser o compatibilita da verificare;
263;Rete Natura 2000;2021;dated;;;different;0.8235;unavailable;Nessuna fonte prioritaria 2025 mappata automaticamente sul nome indicatore.;parser o compatibilita da verificare;
270;Rete ferroviaria;2018;stale;;;different;1.0;unavailable;Nessuna fonte prioritaria 2025 mappata automaticamente sul nome indicatore.;parser o compatibilita da verificare;
272;Rete ferroviaria a doppio binario;2018;stale;;;different;0.95;unavailable;Nessuna fonte prioritaria 2025 mappata automaticamente sul nome indicatore.;parser o compatibilita da verificare;
271;Rete ferroviaria elettrificata;2018;stale;;;different;0.8938;unavailable;Nessuna fonte prioritaria 2025 mappata automaticamente sul nome indicatore.;parser o compatibilita da verificare;
84;Rifiuti urbani smaltiti in discarica per abitante;2024;recent;;;different;0.9935;unavailable;Nessuna fonte prioritaria 2025 mappata automaticamente sul nome indicatore.;parser o compatibilita da verificare;
162;Rischio dei finanziamenti;2018;stale;;;different;1.0;unavailable;Nessuna fonte prioritaria 2025 mappata automaticamente sul nome indicatore.;parser o compatibilita da verificare;
406;Ritardo nei tempi di attuazione delle opere pubbliche;2013;stale;;;different;0.95;unavailable;Nessuna fonte prioritaria 2025 mappata automaticamente sul nome indicatore.;parser o compatibilita da verificare;
907;Saldo della redistribuzione del reddito per abitante;2024;recent;;;different;1.0;unavailable;Nessuna fonte prioritaria 2025 mappata automaticamente sul nome indicatore.;parser o compatibilita da verificare;
412;Scuole che hanno aderito al Sistema Nazionale di Valutazione (VALES);2014;stale;;;different;0.9;unavailable;Nessuna fonte prioritaria 2025 mappata automaticamente sul nome indicatore.;parser o compatibilita da verificare;
410;Sicurezza degli edifici scolastici;2012;stale;;;different;0.9;unavailable;Nessuna fonte prioritaria 2025 mappata automaticamente sul nome indicatore.;parser o compatibilita da verificare;
261;Siti di Importanza Comunitaria (SIC);2021;dated;;;different;0.8636;unavailable;Nessuna fonte prioritaria 2025 mappata automaticamente sul nome indicatore.;parser o compatibilita da verificare;
421;Specializzazione produttiva nei settori ad alta tecnologia (femmine);2025;current;;;different;0.8583;unavailable;Nessuna fonte prioritaria 2025 mappata automaticamente sul nome indicatore.;parser o compatibilita da verificare;
420;Specializzazione produttiva nei settori ad alta tecnologia (maschi);2025;current;;;different;0.9722;unavailable;Nessuna fonte prioritaria 2025 mappata automaticamente sul nome indicatore.;parser o compatibilita da verificare;
419;Specializzazione produttiva nei settori ad alta tecnologia (totale);2025;current;;;different;0.9889;unavailable;Nessuna fonte prioritaria 2025 mappata automaticamente sul nome indicatore.;parser o compatibilita da verificare;
653;Spesa dei Comuni per assistenza domiciliare per area utenza Anziani per utente anziano;2021;dated;;;different;1.0;unavailable;Nessuna fonte prioritaria 2025 mappata automaticamente sul nome indicatore.;parser o compatibilita da verificare;
654;Spesa dei Comuni per assistenza domiciliare per area utenza Disabilità per utente con disabilità;2021;dated;;;different;1.0;unavailable;Nessuna fonte prioritaria 2025 mappata automaticamente sul nome indicatore.;parser o compatibilita da verificare;
634;Spesa dei Comuni per strutture residenziali per area utenza Anziani per utente;2021;dated;;;different;1.0;unavailable;Nessuna fonte prioritaria 2025 mappata automaticamente sul nome indicatore.;parser o compatibilita da verificare;
652;Spesa dei Comuni per strutture residenziali per area utenza Disabilità per utente;2021;dated;;;different;1.0;unavailable;Nessuna fonte prioritaria 2025 mappata automaticamente sul nome indicatore.;parser o compatibilita da verificare;
25;Spesa del pubblico per spettacoli teatrali e musicali;2023;recent;;;different;1.0;unavailable;Nessuna fonte prioritaria 2025 mappata automaticamente sul nome indicatore.;parser o compatibilita da verificare;
111;Studenti con elevate competenze in lettura;2012;stale;;;different;0.53;unavailable;Nessuna fonte prioritaria 2025 mappata automaticamente sul nome indicatore.;parser o compatibilita da verificare;
112;Studenti con elevate competenze in matematica;2012;stale;;;different;0.6625;unavailable;Nessuna fonte prioritaria 2025 mappata automaticamente sul nome indicatore.;parser o compatibilita da verificare;
106;Studenti con scarse competenze in lettura;2012;stale;;;different;0.53;unavailable;Nessuna fonte prioritaria 2025 mappata automaticamente sul nome indicatore.;parser o compatibilita da verificare;
110;Studenti con scarse competenze in matematica;2012;stale;;;different;0.6625;unavailable;Nessuna fonte prioritaria 2025 mappata automaticamente sul nome indicatore.;parser o compatibilita da verificare;
255;Superficie boscata e non boscata percorsa dal fuoco;2022;dated;;;different;0.9861;unavailable;Nessuna fonte prioritaria 2025 mappata automaticamente sul nome indicatore.;parser o compatibilita da verificare;
514;Superficie boscata percorsa dal fuoco;2022;dated;;;different;0.9861;unavailable;Nessuna fonte prioritaria 2025 mappata automaticamente sul nome indicatore.;parser o compatibilita da verificare;
442;Superficie delle Aree agricole ad Alto Valore Naturale;2010;stale;;;different;1.0;unavailable;Nessuna fonte prioritaria 2025 mappata automaticamente sul nome indicatore.;parser o compatibilita da verificare;
239;Superficie forestale;2005;stale;;;different;1.0;unavailable;Nessuna fonte prioritaria 2025 mappata automaticamente sul nome indicatore.;parser o compatibilita da verificare;
5;Superficie irrigata/irrigabile nelle aziende agricole;2020;dated;;;different;1.0;unavailable;Nessuna fonte prioritaria 2025 mappata automaticamente sul nome indicatore.;parser o compatibilita da verificare;
76;TAVOLA DISMESSA - Indice di povertà regionale (famiglie);2021;dated;;;different;0.9778;unavailable;Nessuna fonte prioritaria 2025 mappata automaticamente sul nome indicatore.;parser o compatibilita da verificare;
74;TAVOLA DISMESSA - Indice di povertà regionale (popolazione);2021;dated;;;different;0.45;unavailable;Nessuna fonte prioritaria 2025 mappata automaticamente sul nome indicatore.;parser o compatibilita da verificare;
87;Tasso di abbandono alla fine del primo anno delle scuole secondarie superiori;2019;stale;;;different;1.0;unavailable;Nessuna fonte prioritaria 2025 mappata automaticamente sul nome indicatore.;parser o compatibilita da verificare;
254;Tasso di abbandono alla fine del primo biennio delle scuole secondarie superiori;2019;stale;;;different;0.996;unavailable;Nessuna fonte prioritaria 2025 mappata automaticamente sul nome indicatore.;parser o compatibilita da verificare;
89;Tasso di abbandono alla fine del secondo anno delle scuole secondarie superiori;2019;stale;;;different;0.998;unavailable;Nessuna fonte prioritaria 2025 mappata automaticamente sul nome indicatore.;parser o compatibilita da verificare;
203;Tasso di attività totale della popolazione (femmine);2025;current;;;different;1.0;unavailable;Nessuna fonte prioritaria 2025 mappata automaticamente sul nome indicatore.;parser o compatibilita da verificare;
213;Tasso di attività totale della popolazione (maschi);2025;current;;;different;1.0;unavailable;Nessuna fonte prioritaria 2025 mappata automaticamente sul nome indicatore.;parser o compatibilita da verificare;
284;Tasso di criminalità minorile;2016;stale;;;different;0.7727;unavailable;Nessuna fonte prioritaria 2025 mappata automaticamente sul nome indicatore.;parser o compatibilita da verificare;
282;Tasso di criminalità organizzata e di tipo mafioso;2023;recent;;;different;0.985;unavailable;Nessuna fonte prioritaria 2025 mappata automaticamente sul nome indicatore.;parser o compatibilita da verificare;
279;Tasso di furti denunciati;2023;recent;;;different;1.0;unavailable;Nessuna fonte prioritaria 2025 mappata automaticamente sul nome indicatore.;parser o compatibilita da verificare;
148;Tasso di innovazione del sistema produttivo;2020;dated;;;different;1.0;unavailable;Nessuna fonte prioritaria 2025 mappata automaticamente sul nome indicatore.;parser o compatibilita da verificare;
113;Tasso di irregolarità del lavoro;2012;stale;;;different;1.0;unavailable;Nessuna fonte prioritaria 2025 mappata automaticamente sul nome indicatore.;parser o compatibilita da verificare;
339;Tasso di istruzione terziaria nella fascia d'età 30-34 anni;2023;recent;;;different;1.0;unavailable;Nessuna fonte prioritaria 2025 mappata automaticamente sul nome indicatore.;parser o compatibilita da verificare;
342;Tasso di istruzione terziaria nella fascia d'età 30-34 anni (femmine);2023;recent;;;different;1.0;unavailable;Nessuna fonte prioritaria 2025 mappata automaticamente sul nome indicatore.;parser o compatibilita da verificare;
340;Tasso di istruzione terziaria nella fascia d'età 30-34 anni (maschi);2023;recent;;;different;1.0;unavailable;Nessuna fonte prioritaria 2025 mappata automaticamente sul nome indicatore.;parser o compatibilita da verificare;
281;Tasso di omicidi;2023;recent;;;different;1.0;unavailable;Nessuna fonte prioritaria 2025 mappata automaticamente sul nome indicatore.;parser o compatibilita da verificare;
248;Tasso di partecipazione nell'istruzione secondaria superiore;2020;dated;;;different;1.0;unavailable;Nessuna fonte prioritaria 2025 mappata automaticamente sul nome indicatore.;parser o compatibilita da verificare;
192;Tasso di partecipazione nell'istruzione secondaria superiore (femmine);2020;dated;;;different;1.0;unavailable;Nessuna fonte prioritaria 2025 mappata automaticamente sul nome indicatore.;parser o compatibilita da verificare;
191;Tasso di partecipazione nell'istruzione secondaria superiore (maschi);2020;dated;;;different;1.0;unavailable;Nessuna fonte prioritaria 2025 mappata automaticamente sul nome indicatore.;parser o compatibilita da verificare;
280;Tasso di rapine denunciate;2023;recent;;;different;1.0;unavailable;Nessuna fonte prioritaria 2025 mappata automaticamente sul nome indicatore.;parser o compatibilita da verificare;
101;Tasso di scolarizzazione superiore;2024;recent;;;different;1.0;unavailable;Nessuna fonte prioritaria 2025 mappata automaticamente sul nome indicatore.;parser o compatibilita da verificare;
105;Tasso di turisticità;2024;recent;;;different;1.0;unavailable;Nessuna fonte prioritaria 2025 mappata automaticamente sul nome indicatore.;parser o compatibilita da verificare;
443;Tasso di turisticità nei parchi nazionali e regionali;2018;stale;;;different;1.0;unavailable;Nessuna fonte prioritaria 2025 mappata automaticamente sul nome indicatore.;parser o compatibilita da verificare;
451;Tempo medio di sdoganamento nei porti;2015;stale;;;different;0.7;unavailable;Nessuna fonte prioritaria 2025 mappata automaticamente sul nome indicatore.;parser o compatibilita da verificare;
22;Tonnellate di merci in ingresso ed in uscita in navigazione di cabotaggio sul totale delle modalità;2010;stale;;;different;0.5687;unavailable;Nessuna fonte prioritaria 2025 mappata automaticamente sul nome indicatore.;parser o compatibilita da verificare;
20;Tonnellate di merci in ingresso ed in uscita per ferrovia sul totale delle modalità;2010;stale;;;different;0.8125;unavailable;Nessuna fonte prioritaria 2025 mappata automaticamente sul nome indicatore.;parser o compatibilita da verificare;
26;Tonnellate di merci in ingresso ed in uscita su strada sul totale delle modalità;2010;stale;;;different;0.8125;unavailable;Nessuna fonte prioritaria 2025 mappata automaticamente sul nome indicatore.;parser o compatibilita da verificare;
450;Traffico ferroviario merci generato da porti e interporti;2018;stale;;;different;0.75;unavailable;Nessuna fonte prioritaria 2025 mappata automaticamente sul nome indicatore.;parser o compatibilita da verificare;
452;Traffico passeggeri da e per aeroporti su mezzi pubblici collettivi;2015;stale;;;different;0.7;unavailable;Nessuna fonte prioritaria 2025 mappata automaticamente sul nome indicatore.;parser o compatibilita da verificare;
138;Trasporto pubblico locale nelle città;2013;stale;;;different;1.0;unavailable;Nessuna fonte prioritaria 2025 mappata automaticamente sul nome indicatore.;parser o compatibilita da verificare;
208;Utilizzo di mezzi pubblici di trasporto da parte di occupati, studenti, scolari e utenti di mezzi pubblici (femmine);2025;current;;;different;0.9677;unavailable;Nessuna fonte prioritaria 2025 mappata automaticamente sul nome indicatore.;parser o compatibilita da verificare;
207;Utilizzo di mezzi pubblici di trasporto da parte di occupati, studenti, scolari e utenti di mezzi pubblici (maschi);2025;current;;;different;0.9677;unavailable;Nessuna fonte prioritaria 2025 mappata automaticamente sul nome indicatore.;parser o compatibilita da verificare;
129;Utilizzo di mezzi pubblici di trasporto da parte di occupati, studenti, scolari e utenti di mezzi pubblici (totale);2025;current;;;different;0.9677;unavailable;Nessuna fonte prioritaria 2025 mappata automaticamente sul nome indicatore.;parser o compatibilita da verificare;
903;Valore aggiunto per abitante;2024;recent;;;different;1.0;unavailable;Nessuna fonte prioritaria 2025 mappata automaticamente sul nome indicatore.;parser o compatibilita da verificare;
904;Valore aggiunto per unità di lavoro;2024;recent;;;different;1.0;unavailable;Nessuna fonte prioritaria 2025 mappata automaticamente sul nome indicatore.;parser o compatibilita da verificare;
163;Valore degli investimenti in capitale di rischio - early stage;2019;stale;;;different;0.9024;unavailable;Nessuna fonte prioritaria 2025 mappata automaticamente sul nome indicatore.;parser o compatibilita da verificare;
568;Valutazione dei livelli di apprendimento degli studenti della quinta classe primaria in inglese reading;2019;stale;;;different;0.925;unavailable;Nessuna fonte prioritaria 2025 mappata automaticamente sul nome indicatore.;parser o compatibilita da verificare;
546;Valutazione dei livelli di apprendimento degli studenti della quinta classe primaria in italiano;2019;stale;;;different;0.95;unavailable;Nessuna fonte prioritaria 2025 mappata automaticamente sul nome indicatore.;parser o compatibilita da verificare;
547;Valutazione dei livelli di apprendimento degli studenti della quinta classe primaria in matematica;2019;stale;;;different;0.95;unavailable;Nessuna fonte prioritaria 2025 mappata automaticamente sul nome indicatore.;parser o compatibilita da verificare;
543;Valutazione dei livelli di apprendimento degli studenti della seconda classe primaria in italiano;2019;stale;;;different;0.95;unavailable;Nessuna fonte prioritaria 2025 mappata automaticamente sul nome indicatore.;parser o compatibilita da verificare;
545;Valutazione dei livelli di apprendimento degli studenti della seconda classe primaria in matematica;2019;stale;;;different;0.95;unavailable;Nessuna fonte prioritaria 2025 mappata automaticamente sul nome indicatore.;parser o compatibilita da verificare;
550;Valutazione dei livelli di apprendimento degli studenti della seconda classe secondaria di secondo grado in italiano;2019;stale;;;different;0.95;unavailable;Nessuna fonte prioritaria 2025 mappata automaticamente sul nome indicatore.;parser o compatibilita da verificare;
551;Valutazione dei livelli di apprendimento degli studenti della seconda classe secondaria di secondo grado in matematica;2019;stale;;;different;0.95;unavailable;Nessuna fonte prioritaria 2025 mappata automaticamente sul nome indicatore.;parser o compatibilita da verificare;
569;Valutazione dei livelli di apprendimento degli studenti della terza classe secondaria di primo grado in inglese listening;2019;stale;;;different;0.925;unavailable;Nessuna fonte prioritaria 2025 mappata automaticamente sul nome indicatore.;parser o compatibilita da verificare;
571;Valutazione dei livelli di apprendimento degli studenti della terza classe secondaria di primo grado in inglese listening;2019;stale;;;different;0.95;unavailable;Nessuna fonte prioritaria 2025 mappata automaticamente sul nome indicatore.;parser o compatibilita da verificare;
570;Valutazione dei livelli di apprendimento degli studenti della terza classe secondaria di primo grado in inglese reading;2019;stale;;;different;0.95;unavailable;Nessuna fonte prioritaria 2025 mappata automaticamente sul nome indicatore.;parser o compatibilita da verificare;
548;Valutazione dei livelli di apprendimento degli studenti della terza classe secondaria di primo grado in italiano;2019;stale;;;different;0.95;unavailable;Nessuna fonte prioritaria 2025 mappata automaticamente sul nome indicatore.;parser o compatibilita da verificare;
549;Valutazione dei livelli di apprendimento degli studenti della terza classe secondaria di primo grado in matematica;2019;stale;;;different;0.95;unavailable;Nessuna fonte prioritaria 2025 mappata automaticamente sul nome indicatore.;parser o compatibilita da verificare;
438;Velocità del trasporto pubblico su gomma nei comuni capoluogo di provincia;2020;dated;;;different;1.0;unavailable;Nessuna fonte prioritaria 2025 mappata automaticamente sul nome indicatore.;parser o compatibilita da verificare;
252;Verde pubblico nelle città;2016;stale;;;different;1.0;unavailable;Nessuna fonte prioritaria 2025 mappata automaticamente sul nome indicatore.;parser o compatibilita da verificare;
29;Volume di lavoro impiegato nel settore ricreazione e cultura;2012;stale;;;different;1.0;unavailable;Nessuna fonte prioritaria 2025 mappata automaticamente sul nome indicatore.;parser o compatibilita da verificare;
262;Zone a Protezione Speciale (ZPS);2021;dated;;;different;0.8636;unavailable;Nessuna fonte prioritaria 2025 mappata automaticamente sul nome indicatore.;parser o compatibilita da verificare;
