id;nome;livello_territoriale;categoria;direzione;unita;ultimo_anno_disponibile;fonte_attuale;uso_in_atlante;uso_nei_profili;uso_nello_scoring
10AMB018P;10AMB018P;provincia;ambiente_mobilita_servizi;contextual;numero;2023;Istat, BES dei Territori;false;false;false
12SER003P-N25;12SER003P-N25;provincia;ambiente_mobilita_servizi;contextual;INHAB_5;2022;Istat, BES dei Territori;false;false;false
10AMB014;Aree protette;provincia;ambiente_mobilita_servizi;higher_better;%;2022;Istat, BES dei Territori;false;false;true
10AMB001P;Concentrazione media annua di PM10;provincia;ambiente_mobilita_servizi;lower_better;microgrammi per m3;2023;Istat, BES dei Territori;false;false;true
10AMB002P;Concentrazione media annua di PM2.5;provincia;ambiente_mobilita_servizi;lower_better;microgrammi per m3;2023;Istat, BES dei Territori;false;false;true
10AMB003;Dispersione da rete idrica comunale;provincia;ambiente_mobilita_servizi;lower_better;%;2022;Istat, BES dei Territori;false;false;true
10AMB008;Disponibilità di verde urbano;provincia;ambiente_mobilita_servizi;higher_better;m2 per abitante;2023;Istat, BES dei Territori;false;false;true
12SER025;Emigrazione ospedaliera in altra regione;provincia;ambiente_mobilita_servizi;lower_better;%;2023;Istat, BES dei Territori;false;false;true
10AMB016;Energia elettrica da fonti rinnovabili;provincia;ambiente_mobilita_servizi;higher_better;%;2023;Istat, BES dei Territori;false;false;true
12SER007;Irregolarità del servizio elettrico;provincia;ambiente_mobilita_servizi;lower_better;numero medio di utenti;2023;Istat, BES dei Territori;false;false;true
12SER002P;Medici specialisti;provincia;ambiente_mobilita_servizi;higher_better;per 10.000 abitanti;2023;Istat, BES dei Territori;false;false;true
10AMB012;Popolazione esposta al rischio di alluvioni;provincia;ambiente_mobilita_servizi;lower_better;%;2020;Istat, BES dei Territori;false;false;true
10AMB011;Popolazione esposta al rischio di frane;provincia;ambiente_mobilita_servizi;lower_better;%;2020;Istat, BES dei Territori;false;false;true
12SER022;Posti letto per specialità ad elevata assistenza;provincia;ambiente_mobilita_servizi;higher_better;per 10.000 abitanti;2022;Istat, BES dei Territori;false;false;true
12SER008;Posti-km offerti dal Tpl;provincia;ambiente_mobilita_servizi;higher_better;valore per abitante;2023;Istat, BES dei Territori;false;false;true
10AMB017;Raccolta differenziata dei rifiuti urbani;provincia;ambiente_mobilita_servizi;higher_better;%;2023;Istat, BES dei Territori;false;false;true
10AMB024P;Rifiuti urbani prodotti;provincia;ambiente_mobilita_servizi;lower_better;kg per abitante;2023;Istat, BES dei Territori;false;false;true
12SER024;Servizio di raccolta differenziata dei rifiuti urbani;provincia;ambiente_mobilita_servizi;higher_better;%;2023;Istat, BES dei Territori;false;false;true
09PAE009-N25;09PAE009-N25;provincia;cultura_digitale;contextual;per 100 m2;2022;Istat, BES dei Territori;false;false;false
11RIC004P;Addetti nelle imprese culturali;provincia;cultura_digitale;higher_better;%;2022;Istat, BES dei Territori;false;false;true
11RIC022;Comuni con servizi per le famiglie interamente on line;provincia;cultura_digitale;higher_better;%;2018;Istat, BES dei Territori;false;false;true
12SER020;Copertura della rete fissa di accesso ultra veloce a internet;provincia;cultura_digitale;higher_better;%;2024;Istat, BES dei Territori;false;false;true
09PAE002;Densità e rilevanza del patrimonio museale;provincia;cultura_digitale;higher_better;per 100 km2;2022;Istat, BES dei Territori;false;false;true
09PAE008;Diffusione delle aziende agrituristiche;provincia;cultura_digitale;higher_better;per 100 km2;2023;Istat, BES dei Territori;false;false;true
12SER002;Bambini che hanno usufruito dei servizi comunali per l'infanzia;provincia;istruzione_capitale_umano;higher_better;%;2022;Istat, BES dei Territori;false;false;true
02IST011P;Competenza alfabetica non adeguata (studenti classi III scuola secondaria primo grado);provincia;istruzione_capitale_umano;lower_better;%;2024;Istat, BES dei Territori;false;false;true
02IST010P;Competenza numerica non adeguata (studenti classi III scuola secondaria primo grado);provincia;istruzione_capitale_umano;lower_better;%;2024;Istat, BES dei Territori;false;false;true
02IST006-N22;Giovani che non lavorano e non studiano (NEET);provincia;istruzione_capitale_umano;lower_better;%;2024;Istat, BES dei Territori;false;false;true
02IST003P-N22;Laureati e altri titoli terziari (25-39 anni);provincia;istruzione_capitale_umano;higher_better;%;2024;Istat, BES dei Territori;false;false;true
11RIC025;Mobilità dei laureati italiani (25-39 anni);provincia;istruzione_capitale_umano;higher_better;per 1.000 laureati residenti;2023;Istat, BES dei Territori;false;false;true
02IST001;Partecipazione al sistema scolastico dei bambini di 4-5 anni;provincia;istruzione_capitale_umano;higher_better;%;2023;Istat, BES dei Territori;false;false;true
02IST007-N22;Partecipazione alla formazione continua;provincia;istruzione_capitale_umano;higher_better;%;2024;Istat, BES dei Territori;false;false;true
02IST004;Passaggio all'università;provincia;istruzione_capitale_umano;higher_better;tasso specifico per coorte;2022;Istat, BES dei Territori;false;false;true
02IST002-N22;Persone con almeno il diploma (25-64 anni);provincia;istruzione_capitale_umano;higher_better;%;2024;Istat, BES dei Territori;false;false;true
11RIC002;Propensione alla brevettazione;provincia;istruzione_capitale_umano;higher_better;per milione di abitanti;2022;Istat, BES dei Territori;false;false;true
03LAV004P;Giornate retribuite nell'anno (lavoratori dipendenti);provincia;lavoro_opportunita;higher_better;%;2023;Istat, BES dei Territori;false;false;true
03LAV007;Tasso di infortuni mortali e inabilità permanente;provincia;lavoro_opportunita;lower_better;per 10.000 occupati;2022;Istat, BES dei Territori;false;false;true
03LAV002-N22;Tasso di mancata partecipazione al lavoro;provincia;lavoro_opportunita;lower_better;%;2024;Istat, BES dei Territori;false;false;true
03LAV006P-N22;Tasso di mancata partecipazione al lavoro giovanile (15-29 anni);provincia;lavoro_opportunita;lower_better;%;2024;Istat, BES dei Territori;false;false;true
03LAV001-N22;Tasso di occupazione (20-64 anni);provincia;lavoro_opportunita;higher_better;%;2024;Istat, BES dei Territori;false;false;true
03LAV003P-N22;Tasso di occupazione giovanile (15-29 anni);provincia;lavoro_opportunita;higher_better;%;2024;Istat, BES dei Territori;false;false;true
04BEC005P;Importo medio annuo pro-capite dei redditi pensionistici;provincia;reddito_accessibilita;higher_better;euro;2023;Istat, BES dei Territori;false;false;true
04BEC006P;Pensionati con reddito pensionistico di basso importo;provincia;reddito_accessibilita;lower_better;%;2023;Istat, BES dei Territori;false;false;true
04BEC001P;Reddito medio disponibile pro capite;provincia;reddito_accessibilita;higher_better;euro;2023;Istat, BES dei Territori;false;false;true
04BEC002P;Retribuzione media annua dei lavoratori dipendenti;provincia;reddito_accessibilita;higher_better;euro;2023;Istat, BES dei Territori;false;false;true
04BEC009P;Tasso di ingresso in sofferenza dei prestiti bancari alle famiglie;provincia;reddito_accessibilita;lower_better;%;2024;Istat, BES dei Territori;false;false;true
01SAL020;Mortalità evitabile (0-74 anni);provincia;salute_cura;lower_better;tasso standardizzato per 10.000;2022;Istat, BES dei Territori;false;false;true
01SAL004;Mortalità infantile;provincia;salute_cura;lower_better;per 1.000 nati vivi;2022;Istat, BES dei Territori;false;false;true
01SAL007;Mortalità per demenze e malattie del sistema nervoso (65 anni e più);provincia;salute_cura;lower_better;tasso standardizzato per 10.000;2022;Istat, BES dei Territori;false;false;true
01SAL005;Mortalità per incidenti stradali (15-34 anni);provincia;salute_cura;lower_better;tasso standardizzato per 10.000;2023;Istat, BES dei Territori;false;false;true
01SAL006;Mortalità per tumore (20-64 anni);provincia;salute_cura;lower_better;tasso standardizzato per 10.000;2022;Istat, BES dei Territori;false;false;true
01SAL001;Speranza di vita alla nascita;provincia;salute_cura;higher_better;anni (media);2024;Istat, BES dei Territori;false;false;true
06POL012P;Affollamento degli istituti di pena;provincia;sicurezza_istituzioni;lower_better;%;2024;Istat, BES dei Territori;false;false;true
07SIC007P;Altri delitti mortali denunciati;provincia;sicurezza_istituzioni;lower_better;per 100.000 abitanti;2023;Istat, BES dei Territori;false;false;true
06POL003P;Amministratori comunali con meno di 40 anni;provincia;sicurezza_istituzioni;higher_better;%;2024;Istat, BES dei Territori;false;false;true
06POL002P;Amministratori comunali donne;provincia;sicurezza_istituzioni;higher_better;%;2024;Istat, BES dei Territori;false;false;true
06POL007P;Amministrazioni provinciali: capacità di riscossione;provincia;sicurezza_istituzioni;higher_better;%;2022;Istat, BES dei Territori;false;false;true
06POL009P;Comuni: capacità di riscossione;provincia;sicurezza_istituzioni;higher_better;%;2022;Istat, BES dei Territori;false;false;true
07SIC005P;Denunce di borseggio;provincia;sicurezza_istituzioni;lower_better;per 100.000 abitanti;2023;Istat, BES dei Territori;false;false;true
07SIC004P;Denunce di furto in abitazione;provincia;sicurezza_istituzioni;lower_better;per 100.000 abitanti;2023;Istat, BES dei Territori;false;false;true
07SIC006P;Denunce di rapina;provincia;sicurezza_istituzioni;lower_better;per 100.000 abitanti;2023;Istat, BES dei Territori;false;false;true
07SIC008P;Mortalità stradale in ambito extraurbano;provincia;sicurezza_istituzioni;lower_better;%;2023;Istat, BES dei Territori;false;false;true
07SIC001P;Omicidi volontari;provincia;sicurezza_istituzioni;lower_better;per 100.000 abitanti;2023;Istat, BES dei Territori;false;false;true
05REL008;Organizzazioni non profit;provincia;sicurezza_istituzioni;higher_better;per 10.000 abitanti;2022;Istat, BES dei Territori;false;false;true
06POL001;Partecipazione elettorale;provincia;sicurezza_istituzioni;higher_better;%;2024;Istat, BES dei Territori;false;false;true
06POL001P;Partecipazione elettorale (elezioni regionali);provincia;sicurezza_istituzioni;higher_better;%;2024;Istat, BES dei Territori;false;false;true
05REL007P;Scuole accessibili;provincia;sicurezza_istituzioni;higher_better;%;2024;Istat, BES dei Territori;false;false;true
264;Aree terrestri protette;regione;Ambiente, altro;contextual;percentuale;2010;Istat, Banca dati territoriale per le politiche di sviluppo;true;false;false
395;Comuni nei quali non è applicabile l'indicatore di resilienza ai terremoti per assenza di dati;regione;Ambiente, altro;contextual;percentuale;2016;Istat, Banca dati territoriale per le politiche di sviluppo;true;false;false
390;Costa non definita;regione;Ambiente, altro;contextual;percentuale;2019;Istat, Banca dati territoriale per le politiche di sviluppo;true;false;false
539;Coste marine balneabili;regione;Ambiente, altro;contextual;percentuale;2019;Istat, Banca dati territoriale per le politiche di sviluppo;true;false;false
531;Densità popolazione a rischio frane;regione;Ambiente, altro;lower_better;numero per kmq;2015;Istat, Banca dati territoriale per le politiche di sviluppo;true;false;false
388;Dinamica dei litorali in avanzamento;regione;Ambiente, altro;contextual;percentuale;2019;Istat, Banca dati territoriale per le politiche di sviluppo;true;false;false
387;Dinamica dei litorali in erosione;regione;Ambiente, altro;contextual;percentuale;2019;Istat, Banca dati territoriale per le politiche di sviluppo;true;false;false
389;Dinamica dei litorali stabili;regione;Ambiente, altro;contextual;percentuale;2019;Istat, Banca dati territoriale per le politiche di sviluppo;true;false;false
33;Elementi fertilizzanti usati in agricoltura;regione;Ambiente, altro;higher_worse;quintali;2024;Istat, Banca dati territoriale per le politiche di sviluppo;true;true;false
384;Gestione dei siti contaminati;regione;Ambiente, altro;contextual;percentuale;2020;Istat, Banca dati territoriale per le politiche di sviluppo;true;false;false
441;Percentuale di habitat con stato di conservazione favorevole;regione;Ambiente, altro;contextual;numero;2018;Istat, Banca dati territoriale per le politiche di sviluppo;true;false;false
278;Popolazione esposta a rischio alluvione;regione;Ambiente, altro;lower_better;classi;2020;Istat, Banca dati territoriale per le politiche di sviluppo;true;false;false
277;Popolazione esposta a rischio frane;regione;Ambiente, altro;lower_better;numero per kmq;2024;Istat, Banca dati territoriale per le politiche di sviluppo;true;true;false
34;Principi attivi contenuti nei prodotti fitosanitari;regione;Ambiente, altro;higher_worse;quintali;2024;Istat, Banca dati territoriale per le politiche di sviluppo;true;true;false
391;Resilienza ai Terremoti degli Insediamenti, per assenza del piano di emergenza;regione;Ambiente, altro;contextual;percentuale;2016;Istat, Banca dati territoriale per le politiche di sviluppo;true;false;false
392;Resilienza ai Terremoti degli Insediamenti, per presenza del piano di emergenza;regione;Ambiente, altro;contextual;percentuale;2016;Istat, Banca dati territoriale per le politiche di sviluppo;true;false;false
394;Resilienza ai Terremoti degli Insediamenti, per presenza di analisi della CLE;regione;Ambiente, altro;contextual;percentuale;2016;Istat, Banca dati territoriale per le politiche di sviluppo;true;false;false
393;Resilienza ai Terremoti degli Insediamenti, per presenza di microzonazione sismica;regione;Ambiente, altro;contextual;percentuale;2016;Istat, Banca dati territoriale per le politiche di sviluppo;true;false;false
263;Rete Natura 2000;regione;Ambiente, altro;contextual;percentuale;2021;Istat, Banca dati territoriale per le politiche di sviluppo;true;false;false
261;Siti di Importanza Comunitaria (SIC);regione;Ambiente, altro;contextual;percentuale;2021;Istat, Banca dati territoriale per le politiche di sviluppo;true;false;false
255;Superficie boscata e non boscata percorsa dal fuoco;regione;Ambiente, altro;contextual;percentuale;2022;Istat, Banca dati territoriale per le politiche di sviluppo;true;false;false
514;Superficie boscata percorsa dal fuoco;regione;Ambiente, altro;contextual;percentuale;2022;Istat, Banca dati territoriale per le politiche di sviluppo;true;false;false
442;Superficie delle Aree agricole ad Alto Valore Naturale;regione;Ambiente, altro;contextual;percentuale;2010;Istat, Banca dati territoriale per le politiche di sviluppo;true;false;false
239;Superficie forestale;regione;Ambiente, altro;contextual;ettari;2005;Istat, Banca dati territoriale per le politiche di sviluppo;true;false;false
443;Tasso di turisticità nei parchi nazionali e regionali;regione;Ambiente, altro;contextual;giornate per abitante;2018;Istat, Banca dati territoriale per le politiche di sviluppo;true;false;false
262;Zone a Protezione Speciale (ZPS);regione;Ambiente, altro;contextual;percentuale;2021;Istat, Banca dati territoriale per le politiche di sviluppo;true;false;false
399;Addetti alle imprese e alle istituzioni non profit che svolgono attività a contenuto sociale;regione;Capitale sociale;contextual;numero per mille abitanti;2015;Istat, Banca dati territoriale per le politiche di sviluppo;true;false;false
116;Capacità di sviluppo dei servizi sociali;regione;Capitale sociale;contextual;percentuale;2018;Istat, Banca dati territoriale per le politiche di sviluppo;true;false;false
120;Peso delle società cooperative;regione;Capitale sociale;contextual;percentuale;2019;Istat, Banca dati territoriale per le politiche di sviluppo;true;false;false
127;Difficoltà delle famiglie nel raggiungere i supermercati;regione;Città;lower_better;percentuale;2024;Istat, Banca dati territoriale per le politiche di sviluppo;true;false;false
126;Difficoltà delle famiglie nel raggiungere negozi alimentari e/o mercati;regione;Città;lower_better;percentuale;2024;Istat, Banca dati territoriale per le politiche di sviluppo;true;false;false
125;Diffusione della pratica sportiva;regione;Città;contextual;percentuale;2025;Istat, Banca dati territoriale per le politiche di sviluppo;true;false;false
206;Diffusione della pratica sportiva (femmine);regione;Città;contextual;percentuale;2025;Istat, Banca dati territoriale per le politiche di sviluppo;true;false;false
205;Diffusione della pratica sportiva (maschi);regione;Città;contextual;percentuale;2025;Istat, Banca dati territoriale per le politiche di sviluppo;true;false;false
592;Disponibilità di verde urbano;regione;Città;contextual;metri quadrati;2020;Istat, Banca dati territoriale per le politiche di sviluppo;true;false;false
252;Verde pubblico nelle città;regione;Città;contextual;metri quadri per abitante;2016;Istat, Banca dati territoriale per le politiche di sviluppo;true;false;false
436;Addetti occupati nelle unità locali delle imprese italiane a controllo estero;regione;Competitività;contextual;percentuale;2019;Istat, Banca dati territoriale per le politiche di sviluppo;true;false;false
115;Capacità di sviluppo dei servizi alle imprese;regione;Competitività;contextual;percentuale;2022;Istat, Banca dati territoriale per le politiche di sviluppo;true;false;false
375;Consumi di energia elettrica delle imprese dell'agricoltura;regione;Competitività;higher_worse;Gwh per 100 milioni di euro;2023;Istat, Banca dati territoriale per le politiche di sviluppo;true;true;false
376;Consumi di energia elettrica delle imprese dell'industria;regione;Competitività;higher_worse;Gwh per 100 milioni di euro;2023;Istat, Banca dati territoriale per le politiche di sviluppo;true;true;false
377;Consumi di energia elettrica delle imprese private del terziario (esclusa la PA);regione;Competitività;higher_worse;Gwh per 100 milioni di euro;2023;Istat, Banca dati territoriale per le politiche di sviluppo;true;true;false
437;Consumi finali di energia per Unità di lavoro;regione;Competitività;contextual;KTep per Ula (migliaia);2022;Istat, Banca dati territoriale per le politiche di sviluppo;true;false;false
158;Incidenza della certificazione ambientale;regione;Competitività;higher_better;percentuale;2025;Istat, Banca dati territoriale per le politiche di sviluppo;true;true;false
167;Intensità di accumulazione del capitale;regione;Competitività;higher_better;percentuale;2023;Istat, Banca dati territoriale per le politiche di sviluppo;true;true;false
471;Investimenti privati sul PIL;regione;Competitività;higher_better;percentuale;2023;Istat, Banca dati territoriale per le politiche di sviluppo;true;true;false
523;Quota degli addetti nei settori ad alta intensità di conoscenza nelle imprese dell'industria e dei servizi;regione;Competitività;contextual;percentuale;2020;Istat, Banca dati territoriale per le politiche di sviluppo;true;false;false
421;Specializzazione produttiva nei settori ad alta tecnologia (femmine);regione;Competitività;contextual;percentuale;2025;Istat, Banca dati territoriale per le politiche di sviluppo;true;false;false
420;Specializzazione produttiva nei settori ad alta tecnologia (maschi);regione;Competitività;contextual;percentuale;2025;Istat, Banca dati territoriale per le politiche di sviluppo;true;false;false
419;Specializzazione produttiva nei settori ad alta tecnologia (totale);regione;Competitività;higher_better;percentuale;2025;Istat, Banca dati territoriale per le politiche di sviluppo;true;true;false
600;Addetti delle nuove imprese nei settori culturali e creativi;regione;Cultura;higher_better;percentuale;2023;Istat, Banca dati territoriale per le politiche di sviluppo;true;true;false
611;Domanda di spettacolo cinematografico;regione;Cultura;higher_better;numero per cento abitanti;2024;Istat, Banca dati territoriale per le politiche di sviluppo;true;true;false
612;Domanda di spettacolo sportivo;regione;Cultura;higher_better;numero per cento abitanti;2023;Istat, Banca dati territoriale per le politiche di sviluppo;true;true;false
27;Domanda di spettacolo teatrale e musicale;regione;Cultura;higher_better;numero per cento abitanti;2024;Istat, Banca dati territoriale per le politiche di sviluppo;true;true;false
613;Domanda di spettacolo, intrattenimento e sport nei comuni situati in area interna;regione;Cultura;higher_better;numero per abitante;2023;Istat, Banca dati territoriale per le politiche di sviluppo;true;true;false
610;Domanda di spettacolo, intrattenimento e sport per abitante;regione;Cultura;higher_better;numero per cento abitanti;2023;Istat, Banca dati territoriale per le politiche di sviluppo;true;true;false
597;Grado di integrazione verticale delle imprese nei settori culturali e creativi;regione;Cultura;contextual;percentuale;2023;Istat, Banca dati territoriale per le politiche di sviluppo;true;true;false
24;Grado di promozione dell'offerta culturale dei musei e degli istituti similari statali;regione;Cultura;contextual;percentuale;2024;Istat, Banca dati territoriale per le politiche di sviluppo;true;false;false
259;Grado di promozione dell'offerta culturale dei musei e istituti similari non statali;regione;Cultura;contextual;percentuale;2022;Istat, Banca dati territoriale per le politiche di sviluppo;true;false;false
32;Incidenza dei biglietti venduti nei circuiti museali;regione;Cultura;contextual;numero;2024;Istat, Banca dati territoriale per le politiche di sviluppo;true;false;false
595;Incidenza del valore aggiunto dei settori culturali e creativi sul totale;regione;Cultura;higher_better;percentuale;2023;Istat, Banca dati territoriale per le politiche di sviluppo;true;true;false
615;Incidenza della popolazione residente in comuni senza alcuna offerta culturale;regione;Cultura;contextual;percentuale;2022;Istat, Banca dati territoriale per le politiche di sviluppo;true;false;false
614;Incidenza della popolazione residente in comuni senza offerta di spettacolo, intrattenimento e sport;regione;Cultura;lower_better;percentuale;2023;Istat, Banca dati territoriale per le politiche di sviluppo;true;true;false
28;Incidenza della spesa per ricreazione e cultura;regione;Cultura;contextual;percentuale;2021;Istat, Banca dati territoriale per le politiche di sviluppo;true;false;false
598;Incidenza di dipendenti di genere femminile delle imprese nei settori culturali e creativi;regione;Cultura;contextual;percentuale;2023;Istat, Banca dati territoriale per le politiche di sviluppo;true;true;false
599;Incidenza di dipendenti in età giovanile delle imprese nei settori culturali e creativi;regione;Cultura;contextual;percentuale;2023;Istat, Banca dati territoriale per le politiche di sviluppo;true;true;false
30;Indice di domanda culturale (circuiti museali);regione;Cultura;contextual;migliaia;2020;Istat, Banca dati territoriale per le politiche di sviluppo;true;false;false
257;Indice di domanda culturale dei musei e istituti similari non statali (media per istituto);regione;Cultura;contextual;migliaia;2022;Istat, Banca dati territoriale per le politiche di sviluppo;true;false;false
258;Indice di domanda culturale dei musei e istituti similari non statali (per Kmq);regione;Cultura;contextual;numero per chilometro quadrato;2022;Istat, Banca dati territoriale per le politiche di sviluppo;true;false;false
18;Indice di domanda culturale dei musei e istituti similari statali;regione;Cultura;contextual;migliaia;2024;Istat, Banca dati territoriale per le politiche di sviluppo;true;false;false
23;Indice di domanda culturale dei musei e istituti similari statali (per Kmq);regione;Cultura;contextual;numero per chilometro quadrato;2024;Istat, Banca dati territoriale per le politiche di sviluppo;true;false;false
372;Indice di domanda culturale dei musei e istituti similari statali e non statali;regione;Cultura;contextual;numero;2022;Istat, Banca dati territoriale per le politiche di sviluppo;true;false;false
596;Produttività del lavoro nei settori culturali e creativi;regione;Cultura;higher_better;euro;2023;Istat, Banca dati territoriale per le politiche di sviluppo;true;true;false
594;Quota degli addetti delle imprese nei settori culturali e creativi sul totale;regione;Cultura;higher_better;percentuale;2023;Istat, Banca dati territoriale per le politiche di sviluppo;true;true;false
593;Quota di unità locali nei settori culturali e creativi sul totale;regione;Cultura;higher_better;percentuale;2023;Istat, Banca dati territoriale per le politiche di sviluppo;true;true;false
25;Spesa del pubblico per spettacoli teatrali e musicali;regione;Cultura;higher_better;eurolire ed euro costanti 2012;2023;Istat, Banca dati territoriale per le politiche di sviluppo;true;true;false
29;Volume di lavoro impiegato nel settore ricreazione e cultura;regione;Cultura;contextual;medie annue in migliaia;2012;Istat, Banca dati territoriale per le politiche di sviluppo;true;false;false
241;Tasso di iscrizione lordo nel registro delle imprese;regione;Demografia di impresa;contextual;percentuale;2023;Istat, Banca dati territoriale per le politiche di sviluppo;true;true;false
242;Tasso di iscrizione netto nel registro delle imprese;regione;Demografia di impresa;higher_better;percentuale;2023;Istat, Banca dati territoriale per le politiche di sviluppo;true;true;false
54;Tasso di natalità delle imprese;regione;Demografia di impresa;higher_better;percentuale;2023;Istat, Banca dati territoriale per le politiche di sviluppo;true;true;false
157;Tasso netto di turnover delle imprese;regione;Demografia di impresa;contextual;percentuale;2023;Istat, Banca dati territoriale per le politiche di sviluppo;true;true;false
920;Eta media della popolazione;regione;Demografia e popolazione;contextual;anni;2026;Istat, Indicatori demografici;true;true;false
921;Indice di vecchiaia;regione;Demografia e popolazione;contextual;percentuale;2026;Istat, Indicatori demografici;true;true;false
922;Numero medio di figli per donna;regione;Demografia e popolazione;contextual;numero medio;2025;Istat, Indicatori demografici;true;true;false
923;Saldo migratorio totale;regione;Demografia e popolazione;contextual;per mille abitanti;2025;Istat, Indicatori demografici;true;true;false
249;Andamento dell'occupazione del settore della pesca;regione;Dinamiche settoriali;higher_better;percentuale;2023;Istat, Banca dati territoriale per le politiche di sviluppo;true;false;false
122;Importanza economica del settore della pesca;regione;Dinamiche settoriali;contextual;percentuale;2023;Istat, Banca dati territoriale per le politiche di sviluppo;true;true;false
31;Produttività dei terreni agricoli;regione;Dinamiche settoriali;higher_better;migliaia di euro;2024;Istat, Banca dati territoriale per le politiche di sviluppo;true;true;false
1;Produttività del lavoro in agricoltura;regione;Dinamiche settoriali;higher_better;migliaia di euro;2023;Istat, Banca dati territoriale per le politiche di sviluppo;true;true;false
133;Produttività del lavoro nei servizi alle imprese;regione;Dinamiche settoriali;higher_better;migliaia di euro;2023;Istat, Banca dati territoriale per le politiche di sviluppo;true;true;false
130;Produttività del lavoro nel commercio;regione;Dinamiche settoriali;higher_better;milioni di euro;2023;Istat, Banca dati territoriale per le politiche di sviluppo;true;true;false
107;Produttività del lavoro nell'industria alimentare;regione;Dinamiche settoriali;higher_better;migliaia di euro;2023;Istat, Banca dati territoriale per le politiche di sviluppo;true;true;false
123;Produttività del lavoro nell'industria in senso stretto;regione;Dinamiche settoriali;higher_better;migliaia di euro;2023;Istat, Banca dati territoriale per le politiche di sviluppo;true;true;false
124;Produttività del lavoro nell'industria manifatturiera;regione;Dinamiche settoriali;higher_better;migliaia di euro;2023;Istat, Banca dati territoriale per le politiche di sviluppo;true;true;false
109;Produttività del settore della pesca;regione;Dinamiche settoriali;contextual;migliaia di euro;2023;Istat, Banca dati territoriale per le politiche di sviluppo;true;false;false
5;Superficie irrigata/irrigabile nelle aziende agricole;regione;Dinamiche settoriali;contextual;percentuale;2020;Istat, Banca dati territoriale per le politiche di sviluppo;true;false;false
250;Tasso di crescita dell'agricoltura;regione;Dinamiche settoriali;higher_better;percentuale;2024;Istat, Banca dati territoriale per le politiche di sviluppo;true;true;false
378;Consumi di energia coperti da cogenerazione;regione;Energia;higher_better;percentuale;2024;Istat, Banca dati territoriale per le politiche di sviluppo;true;true;false
379;Consumi di energia elettrica coperti con produzione da bioenergie;regione;Energia;higher_better;percentuale;2024;Istat, Banca dati territoriale per le politiche di sviluppo;true;true;false
86;Consumi di energia elettrica coperti da fonti rinnovabili (escluso idro);regione;Energia;higher_better;percentuale;2024;Istat, Banca dati territoriale per le politiche di sviluppo;true;true;false
85;Consumi di energia elettrica coperti da fonti rinnovabili (incluso idro);regione;Energia;higher_better;percentuale;2024;Istat, Banca dati territoriale per le politiche di sviluppo;true;true;false
373;Consumi di energia elettrica della PA per ULA;regione;Energia;higher_worse;Gwh per 100mila ULA;2023;Istat, Banca dati territoriale per le politiche di sviluppo;true;true;false
374;Consumi di energia elettrica per illuminazione pubblica per superficie dei centri abitati;regione;Energia;higher_worse;Gwh per 100 Km2;2024;Istat, Banca dati territoriale per le politiche di sviluppo;true;true;false
80;Energia prodotta da fonti rinnovabili;regione;Energia;higher_better;percentuale;2012;Istat, Banca dati territoriale per le politiche di sviluppo;true;false;false
231;Grado di insoddisfazione dell'utenza per l'erogazione di gas;regione;Energia;lower_better;percentuale;2025;Istat, Banca dati territoriale per le politiche di sviluppo;true;false;false
60;Interruzioni del servizio elettrico;regione;Energia;lower_better;numero medio per utente;2023;Istat, Banca dati territoriale per le politiche di sviluppo;true;true;false
82;Popolazione regionale servita da gas metano;regione;Energia;contextual;percentuale;2006;Istat, Banca dati territoriale per le politiche di sviluppo;true;false;false
81;Potenza efficiente lorda delle fonti rinnovabili;regione;Energia;higher_better;percentuale;2024;Istat, Banca dati territoriale per le politiche di sviluppo;true;true;false
630;Alunni con disabilità (totale);regione;Inclusione sociale;contextual;percentuale;2022;Istat, Banca dati territoriale per le politiche di sviluppo;true;false;false
627;Alunni con disabilità motoria;regione;Inclusione sociale;contextual;numero;2022;Istat, Banca dati territoriale per le politiche di sviluppo;true;false;false
628;Alunni con disabilità uditiva;regione;Inclusione sociale;contextual;numero;2022;Istat, Banca dati territoriale per le politiche di sviluppo;true;false;false
629;Alunni con disabilità visiva;regione;Inclusione sociale;contextual;numero;2022;Istat, Banca dati territoriale per le politiche di sviluppo;true;false;false
635;Dimissioni ospedaliere di pazienti affetti da disturbi psichici per centomila abitanti;regione;Inclusione sociale;contextual;centomila dimessi;2022;Istat, Banca dati territoriale per le politiche di sviluppo;true;false;false
200;Giovani che abbandonano prematuramente i percorsi di istruzione e formazione professionale (femmine);regione;Inclusione sociale;lower_better;percentuale;2024;Istat, Banca dati territoriale per le politiche di sviluppo;true;true;false
199;Giovani che abbandonano prematuramente i percorsi di istruzione e formazione professionale (maschi);regione;Inclusione sociale;lower_better;percentuale;2024;Istat, Banca dati territoriale per le politiche di sviluppo;true;true;false
102;Giovani che abbandonano prematuramente i percorsi di istruzione e formazione professionale (totale);regione;Inclusione sociale;lower_better;percentuale;2024;Istat, Banca dati territoriale per le politiche di sviluppo;true;true;false
400;Imprese e istituzioni non profit che svolgono attività a contenuto sociale;regione;Inclusione sociale;contextual;numero per mille abitanti;2015;Istat, Banca dati territoriale per le politiche di sviluppo;true;false;false
633;Indice di povertà relativa regionale familiare (famiglie);regione;Inclusione sociale;lower_better;percentuale;2024;Istat, Banca dati territoriale per le politiche di sviluppo;true;false;false
631;Indice di povertà relativa regionale individuale (popolazione);regione;Inclusione sociale;lower_better;percentuale;2024;Istat, Banca dati territoriale per le politiche di sviluppo;true;true;false
363;Minori a rischio di povertà o esclusione sociale - Europa 2030 (femmine);regione;Inclusione sociale;lower_better;numero;2024;Istat, Banca dati territoriale per le politiche di sviluppo;true;false;false
364;Minori a rischio di povertà o esclusione sociale - Europa 2030 (maschi);regione;Inclusione sociale;lower_better;numero;2024;Istat, Banca dati territoriale per le politiche di sviluppo;true;false;false
361;Minori a rischio di povertà o esclusione sociale - Europa 2030 (totale);regione;Inclusione sociale;lower_better;numero;2024;Istat, Banca dati territoriale per le politiche di sviluppo;true;false;false
370;Minori in condizione di grave deprivazione materiale e sociale - Europa 2030 (femmine);regione;Inclusione sociale;lower_better;numero;2024;Istat, Banca dati territoriale per le politiche di sviluppo;true;false;false
369;Minori in condizione di grave deprivazione materiale e sociale - Europa 2030 (maschi);regione;Inclusione sociale;lower_better;numero;2024;Istat, Banca dati territoriale per le politiche di sviluppo;true;false;false
368;Minori in condizione di grave deprivazione materiale e sociale - Europa 2030 (totale);regione;Inclusione sociale;lower_better;numero;2024;Istat, Banca dati territoriale per le politiche di sviluppo;true;false;false
637;Ospiti adulti con disabilità o patologia psichiatrica dei presidi residenziali socio-assistenziali e socio-sanitari per centomila adulti;regione;Inclusione sociale;contextual;centomila adulti;2022;Istat, Banca dati territoriale per le politiche di sviluppo;true;false;false
638;Ospiti anziani non autosufficienti dei presidi residenziali socio-assistenziali e socio-sanitari per centomila anziani;regione;Inclusione sociale;contextual;centomila anziani;2022;Istat, Banca dati territoriale per le politiche di sviluppo;true;false;false
640;Ospiti con disabilità o non autosufficienti dei presidi residenziali socio-assistenziali e socio-sanitari per centomila abitanti;regione;Inclusione sociale;contextual;centomila abitanti;2022;Istat, Banca dati territoriale per le politiche di sviluppo;true;false;false
639;Ospiti minori con disabilità o disturbi mentali dei presidi residenziali socio-assistenziali e socio-sanitari per centomila minori;regione;Inclusione sociale;contextual;centomila minori;2022;Istat, Banca dati territoriale per le politiche di sviluppo;true;false;false
641;Percentuale di scuole con alunni con disabilità nelle quali sono presenti postazioni informatiche adattate;regione;Inclusione sociale;higher_better;percentuale;2023;Istat, Banca dati territoriale per le politiche di sviluppo;true;true;false
651;Percentuale di scuole dotate di mappe a rilievo;regione;Inclusione sociale;higher_better;percentuale;2023;Istat, Banca dati territoriale per le politiche di sviluppo;true;true;false
649;Percentuale di scuole dotate di percorsi esterni accessibili;regione;Inclusione sociale;contextual;percentuale;2018;Istat, Banca dati territoriale per le politiche di sviluppo;true;false;false
648;Percentuale di scuole dotate di percorsi interni accessibili;regione;Inclusione sociale;contextual;percentuale;2018;Istat, Banca dati territoriale per le politiche di sviluppo;true;false;false
647;Percentuale di scuole dotate di porte a norma;regione;Inclusione sociale;higher_better;percentuale;2023;Istat, Banca dati territoriale per le politiche di sviluppo;true;true;false
646;Percentuale di scuole dotate di scale a norma;regione;Inclusione sociale;higher_better;percentuale;2023;Istat, Banca dati territoriale per le politiche di sviluppo;true;true;false
645;Percentuale di scuole dotate di servizi igienici a norma;regione;Inclusione sociale;higher_better;percentuale;2023;Istat, Banca dati territoriale per le politiche di sviluppo;true;true;false
642;Percentuale di scuole dotate di un accesso con rampe;regione;Inclusione sociale;higher_better;percentuale;2023;Istat, Banca dati territoriale per le politiche di sviluppo;true;true;false
643;Percentuale di scuole dotate di un ascensore per il trasporto di persone con disabilità;regione;Inclusione sociale;higher_better;percentuale;2023;Istat, Banca dati territoriale per le politiche di sviluppo;true;true;false
644;Percentuale di scuole dotate di un servoscala e/o piattaforma elevatrice;regione;Inclusione sociale;higher_better;percentuale;2023;Istat, Banca dati territoriale per le politiche di sviluppo;true;true;false
650;Percentuale scuole dotate di segnali acustici o/e visivi;regione;Inclusione sociale;higher_better;percentuale;2023;Istat, Banca dati territoriale per le politiche di sviluppo;true;true;false
360;Persone a rischio di povertà o esclusione sociale - Europa 2030 (femmine);regione;Inclusione sociale;lower_better;numero;2024;Istat, Banca dati territoriale per le politiche di sviluppo;true;true;false
359;Persone a rischio di povertà o esclusione sociale - Europa 2030 (maschi);regione;Inclusione sociale;lower_better;numero;2024;Istat, Banca dati territoriale per le politiche di sviluppo;true;false;false
285;Persone a rischio di povertà o esclusione sociale - Europa 2030 (totale);regione;Inclusione sociale;lower_better;numero;2024;Istat, Banca dati territoriale per le politiche di sviluppo;true;true;false
371;Persone che vivono in situazioni di sovraffollamento abitativo, in abitazioni prive di alcuni servizi e con problemi strutturali;regione;Inclusione sociale;lower_better;percentuale;2024;Istat, Banca dati territoriale per le politiche di sviluppo;true;true;false
367;Persone in condizioni di grave deprivazione materiale e sociale - Europa 2030 (femmine);regione;Inclusione sociale;lower_better;numero;2024;Istat, Banca dati territoriale per le politiche di sviluppo;true;false;false
366;Persone in condizioni di grave deprivazione materiale e sociale - Europa 2030 (maschi);regione;Inclusione sociale;lower_better;numero;2024;Istat, Banca dati territoriale per le politiche di sviluppo;true;false;false
365;Persone in condizioni di grave deprivazione materiale e sociale - Europa 2030 (totale);regione;Inclusione sociale;lower_better;numero;2024;Istat, Banca dati territoriale per le politiche di sviluppo;true;false;false
245;Popolazione residente nei comuni rurali;regione;Inclusione sociale;contextual;percentuale;2013;Istat, Banca dati territoriale per le politiche di sviluppo;true;false;false
247;Popolazione residente nei comuni rurali (Maschi);regione;Inclusione sociale;contextual;percentuale;2013;Istat, Banca dati territoriale per le politiche di sviluppo;true;false;false
246;Popolazione residente nei comuni rurali (femmine);regione;Inclusione sociale;contextual;percentuale;2013;Istat, Banca dati territoriale per le politiche di sviluppo;true;false;false
653;Spesa dei Comuni per assistenza domiciliare per area utenza Anziani per utente anziano;regione;Inclusione sociale;contextual;euro;2021;Istat, Banca dati territoriale per le politiche di sviluppo;true;false;false
654;Spesa dei Comuni per assistenza domiciliare per area utenza Disabilità per utente con disabilità;regione;Inclusione sociale;contextual;euro;2021;Istat, Banca dati territoriale per le politiche di sviluppo;true;false;false
634;Spesa dei Comuni per strutture residenziali per area utenza Anziani per utente;regione;Inclusione sociale;contextual;euro;2021;Istat, Banca dati territoriale per le politiche di sviluppo;true;false;false
652;Spesa dei Comuni per strutture residenziali per area utenza Disabilità per utente;regione;Inclusione sociale;contextual;euro;2021;Istat, Banca dati territoriale per le politiche di sviluppo;true;false;false
76;TAVOLA DISMESSA - Indice di povertà regionale (famiglie);regione;Inclusione sociale;lower_better;percentuale;2021;Istat, Banca dati territoriale per le politiche di sviluppo;true;false;false
74;TAVOLA DISMESSA - Indice di povertà regionale (popolazione);regione;Inclusione sociale;lower_better;percentuale;2021;Istat, Banca dati territoriale per le politiche di sviluppo;true;false;false
267;Capacità di esportare;regione;Internazionalizzazione;higher_better;percentuale;2022;Istat, Banca dati territoriale per le politiche di sviluppo;true;false;false
168;Capacità di esportare in settori a domanda mondiale dinamica;regione;Internazionalizzazione;higher_better;percentuale;2022;Istat, Banca dati territoriale per le politiche di sviluppo;true;false;false
35;Grado di apertura commerciale del comparto agro-alimentare;regione;Internazionalizzazione;contextual;percentuale;2022;Istat, Banca dati territoriale per le politiche di sviluppo;true;false;false
431;Grado di apertura commerciale del comparto manifatturiero;regione;Internazionalizzazione;contextual;percentuale;2019;Istat, Banca dati territoriale per le politiche di sviluppo;true;false;false
97;Grado di apertura dei mercati: importazioni;regione;Internazionalizzazione;contextual;percentuale;2022;Istat, Banca dati territoriale per le politiche di sviluppo;true;false;false
100;Grado di dipendenza economica;regione;Internazionalizzazione;contextual;percentuale;2021;Istat, Banca dati territoriale per le politiche di sviluppo;true;false;false
159;Investimenti diretti della regione all'estero;regione;Internazionalizzazione;contextual;percentuale;2011;Istat, Banca dati territoriale per le politiche di sviluppo;true;false;false
166;Investimenti diretti netti dall'estero in Italia sul Pil;regione;Internazionalizzazione;contextual;percentuale;2011;Istat, Banca dati territoriale per le politiche di sviluppo;true;false;false
198;Adulti che partecipano all'apprendimento permanente (femmine);regione;Istruzione e formazione;higher_better;percentuale;2024;Istat, Banca dati territoriale per le politiche di sviluppo;true;true;false
197;Adulti che partecipano all'apprendimento permanente (maschi);regione;Istruzione e formazione;higher_better;percentuale;2024;Istat, Banca dati territoriale per le politiche di sviluppo;true;true;false
99;Adulti che partecipano all'apprendimento permanente (totale);regione;Istruzione e formazione;higher_better;percentuale;2024;Istat, Banca dati territoriale per le politiche di sviluppo;true;true;false
621;Competenza alfabetica non adeguata (studenti classi II scuola secondaria secondo grado);regione;Istruzione e formazione;lower_better;percentuale;2023;Istat, Banca dati territoriale per le politiche di sviluppo;true;false;false
617;Competenza alfabetica non adeguata (studenti classi III scuola secondaria primo grado);regione;Istruzione e formazione;lower_better;percentuale;2025;Istat, Banca dati territoriale per le politiche di sviluppo;true;false;false
623;Competenza alfabetica non adeguata (studenti classi V scuola secondaria secondo grado);regione;Istruzione e formazione;lower_better;percentuale;2025;Istat, Banca dati territoriale per le politiche di sviluppo;true;false;false
622;Competenza numerica non adeguata (studenti classi II scuola secondaria secondo grado);regione;Istruzione e formazione;lower_better;percentuale;2023;Istat, Banca dati territoriale per le politiche di sviluppo;true;false;false
618;Competenza numerica non adeguata (studenti classi III scuola secondaria primo grado);regione;Istruzione e formazione;lower_better;percentuale;2025;Istat, Banca dati territoriale per le politiche di sviluppo;true;false;false
624;Competenza numerica non adeguata (studenti classi V scuola secondaria secondo grado);regione;Istruzione e formazione;lower_better;percentuale;2025;Istat, Banca dati territoriale per le politiche di sviluppo;true;false;false
619;Comprensione all'ascolto (listening) della lingua inglese non adeguata (studenti classi III scuola secondaria primo grado);regione;Istruzione e formazione;lower_better;percentuale;2025;Istat, Banca dati territoriale per le politiche di sviluppo;true;false;false
625;Comprensione all'ascolto (listening) della lingua inglese non adeguata (studenti classi V scuola secondaria secondo grado);regione;Istruzione e formazione;lower_better;percentuale;2025;Istat, Banca dati territoriale per le politiche di sviluppo;true;false;false
620;Comprensione della lettura (reading) della lingua inglese non adeguata (studenti classi III scuola secondaria primo grado);regione;Istruzione e formazione;lower_better;percentuale;2025;Istat, Banca dati territoriale per le politiche di sviluppo;true;false;false
626;Comprensione della lettura (reading) della lingua inglese non adeguata (studenti classi V scuola secondaria secondo grado);regione;Istruzione e formazione;lower_better;percentuale;2025;Istat, Banca dati territoriale per le politiche di sviluppo;true;false;false
411;Disponibilità di nuove tecnologie per fini didattici;regione;Istruzione e formazione;contextual;numero;2014;Istat, Banca dati territoriale per le politiche di sviluppo;true;false;false
409;Incidenza dei diplomati nei percorsi di istruzione tecnica e professionale sul totale dei diplomati;regione;Istruzione e formazione;higher_better;percentuale;2021;Istat, Banca dati territoriale per le politiche di sviluppo;true;false;false
244;Indice di attrattività delle università;regione;Istruzione e formazione;contextual;percentuale;2020;Istat, Banca dati territoriale per le politiche di sviluppo;true;false;false
77;Livello di istruzione della popolazione 15-19 anni;regione;Istruzione e formazione;higher_better;percentuale;2024;Istat, Banca dati territoriale per le politiche di sviluppo;true;true;false
190;Livello di istruzione della popolazione 15-19 anni (femmine);regione;Istruzione e formazione;higher_better;percentuale;2024;Istat, Banca dati territoriale per le politiche di sviluppo;true;true;false
189;Livello di istruzione della popolazione 15-19 anni (maschi);regione;Istruzione e formazione;higher_better;percentuale;2024;Istat, Banca dati territoriale per le politiche di sviluppo;true;true;false
104;Livello di istruzione della popolazione adulta;regione;Istruzione e formazione;lower_better;percentuale;2024;Istat, Banca dati territoriale per le politiche di sviluppo;true;true;false
67;Non occupati che partecipano ad attività formative e di istruzione;regione;Istruzione e formazione;higher_better;percentuale;2024;Istat, Banca dati territoriale per le politiche di sviluppo;true;true;false
188;Non occupati che partecipano ad attività formative e di istruzione (femmine);regione;Istruzione e formazione;higher_better;percentuale;2024;Istat, Banca dati territoriale per le politiche di sviluppo;true;true;false
187;Non occupati che partecipano ad attività formative e di istruzione (maschi);regione;Istruzione e formazione;higher_better;percentuale;2024;Istat, Banca dati territoriale per le politiche di sviluppo;true;true;false
63;Occupati che partecipano ad attività formative e di istruzione;regione;Istruzione e formazione;higher_better;percentuale;2024;Istat, Banca dati territoriale per le politiche di sviluppo;true;true;false
186;Occupati che partecipano ad attività formative e di istruzione (femmine);regione;Istruzione e formazione;higher_better;percentuale;2024;Istat, Banca dati territoriale per le politiche di sviluppo;true;true;false
185;Occupati che partecipano ad attività formative e di istruzione (maschi);regione;Istruzione e formazione;higher_better;percentuale;2024;Istat, Banca dati territoriale per le politiche di sviluppo;true;true;false
465;Occupati, disoccupati e inattivi che partecipano ad attività formative e di istruzione;regione;Istruzione e formazione;contextual;percentuale;2014;Istat, Banca dati territoriale per le politiche di sviluppo;true;false;false
412;Scuole che hanno aderito al Sistema Nazionale di Valutazione (VALES);regione;Istruzione e formazione;contextual;percentuale;2014;Istat, Banca dati territoriale per le politiche di sviluppo;true;false;false
410;Sicurezza degli edifici scolastici;regione;Istruzione e formazione;contextual;percentuale;2012;Istat, Banca dati territoriale per le politiche di sviluppo;true;false;false
111;Studenti con elevate competenze in lettura;regione;Istruzione e formazione;higher_better;percentuale;2012;Istat, Banca dati territoriale per le politiche di sviluppo;true;false;false
112;Studenti con elevate competenze in matematica;regione;Istruzione e formazione;higher_better;percentuale;2012;Istat, Banca dati territoriale per le politiche di sviluppo;true;false;false
106;Studenti con scarse competenze in lettura;regione;Istruzione e formazione;lower_better;percentuale;2012;Istat, Banca dati territoriale per le politiche di sviluppo;true;false;false
110;Studenti con scarse competenze in matematica;regione;Istruzione e formazione;lower_better;percentuale;2012;Istat, Banca dati territoriale per le politiche di sviluppo;true;false;false
87;Tasso di abbandono alla fine del primo anno delle scuole secondarie superiori;regione;Istruzione e formazione;lower_better;percentuale;2019;Istat, Banca dati territoriale per le politiche di sviluppo;true;false;false
254;Tasso di abbandono alla fine del primo biennio delle scuole secondarie superiori;regione;Istruzione e formazione;lower_better;percentuale;2019;Istat, Banca dati territoriale per le politiche di sviluppo;true;false;false
89;Tasso di abbandono alla fine del secondo anno delle scuole secondarie superiori;regione;Istruzione e formazione;lower_better;percentuale;2019;Istat, Banca dati territoriale per le politiche di sviluppo;true;false;false
339;Tasso di istruzione terziaria nella fascia d'età 30-34 anni;regione;Istruzione e formazione;higher_better;percentuale;2023;Istat, Banca dati territoriale per le politiche di sviluppo;true;true;false
342;Tasso di istruzione terziaria nella fascia d'età 30-34 anni (femmine);regione;Istruzione e formazione;higher_better;percentuale;2023;Istat, Banca dati territoriale per le politiche di sviluppo;true;true;false
340;Tasso di istruzione terziaria nella fascia d'età 30-34 anni (maschi);regione;Istruzione e formazione;higher_better;percentuale;2023;Istat, Banca dati territoriale per le politiche di sviluppo;true;true;false
248;Tasso di partecipazione nell'istruzione secondaria superiore;regione;Istruzione e formazione;higher_better;percentuale;2020;Istat, Banca dati territoriale per le politiche di sviluppo;true;false;false
192;Tasso di partecipazione nell'istruzione secondaria superiore (femmine);regione;Istruzione e formazione;higher_better;percentuale;2020;Istat, Banca dati territoriale per le politiche di sviluppo;true;false;false
191;Tasso di partecipazione nell'istruzione secondaria superiore (maschi);regione;Istruzione e formazione;higher_better;percentuale;2020;Istat, Banca dati territoriale per le politiche di sviluppo;true;false;false
101;Tasso di scolarizzazione superiore;regione;Istruzione e formazione;higher_better;percentuale;2024;Istat, Banca dati territoriale per le politiche di sviluppo;true;true;false
568;Valutazione dei livelli di apprendimento degli studenti della quinta classe primaria in inglese reading;regione;Istruzione e formazione;contextual;numero;2019;Istat, Banca dati territoriale per le politiche di sviluppo;true;false;false
546;Valutazione dei livelli di apprendimento degli studenti della quinta classe primaria in italiano;regione;Istruzione e formazione;contextual;punteggio standadizzato;2019;Istat, Banca dati territoriale per le politiche di sviluppo;true;false;false
547;Valutazione dei livelli di apprendimento degli studenti della quinta classe primaria in matematica;regione;Istruzione e formazione;contextual;punteggio standadizzato;2019;Istat, Banca dati territoriale per le politiche di sviluppo;true;false;false
543;Valutazione dei livelli di apprendimento degli studenti della seconda classe primaria in italiano;regione;Istruzione e formazione;contextual;numero;2019;Istat, Banca dati territoriale per le politiche di sviluppo;true;false;false
545;Valutazione dei livelli di apprendimento degli studenti della seconda classe primaria in matematica;regione;Istruzione e formazione;contextual;punteggio standadizzato;2019;Istat, Banca dati territoriale per le politiche di sviluppo;true;false;false
550;Valutazione dei livelli di apprendimento degli studenti della seconda classe secondaria di secondo grado in italiano;regione;Istruzione e formazione;contextual;punteggio standadizzato;2019;Istat, Banca dati territoriale per le politiche di sviluppo;true;false;false
551;Valutazione dei livelli di apprendimento degli studenti della seconda classe secondaria di secondo grado in matematica;regione;Istruzione e formazione;contextual;punteggio standadizzato;2019;Istat, Banca dati territoriale per le politiche di sviluppo;true;false;false
569;Valutazione dei livelli di apprendimento degli studenti della terza classe secondaria di primo grado in inglese listening;regione;Istruzione e formazione;contextual;punteggio standadizzato;2019;Istat, Banca dati territoriale per le politiche di sviluppo;true;false;false
571;Valutazione dei livelli di apprendimento degli studenti della terza classe secondaria di primo grado in inglese listening;regione;Istruzione e formazione;contextual;punteggio standadizzato;2019;Istat, Banca dati territoriale per le politiche di sviluppo;true;false;false
570;Valutazione dei livelli di apprendimento degli studenti della terza classe secondaria di primo grado in inglese reading;regione;Istruzione e formazione;contextual;punteggio standadizzato;2019;Istat, Banca dati territoriale per le politiche di sviluppo;true;false;false
548;Valutazione dei livelli di apprendimento degli studenti della terza classe secondaria di primo grado in italiano;regione;Istruzione e formazione;contextual;punteggio standadizzato;2019;Istat, Banca dati territoriale per le politiche di sviluppo;true;false;false
549;Valutazione dei livelli di apprendimento degli studenti della terza classe secondaria di primo grado in matematica;regione;Istruzione e formazione;contextual;punteggio standadizzato;2019;Istat, Banca dati territoriale per le politiche di sviluppo;true;false;false
398;Addetti delle nuove imprese;regione;Lavoro;higher_better;percentuale;2023;Istat, Banca dati territoriale per le politiche di sviluppo;true;true;false
466;Condizione occupazionale dei laureati dopo 1-3 anni dal conseguimento del titolo;regione;Lavoro;higher_better;percentuale;2024;Istat, Banca dati territoriale per le politiche di sviluppo;true;true;false
61;Differenza tra tasso di attività maschile e femminile;regione;Lavoro;lower_better;percentuale;2025;Istat, Banca dati territoriale per le politiche di sviluppo;true;true;false
57;Differenza tra tasso di occupazione maschile e femminile;regione;Lavoro;lower_better;percentuale;2025;Istat, Banca dati territoriale per le politiche di sviluppo;true;true;false
402;Imprenditorialità femminile;regione;Lavoro;higher_better;percentuale;2023;Istat, Banca dati territoriale per le politiche di sviluppo;true;true;false
401;Imprenditorialità giovanile (totale);regione;Lavoro;higher_better;percentuale;2023;Istat, Banca dati territoriale per le politiche di sviluppo;true;true;false
180;Incidenza della disoccupazione di lunga durata (femmine);regione;Lavoro;lower_better;percentuale;2025;Istat, Banca dati territoriale per le politiche di sviluppo;true;true;false
179;Incidenza della disoccupazione di lunga durata (maschi);regione;Lavoro;lower_better;percentuale;2025;Istat, Banca dati territoriale per le politiche di sviluppo;true;true;false
16;Incidenza della disoccupazione di lunga durata (totale);regione;Lavoro;lower_better;percentuale;2025;Istat, Banca dati territoriale per le politiche di sviluppo;true;true;false
108;Partecipazione della popolazione al mercato del lavoro;regione;Lavoro;higher_better;percentuale;2025;Istat, Banca dati territoriale per le politiche di sviluppo;true;true;false
435;Quota di lavoratori che percepiscono sussidi di politica del lavoro passiva: Cassa integrazione e Contratti di solidarietà;regione;Lavoro;contextual;percentuale;2015;Istat, Banca dati territoriale per le politiche di sviluppo;true;false;false
530;Quota di lavoratori che percepiscono sussidi di politica del lavoro passiva: Indennità di disoccupazione e Assicurazione sociale per l'impiego;regione;Lavoro;lower_better;percentuale;2020;Istat, Banca dati territoriale per le politiche di sviluppo;true;false;false
203;Tasso di attività totale della popolazione (femmine);regione;Lavoro;higher_better;percentuale;2025;Istat, Banca dati territoriale per le politiche di sviluppo;true;true;false
213;Tasso di attività totale della popolazione (maschi);regione;Lavoro;higher_better;percentuale;2025;Istat, Banca dati territoriale per le politiche di sviluppo;true;true;false
12;Tasso di disoccupazione;regione;Lavoro;lower_better;percentuale;2025;Istat, Banca dati territoriale per le politiche di sviluppo;true;true;false
176;Tasso di disoccupazione (femmine);regione;Lavoro;lower_better;percentuale;2025;Istat, Banca dati territoriale per le politiche di sviluppo;true;true;false
175;Tasso di disoccupazione (maschi);regione;Lavoro;lower_better;percentuale;2025;Istat, Banca dati territoriale per le politiche di sviluppo;true;true;false
17;Tasso di disoccupazione di lunga durata;regione;Lavoro;lower_better;percentuale;2025;Istat, Banca dati territoriale per le politiche di sviluppo;true;true;false
184;Tasso di disoccupazione di lunga durata (femmine);regione;Lavoro;lower_better;percentuale;2025;Istat, Banca dati territoriale per le politiche di sviluppo;true;true;false
183;Tasso di disoccupazione di lunga durata (maschi);regione;Lavoro;lower_better;percentuale;2025;Istat, Banca dati territoriale per le politiche di sviluppo;true;true;false
15;Tasso di disoccupazione giovanile;regione;Lavoro;lower_better;percentuale;2025;Istat, Banca dati territoriale per le politiche di sviluppo;true;true;false
174;Tasso di disoccupazione giovanile (femmine);regione;Lavoro;lower_better;percentuale;2025;Istat, Banca dati territoriale per le politiche di sviluppo;true;true;false
230;Tasso di disoccupazione giovanile (maschi);regione;Lavoro;lower_better;percentuale;2025;Istat, Banca dati territoriale per le politiche di sviluppo;true;true;false
113;Tasso di irregolarità del lavoro;regione;Lavoro;lower_better;percentuale;2012;Istat, Banca dati territoriale per le politiche di sviluppo;true;false;false
178;Tasso di occupazione (femmine);regione;Lavoro;higher_better;percentuale;2025;Istat, Banca dati territoriale per le politiche di sviluppo;true;true;false
177;Tasso di occupazione (maschi);regione;Lavoro;higher_better;percentuale;2025;Istat, Banca dati territoriale per le politiche di sviluppo;true;true;false
13;Tasso di occupazione (totale);regione;Lavoro;higher_better;percentuale;2025;Istat, Banca dati territoriale per le politiche di sviluppo;true;true;false
345;Tasso di occupazione 20-64 anni;regione;Lavoro;higher_better;percentuale;2025;Istat, Banca dati territoriale per le politiche di sviluppo;true;true;false
347;Tasso di occupazione 20-64 anni (femmine);regione;Lavoro;higher_better;percentuale;2025;Istat, Banca dati territoriale per le politiche di sviluppo;true;true;false
346;Tasso di occupazione 20-64 anni (maschi);regione;Lavoro;higher_better;percentuale;2025;Istat, Banca dati territoriale per le politiche di sviluppo;true;true;false
482;Tasso di occupazione della popolazione straniera (femmine);regione;Lavoro;higher_better;percentuale;2020;Istat, Banca dati territoriale per le politiche di sviluppo;true;false;false
481;Tasso di occupazione della popolazione straniera (maschi);regione;Lavoro;higher_better;percentuale;2020;Istat, Banca dati territoriale per le politiche di sviluppo;true;false;false
455;Tasso di occupazione della popolazione straniera (totale);regione;Lavoro;higher_better;percentuale;2020;Istat, Banca dati territoriale per le politiche di sviluppo;true;false;false
476;Tasso di occupazione giovanile (femmine);regione;Lavoro;higher_better;percentuale;2025;Istat, Banca dati territoriale per le politiche di sviluppo;true;true;false
475;Tasso di occupazione giovanile (maschi);regione;Lavoro;higher_better;percentuale;2025;Istat, Banca dati territoriale per le politiche di sviluppo;true;true;false
407;Tasso di occupazione giovanile (totale);regione;Lavoro;higher_better;percentuale;2025;Istat, Banca dati territoriale per le politiche di sviluppo;true;true;false
460;Tasso di occupazione nelle aree rurali (15-64 anni);regione;Lavoro;higher_better;percentuale;2023;Istat, Banca dati territoriale per le politiche di sviluppo;true;true;false
182;Tasso di occupazione over 54 (femmine);regione;Lavoro;higher_better;percentuale;2025;Istat, Banca dati territoriale per le politiche di sviluppo;true;true;false
181;Tasso di occupazione over 54 (maschi);regione;Lavoro;higher_better;percentuale;2025;Istat, Banca dati territoriale per le politiche di sviluppo;true;true;false
14;Tasso di occupazione over 54 (totale);regione;Lavoro;higher_better;percentuale;2025;Istat, Banca dati territoriale per le politiche di sviluppo;true;true;false
50;Tasso di occupazione regolare;regione;Lavoro;higher_better;percentuale;2018;Istat, Banca dati territoriale per le politiche di sviluppo;true;false;false
478;Tasso giovani NEET (femmine);regione;Lavoro;lower_better;percentuale;2024;Istat, Banca dati territoriale per le politiche di sviluppo;true;true;false
477;Tasso giovani NEET (maschi);regione;Lavoro;lower_better;percentuale;2024;Istat, Banca dati territoriale per le politiche di sviluppo;true;true;false
408;Tasso giovani NEET (totale);regione;Lavoro;lower_better;percentuale;2024;Istat, Banca dati territoriale per le politiche di sviluppo;true;true;false
461;Beni confiscati e trasferiti al patrimonio dello stato o degli enti territoriali;regione;Legalità e sicurezza;contextual;percentuale;2015;Istat, Banca dati territoriale per le politiche di sviluppo;true;false;false
542;Durata media effettiva in giorni dei procedimenti definiti presso i tribunali ordinari;regione;Legalità e sicurezza;lower_better;giornate;2024;Istat, Banca dati territoriale per le politiche di sviluppo;true;true;false
283;Incidenza di associazione mafiosa;regione;Legalità e sicurezza;contextual;percentuale;2023;Istat, Banca dati territoriale per le politiche di sviluppo;true;false;false
134;Indice di microcriminalità nelle città (1);regione;Legalità e sicurezza;lower_better;numero per mille abitanti;2023;Istat, Banca dati territoriale per le politiche di sviluppo;true;false;false
135;Indice di microcriminalità nelle città (2);regione;Legalità e sicurezza;lower_better;percentuale;2023;Istat, Banca dati territoriale per le politiche di sviluppo;true;false;false
43;Percezione delle famiglie del rischio di criminalità nella zona in cui vivono;regione;Legalità e sicurezza;lower_better;percentuale;2024;Istat, Banca dati territoriale per le politiche di sviluppo;true;false;false
284;Tasso di criminalità minorile;regione;Legalità e sicurezza;lower_better;percentuale;2016;Istat, Banca dati territoriale per le politiche di sviluppo;true;false;false
282;Tasso di criminalità organizzata e di tipo mafioso;regione;Legalità e sicurezza;lower_better;numero per centomila abitanti;2023;Istat, Banca dati territoriale per le politiche di sviluppo;true;true;false
279;Tasso di furti denunciati;regione;Legalità e sicurezza;lower_better;numero per mille abitanti;2023;Istat, Banca dati territoriale per le politiche di sviluppo;true;true;false
281;Tasso di omicidi;regione;Legalità e sicurezza;lower_better;numero per centomila abitanti;2023;Istat, Banca dati territoriale per le politiche di sviluppo;true;true;false
280;Tasso di rapine denunciate;regione;Legalità e sicurezza;lower_better;numero per mille abitanti;2023;Istat, Banca dati territoriale per le politiche di sviluppo;true;true;false
94;Capacità di finanziamento;regione;Mercato dei capitali e finanza d'impresa;contextual;percentuale;2018;Istat, Banca dati territoriale per le politiche di sviluppo;true;false;false
161;Impieghi bancari delle imprese non finanziarie sul PIL;regione;Mercato dei capitali e finanza d'impresa;contextual;percentuale;2021;Istat, Banca dati territoriale per le politiche di sviluppo;true;false;false
164;Investimenti in capitale di rischio - expansion e replacement;regione;Mercato dei capitali e finanza d'impresa;higher_better;percentuale;2019;Istat, Banca dati territoriale per le politiche di sviluppo;true;false;false
413;Quota valore fidi globali fra 30.000 e 500.000 euro utilizzati dalle imprese;regione;Mercato dei capitali e finanza d'impresa;contextual;percentuale;2021;Istat, Banca dati territoriale per le politiche di sviluppo;true;false;false
162;Rischio dei finanziamenti;regione;Mercato dei capitali e finanza d'impresa;lower_better;percentuale;2018;Istat, Banca dati territoriale per le politiche di sviluppo;true;false;false
163;Valore degli investimenti in capitale di rischio - early stage;regione;Mercato dei capitali e finanza d'impresa;higher_better;percentuale;2019;Istat, Banca dati territoriale per le politiche di sviluppo;true;false;false
403;Cohesion Open Government Index su trasparenza, partecipazione e collaborazione nelle politiche di coesione;regione;Pubblica Amministrazione;higher_better;numero indice;2013;Istat, Banca dati territoriale per le politiche di sviluppo;true;false;false
404;Giacenza media dei procedimenti civili;regione;Pubblica Amministrazione;lower_better;giornate;2012;Istat, Banca dati territoriale per le politiche di sviluppo;true;false;false
405;Progetti e interventi che rispettano i crono-programmi di attuazione e un tracciato unico completo;regione;Pubblica Amministrazione;contextual;percentuale;2013;Istat, Banca dati territoriale per le politiche di sviluppo;true;false;false
406;Ritardo nei tempi di attuazione delle opere pubbliche;regione;Pubblica Amministrazione;lower_better;percentuale;2013;Istat, Banca dati territoriale per le politiche di sviluppo;true;false;false
382;Emissioni di gas a effetto serra del settore energetico;regione;Qualità dell'aria;lower_better;Tep CO2;2019;Istat, Banca dati territoriale per le politiche di sviluppo;true;false;false
381;Emissioni di gas a effetto serra in agricoltura;regione;Qualità dell'aria;lower_better;Tep CO2;2019;Istat, Banca dati territoriale per le politiche di sviluppo;true;false;false
511;Emissioni di gas serra;regione;Qualità dell'aria;lower_better;(Tep CO2 /1000);2019;Istat, Banca dati territoriale per le politiche di sviluppo;true;false;false
103;Inquinamento causato dai mezzi di trasporto;regione;Qualità dell'aria;contextual;tonnellate per abitante;2019;Istat, Banca dati territoriale per le politiche di sviluppo;true;false;false
265;Monitoraggio della qualità dell'aria;regione;Qualità dell'aria;contextual;numero per centomila abitanti;2012;Istat, Banca dati territoriale per le politiche di sviluppo;true;false;false
930;Indice di Gini del reddito;regione;Reddito e ricchezza;lower_better;indice (0-1);2024;Istat, Reddito e condizioni di vita (Eu-Silc);true;true;false
901;PIL pro capite;regione;Reddito e ricchezza;higher_better;euro;2024;Istat, Conti economici territoriali;true;true;false
905;Redditi da lavoro dipendente per unità di lavoro;regione;Reddito e ricchezza;higher_better;euro;2024;Istat, Conti economici territoriali;true;true;false
902;Reddito disponibile delle famiglie per abitante;regione;Reddito e ricchezza;higher_better;euro;2024;Istat, Conti economici territoriali;true;true;false
906;Reddito primario per abitante;regione;Reddito e ricchezza;higher_better;euro;2024;Istat, Conti economici territoriali;true;true;false
907;Saldo della redistribuzione del reddito per abitante;regione;Reddito e ricchezza;contextual;euro;2024;Istat, Conti economici territoriali;true;true;false
903;Valore aggiunto per abitante;regione;Reddito e ricchezza;higher_better;euro;2024;Istat, Conti economici territoriali;true;true;false
904;Valore aggiunto per unità di lavoro;regione;Reddito e ricchezza;higher_better;euro;2024;Istat, Conti economici territoriali;true;true;false
251;Addetti alla R&S;regione;Ricerca ed innovazione;contextual;numero per mille abitanti;2022;Istat, Banca dati territoriale per le politiche di sviluppo;true;false;false
417;Imprese che hanno svolto attività di R&S in collaborazione con soggetti esterni;regione;Ricerca ed innovazione;contextual;percentuale;2022;Istat, Banca dati territoriale per le politiche di sviluppo;true;false;false
432;Imprese che hanno svolto attività di R&S utilizzando infrastrutture di ricerca e altri servizi alla R&S da soggetti pubblici o privati;regione;Ricerca ed innovazione;contextual;percentuale;2022;Istat, Banca dati territoriale per le politiche di sviluppo;true;false;false
93;Incidenza della spesa delle imprese in R&S;regione;Ricerca ed innovazione;contextual;percentuale;2022;Istat, Banca dati territoriale per le politiche di sviluppo;true;false;false
418;Incidenza della spesa per R&S del settore privato sul PIL;regione;Ricerca ed innovazione;contextual;percentuale;2022;Istat, Banca dati territoriale per le politiche di sviluppo;true;false;false
92;Incidenza della spesa pubblica per R&S sul PIL;regione;Ricerca ed innovazione;contextual;percentuale;2022;Istat, Banca dati territoriale per le politiche di sviluppo;true;false;false
114;Incidenza della spesa totale per R&S sul PIL;regione;Ricerca ed innovazione;contextual;percentuale;2022;Istat, Banca dati territoriale per le politiche di sviluppo;true;false;false
152;Intensità brevettuale;regione;Ricerca ed innovazione;higher_better;numero per milione di abitanti;2012;Istat, Banca dati territoriale per le politiche di sviluppo;true;false;false
90;Laureati in scienza e tecnologia;regione;Ricerca ed innovazione;contextual;numero per mille abitanti;2012;Istat, Banca dati territoriale per le politiche di sviluppo;true;false;false
196;Laureati in scienza e tecnologia (femmine);regione;Ricerca ed innovazione;contextual;numero per mille abitanti;2012;Istat, Banca dati territoriale per le politiche di sviluppo;true;false;false
194;Laureati in scienza e tecnologia (maschi);regione;Ricerca ed innovazione;contextual;numero per mille abitanti;2012;Istat, Banca dati territoriale per le politiche di sviluppo;true;false;false
416;Ricercatori occupati nelle imprese sul totale degli addetti (totale);regione;Ricerca ed innovazione;contextual;percentuale;2021;Istat, Banca dati territoriale per le politiche di sviluppo;true;false;false
150;Spesa media regionale per innovazione delle imprese;regione;Ricerca ed innovazione;contextual;migliaia di euro;2020;Istat, Banca dati territoriale per le politiche di sviluppo;true;false;false
148;Tasso di innovazione del sistema produttivo;regione;Ricerca ed innovazione;contextual;percentuale;2020;Istat, Banca dati territoriale per le politiche di sviluppo;true;false;false
396;Tasso di natalità delle imprese nei settori ad alta intensità di conoscenza;regione;Ricerca ed innovazione;higher_better;percentuale;2023;Istat, Banca dati territoriale per le politiche di sviluppo;true;true;false
397;Tasso di sopravvivenza a tre anni delle imprese nei settori ad alta intensità di conoscenza;regione;Ricerca ed innovazione;higher_better;percentuale;2023;Istat, Banca dati territoriale per le politiche di sviluppo;true;true;false
232;Percentuale di rifiuti urbani smaltiti in discarica;regione;Rifiuti;lower_better;percentuale;2024;Istat, Banca dati territoriale per le politiche di sviluppo;true;true;false
53;Quantità di frazione umida trattata in impianti di compostaggio per la produzione di compost di qualità;regione;Rifiuti;higher_better;percentuale;2024;Istat, Banca dati territoriale per le politiche di sviluppo;true;true;false
52;Raccolta differenziata dei rifiuti urbani;regione;Rifiuti;higher_better;percentuale;2024;Istat, Banca dati territoriale per le politiche di sviluppo;true;true;false
84;Rifiuti urbani smaltiti in discarica per abitante;regione;Rifiuti;lower_better;chilogrammi;2024;Istat, Banca dati territoriale per le politiche di sviluppo;true;true;false
386;Corpi idrici in buono stato chimico di qualità;regione;Risorse idriche;contextual;percentuale;2016;Istat, Banca dati territoriale per le politiche di sviluppo;true;false;false
544;Corpi idrici in buono stato quantitativo di qualità;regione;Risorse idriche;contextual;percentuale;2016;Istat, Banca dati territoriale per le politiche di sviluppo;true;false;false
385;Dispersione della rete di distribuzione;regione;Risorse idriche;lower_better;percentuale;2018;Istat, Banca dati territoriale per le politiche di sviluppo;true;false;false
8;Disponibilità di risorse idropotabili;regione;Risorse idriche;contextual;percentuale;2012;Istat, Banca dati territoriale per le politiche di sviluppo;true;false;false
9;Efficienza nella distribuzione dell'acqua per il consumo umano;regione;Risorse idriche;contextual;percentuale;2018;Istat, Banca dati territoriale per le politiche di sviluppo;true;false;false
6;Irregolarità nella distribuzione dell'acqua;regione;Risorse idriche;lower_better;percentuale;2025;Istat, Banca dati territoriale per le politiche di sviluppo;true;false;false
253;Popolazione equivalente urbana servita da depurazione;regione;Risorse idriche;higher_better;percentuale;2015;Istat, Banca dati territoriale per le politiche di sviluppo;true;false;false
10;Popolazione regionale servita da impianti di depurazione completa delle acque reflue;regione;Risorse idriche;higher_better;percentuale;2008;Istat, Banca dati territoriale per le politiche di sviluppo;true;false;false
11;Quota di popolazione equivalente servita da depurazione;regione;Risorse idriche;higher_better;percentuale;2015;Istat, Banca dati territoriale per le politiche di sviluppo;true;false;false
913;Speranza di vita a 65 anni;regione;Salute;higher_better;anni;2025;Istat, Indicatori demografici;true;true;false
910;Speranza di vita alla nascita;regione;Salute;higher_better;anni;2025;Istat, Indicatori demografici;true;true;false
912;Speranza di vita alla nascita (femmine);regione;Salute;higher_better;anni;2025;Istat, Indicatori demografici;true;true;false
911;Speranza di vita alla nascita (maschi);regione;Salute;higher_better;anni;2025;Istat, Indicatori demografici;true;true;false
415;Anziani trattati in assistenza domiciliare socio-assistenziale;regione;Servizi di cura;contextual;percentuale;2022;Istat, Banca dati territoriale per le politiche di sviluppo;true;false;false
142;Diffusione dei servizi per l'infanzia;regione;Servizi di cura;higher_better;percentuale;2023;Istat, Banca dati territoriale per le politiche di sviluppo;true;true;false
590;Emigrazione ospedaliera in altra regione;regione;Servizi di cura;lower_better;percentuale;2023;Istat, Banca dati territoriale per le politiche di sviluppo;true;true;false
145;Incidenza del costo dell'ADI sul totale della spesa sanitaria;regione;Servizi di cura;contextual;percentuale;2012;Istat, Banca dati territoriale per le politiche di sviluppo;true;false;false
144;Presa in carico degli anziani per il servizio di assistenza domiciliare integrata;regione;Servizi di cura;contextual;percentuale;2022;Istat, Banca dati territoriale per le politiche di sviluppo;true;false;false
414;Presa in carico di tutti gli utenti dei servizi per l'infanzia;regione;Servizi di cura;higher_better;percentuale;2023;Istat, Banca dati territoriale per le politiche di sviluppo;true;true;false
425;Cittadini che utilizzano il Fascicolo Sanitario Elettronico;regione;Società dell'informazione;contextual;percentuale;2015;Istat, Banca dati territoriale per le politiche di sviluppo;true;false;false
424;Comuni con servizi pienamente interattivi;regione;Società dell'informazione;higher_better;percentuale;2022;Istat, Banca dati territoriale per le politiche di sviluppo;true;false;false
423;Copertura con banda ultralarga a 100 Mbps;regione;Società dell'informazione;higher_better;percentuale;2015;Istat, Banca dati territoriale per le politiche di sviluppo;true;false;false
422;Copertura con banda ultralarga ad almeno 30 Mbps;regione;Società dell'informazione;higher_better;percentuale;2015;Istat, Banca dati territoriale per le politiche di sviluppo;true;false;false
430;Dipendenti di amministrazioni locali che hanno seguito corsi di formazione ICT;regione;Società dell'informazione;contextual;percentuale;2022;Istat, Banca dati territoriale per le politiche di sviluppo;true;false;false
427;Disponibilità di wi-fi pubblico nei Comuni;regione;Società dell'informazione;contextual;percentuale;2022;Istat, Banca dati territoriale per le politiche di sviluppo;true;false;false
65;Grado di diffusione del personal computer nelle imprese con più di dieci addetti;regione;Società dell'informazione;contextual;percentuale;2019;Istat, Banca dati territoriale per le politiche di sviluppo;true;false;false
73;Grado di diffusione della larga banda nelle amministrazioni locali;regione;Società dell'informazione;higher_better;percentuale;2022;Istat, Banca dati territoriale per le politiche di sviluppo;true;false;false
62;Grado di diffusione di Internet nelle famiglie;regione;Società dell'informazione;contextual;percentuale;2023;Istat, Banca dati territoriale per le politiche di sviluppo;true;false;false
428;Grado di partecipazione dei cittadini attraverso il web a attività politiche e sociali;regione;Società dell'informazione;higher_better;percentuale;2022;Istat, Banca dati territoriale per le politiche di sviluppo;true;false;false
469;Grado di utilizzo dell'e-procurement nella PA;regione;Società dell'informazione;contextual;percentuale;2022;Istat, Banca dati territoriale per le politiche di sviluppo;true;false;false
426;Grado di utilizzo di Internet nelle famiglie negli ultimi 12 mesi;regione;Società dell'informazione;higher_better;percentuale;2023;Istat, Banca dati territoriale per le politiche di sviluppo;true;true;false
64;Grado di utilizzo di Internet nelle famiglie negli ultimi 3 mesi;regione;Società dell'informazione;higher_better;percentuale;2023;Istat, Banca dati territoriale per le politiche di sviluppo;true;true;false
72;Grado di utilizzo di Internet nelle imprese;regione;Società dell'informazione;higher_better;percentuale;2024;Istat, Banca dati territoriale per le politiche di sviluppo;true;true;false
70;Indice di diffusione dei siti web delle imprese;regione;Società dell'informazione;higher_better;percentuale;2023;Istat, Banca dati territoriale per le politiche di sviluppo;true;true;false
71;Indice di diffusione della banda larga nelle imprese;regione;Società dell'informazione;higher_better;percentuale;2021;Istat, Banca dati territoriale per le politiche di sviluppo;true;false;false
429;Penetrazione della banda ultra larga;regione;Società dell'informazione;higher_better;percentuale;2023;Istat, Banca dati territoriale per le politiche di sviluppo;true;true;false
434;Utilizzo dell'e-government da parte delle imprese;regione;Società dell'informazione;higher_better;percentuale;2023;Istat, Banca dati territoriale per le politiche di sviluppo;true;true;false
139;Dotazione di parcheggi di corrispondenza;regione;Trasporti e mobilità;contextual;numero per mille autovetture circolanti;2015;Istat, Banca dati territoriale per le politiche di sviluppo;true;false;false
383;Emissioni di gas a effetto serra da trasporti stradali (Teq. CO2);regione;Trasporti e mobilità;lower_better;Tep CO2;2019;Istat, Banca dati territoriale per le politiche di sviluppo;true;false;false
210;Grado di soddisfazione del servizio di trasporto ferroviario a livello regionale (Femmine);regione;Trasporti e mobilità;contextual;percentuale;2025;Istat, Banca dati territoriale per le politiche di sviluppo;true;false;false
209;Grado di soddisfazione del servizio di trasporto ferroviario a livello regionale (Maschi);regione;Trasporti e mobilità;contextual;percentuale;2025;Istat, Banca dati territoriale per le politiche di sviluppo;true;false;false
172;Grado di soddisfazione del servizio di trasporto ferroviario a livello regionale (Totale);regione;Trasporti e mobilità;contextual;percentuale;2025;Istat, Banca dati territoriale per le politiche di sviluppo;true;false;false
44;Indice del traffico aereo;regione;Trasporti e mobilità;contextual;percentuale;2023;Istat, Banca dati territoriale per le politiche di sviluppo;true;false;false
119;Indice del traffico delle merci in navigazione di cabotaggio;regione;Trasporti e mobilità;contextual;tonnellate per cento abitanti;2023;Istat, Banca dati territoriale per le politiche di sviluppo;true;false;false
118;Indice del traffico merci su strada;regione;Trasporti e mobilità;contextual;tonnellate per abitante;2023;Istat, Banca dati territoriale per le politiche di sviluppo;true;true;false
445;Indice di accessibilità verso i nodi urbani e logistici;regione;Trasporti e mobilità;contextual;minuti;2013;Istat, Banca dati territoriale per le politiche di sviluppo;true;false;false
46;Indice di utilizzazione del trasporto ferroviario (1);regione;Trasporti e mobilità;contextual;percentuale;2025;Istat, Banca dati territoriale per le politiche di sviluppo;true;false;false
212;Indice di utilizzazione del trasporto ferroviario (1) (femmine);regione;Trasporti e mobilità;contextual;percentuale;2024;Istat, Banca dati territoriale per le politiche di sviluppo;true;false;false
211;Indice di utilizzazione del trasporto ferroviario (1) (maschi);regione;Trasporti e mobilità;contextual;percentuale;2024;Istat, Banca dati territoriale per le politiche di sviluppo;true;false;false
47;Indice di utilizzazione del trasporto ferroviario (2);regione;Trasporti e mobilità;higher_better;percentuale;2025;Istat, Banca dati territoriale per le politiche di sviluppo;true;true;false
170;Indice traffico merci su ferrovia;regione;Trasporti e mobilità;contextual;tonnellate per cento abitanti;2010;Istat, Banca dati territoriale per le politiche di sviluppo;true;false;false
276;Lunghezza della rete autostradale;regione;Trasporti e mobilità;contextual;chilometro per cento chilometri quadrati;2014;Istat, Banca dati territoriale per le politiche di sviluppo;true;false;false
273;Lunghezza della rete stradale;regione;Trasporti e mobilità;contextual;chilometro per cento chilometri quadrati;2014;Istat, Banca dati territoriale per le politiche di sviluppo;true;false;false
519;Merce nel complesso della navigazione per tipo di carico - ALTRO CARICO;regione;Trasporti e mobilità;contextual;percentuale;2023;Istat, Banca dati territoriale per le politiche di sviluppo;true;false;false
515;Merce nel complesso della navigazione per tipo di carico - CONTENITORI;regione;Trasporti e mobilità;contextual;percentuale;2023;Istat, Banca dati territoriale per le politiche di sviluppo;true;false;false
516;Merce nel complesso della navigazione per tipo di carico - RINFUSA LIQUIDA;regione;Trasporti e mobilità;contextual;percentuale;2023;Istat, Banca dati territoriale per le politiche di sviluppo;true;false;false
517;Merce nel complesso della navigazione per tipo di carico - RINFUSA SOLIDA;regione;Trasporti e mobilità;contextual;percentuale;2023;Istat, Banca dati territoriale per le politiche di sviluppo;true;false;false
518;Merce nel complesso della navigazione per tipo di carico - RO-RO;regione;Trasporti e mobilità;contextual;percentuale;2023;Istat, Banca dati territoriale per le politiche di sviluppo;true;false;false
268;Passeggeri trasportati dal TPL nei comuni capoluogo di provincia per abitante;regione;Trasporti e mobilità;higher_better;numero per abitante;2023;Istat, Banca dati territoriale per le politiche di sviluppo;true;true;false
269;Posti-km offerti dal TPL nei comuni capoluogo di provincia;regione;Trasporti e mobilità;higher_better;posti-km (migliaia per abitante);2023;Istat, Banca dati territoriale per le politiche di sviluppo;true;true;false
270;Rete ferroviaria;regione;Trasporti e mobilità;contextual;chilometro per cento chilometri quadrati;2018;Istat, Banca dati territoriale per le politiche di sviluppo;true;false;false
272;Rete ferroviaria a doppio binario;regione;Trasporti e mobilità;contextual;percentuale;2018;Istat, Banca dati territoriale per le politiche di sviluppo;true;false;false
271;Rete ferroviaria elettrificata;regione;Trasporti e mobilità;contextual;percentuale;2018;Istat, Banca dati territoriale per le politiche di sviluppo;true;false;false
451;Tempo medio di sdoganamento nei porti;regione;Trasporti e mobilità;lower_better;ore, minuti, secondi;2015;Istat, Banca dati territoriale per le politiche di sviluppo;true;false;false
22;Tonnellate di merci in ingresso ed in uscita in navigazione di cabotaggio sul totale delle modalità;regione;Trasporti e mobilità;contextual;percentuale;2010;Istat, Banca dati territoriale per le politiche di sviluppo;true;false;false
20;Tonnellate di merci in ingresso ed in uscita per ferrovia sul totale delle modalità;regione;Trasporti e mobilità;contextual;percentuale;2010;Istat, Banca dati territoriale per le politiche di sviluppo;true;false;false
26;Tonnellate di merci in ingresso ed in uscita su strada sul totale delle modalità;regione;Trasporti e mobilità;contextual;percentuale;2010;Istat, Banca dati territoriale per le politiche di sviluppo;true;false;false
450;Traffico ferroviario merci generato da porti e interporti;regione;Trasporti e mobilità;contextual;numero;2018;Istat, Banca dati territoriale per le politiche di sviluppo;true;false;false
452;Traffico passeggeri da e per aeroporti su mezzi pubblici collettivi;regione;Trasporti e mobilità;contextual;percentuale;2015;Istat, Banca dati territoriale per le politiche di sviluppo;true;false;false
138;Trasporto pubblico locale nelle città;regione;Trasporti e mobilità;contextual;percentuale;2013;Istat, Banca dati territoriale per le politiche di sviluppo;true;false;false
208;Utilizzo di mezzi pubblici di trasporto da parte di occupati, studenti, scolari e utenti di mezzi pubblici (femmine);regione;Trasporti e mobilità;contextual;percentuale;2025;Istat, Banca dati territoriale per le politiche di sviluppo;true;false;false
207;Utilizzo di mezzi pubblici di trasporto da parte di occupati, studenti, scolari e utenti di mezzi pubblici (maschi);regione;Trasporti e mobilità;contextual;percentuale;2025;Istat, Banca dati territoriale per le politiche di sviluppo;true;false;false
129;Utilizzo di mezzi pubblici di trasporto da parte di occupati, studenti, scolari e utenti di mezzi pubblici (totale);regione;Trasporti e mobilità;contextual;percentuale;2025;Istat, Banca dati territoriale per le politiche di sviluppo;true;false;false
438;Velocità del trasporto pubblico su gomma nei comuni capoluogo di provincia;regione;Trasporti e mobilità;contextual;Km/ora;2020;Istat, Banca dati territoriale per le politiche di sviluppo;true;false;false
132;Produttività del lavoro nel turismo;regione;Turismo;contextual;migliaia di euro;2016;Istat, Banca dati territoriale per le politiche di sviluppo;true;false;false
105;Tasso di turisticità;regione;Turismo;contextual;giornate per abitante;2024;Istat, Banca dati territoriale per le politiche di sviluppo;true;true;false
165;Turismo nei mesi non estivi;regione;Turismo;contextual;giornate per abitante;2024;Istat, Banca dati territoriale per le politiche di sviluppo;true;true;false
10AMB018P;10AMB018P;regione;ambiente_mobilita_servizi;contextual;numero;2023;Istat, BES dei Territori;false;false;false
12SER003P-N25;12SER003P-N25;regione;ambiente_mobilita_servizi;contextual;INHAB_5;2022;Istat, BES dei Territori;false;false;false
10AMB014;Aree protette;regione;ambiente_mobilita_servizi;higher_better;%;2022;Istat, BES dei Territori;false;false;true
10AMB001P;Concentrazione media annua di PM10;regione;ambiente_mobilita_servizi;lower_better;microgrammi per m3;2023;Istat, BES dei Territori;false;false;true
10AMB002P;Concentrazione media annua di PM2.5;regione;ambiente_mobilita_servizi;lower_better;microgrammi per m3;2023;Istat, BES dei Territori;false;false;true
10AMB003;Dispersione da rete idrica comunale;regione;ambiente_mobilita_servizi;lower_better;%;2022;Istat, BES dei Territori;false;false;true
10AMB008;Disponibilità di verde urbano;regione;ambiente_mobilita_servizi;higher_better;m2 per abitante;2023;Istat, BES dei Territori;false;false;true
12SER025;Emigrazione ospedaliera in altra regione;regione;ambiente_mobilita_servizi;lower_better;%;2023;Istat, BES dei Territori;false;false;true
10AMB016;Energia elettrica da fonti rinnovabili;regione;ambiente_mobilita_servizi;higher_better;%;2023;Istat, BES dei Territori;false;false;true
12SER007;Irregolarità del servizio elettrico;regione;ambiente_mobilita_servizi;lower_better;numero medio di utenti;2023;Istat, BES dei Territori;false;false;true
12SER002P;Medici specialisti;regione;ambiente_mobilita_servizi;higher_better;per 10.000 abitanti;2023;Istat, BES dei Territori;false;false;true
10AMB012;Popolazione esposta al rischio di alluvioni;regione;ambiente_mobilita_servizi;lower_better;%;2020;Istat, BES dei Territori;false;false;true
10AMB011;Popolazione esposta al rischio di frane;regione;ambiente_mobilita_servizi;lower_better;%;2020;Istat, BES dei Territori;false;false;true
12SER022;Posti letto per specialità ad elevata assistenza;regione;ambiente_mobilita_servizi;higher_better;per 10.000 abitanti;2022;Istat, BES dei Territori;false;false;true
12SER008;Posti-km offerti dal Tpl;regione;ambiente_mobilita_servizi;higher_better;valore per abitante;2023;Istat, BES dei Territori;false;false;true
10AMB017;Raccolta differenziata dei rifiuti urbani;regione;ambiente_mobilita_servizi;higher_better;%;2023;Istat, BES dei Territori;false;false;true
10AMB024P;Rifiuti urbani prodotti;regione;ambiente_mobilita_servizi;lower_better;kg per abitante;2023;Istat, BES dei Territori;false;false;true
12SER024;Servizio di raccolta differenziata dei rifiuti urbani;regione;ambiente_mobilita_servizi;higher_better;%;2023;Istat, BES dei Territori;false;false;true
09PAE009-N25;09PAE009-N25;regione;cultura_digitale;contextual;per 100 m2;2022;Istat, BES dei Territori;false;false;false
11RIC004P;Addetti nelle imprese culturali;regione;cultura_digitale;higher_better;%;2022;Istat, BES dei Territori;false;false;true
11RIC022;Comuni con servizi per le famiglie interamente on line;regione;cultura_digitale;higher_better;%;2022;Istat, BES dei Territori;false;false;true
12SER020;Copertura della rete fissa di accesso ultra veloce a internet;regione;cultura_digitale;higher_better;%;2024;Istat, BES dei Territori;false;false;true
09PAE002;Densità e rilevanza del patrimonio museale;regione;cultura_digitale;higher_better;per 100 km2;2022;Istat, BES dei Territori;false;false;true
09PAE008;Diffusione delle aziende agrituristiche;regione;cultura_digitale;higher_better;per 100 km2;2023;Istat, BES dei Territori;false;false;true
12SER002;Bambini che hanno usufruito dei servizi comunali per l'infanzia;regione;istruzione_capitale_umano;higher_better;%;2022;Istat, BES dei Territori;false;false;true
02IST011P;Competenza alfabetica non adeguata (studenti classi III scuola secondaria primo grado);regione;istruzione_capitale_umano;lower_better;%;2024;Istat, BES dei Territori;false;false;true
02IST010P;Competenza numerica non adeguata (studenti classi III scuola secondaria primo grado);regione;istruzione_capitale_umano;lower_better;%;2024;Istat, BES dei Territori;false;false;true
02IST006-N22;Giovani che non lavorano e non studiano (NEET);regione;istruzione_capitale_umano;lower_better;%;2024;Istat, BES dei Territori;false;false;true
02IST003P-N22;Laureati e altri titoli terziari (25-39 anni);regione;istruzione_capitale_umano;higher_better;%;2024;Istat, BES dei Territori;false;false;true
11RIC025;Mobilità dei laureati italiani (25-39 anni);regione;istruzione_capitale_umano;higher_better;per 1.000 laureati residenti;2023;Istat, BES dei Territori;false;false;true
02IST001;Partecipazione al sistema scolastico dei bambini di 4-5 anni;regione;istruzione_capitale_umano;higher_better;%;2023;Istat, BES dei Territori;false;false;true
02IST007-N22;Partecipazione alla formazione continua;regione;istruzione_capitale_umano;higher_better;%;2024;Istat, BES dei Territori;false;false;true
02IST004;Passaggio all'università;regione;istruzione_capitale_umano;higher_better;tasso specifico per coorte;2022;Istat, BES dei Territori;false;false;true
02IST002-N22;Persone con almeno il diploma (25-64 anni);regione;istruzione_capitale_umano;higher_better;%;2024;Istat, BES dei Territori;false;false;true
11RIC002;Propensione alla brevettazione;regione;istruzione_capitale_umano;higher_better;per milione di abitanti;2022;Istat, BES dei Territori;false;false;true
03LAV004P;Giornate retribuite nell'anno (lavoratori dipendenti);regione;lavoro_opportunita;higher_better;%;2023;Istat, BES dei Territori;false;false;true
03LAV007;Tasso di infortuni mortali e inabilità permanente;regione;lavoro_opportunita;lower_better;per 10.000 occupati;2022;Istat, BES dei Territori;false;false;true
03LAV002-N22;Tasso di mancata partecipazione al lavoro;regione;lavoro_opportunita;lower_better;%;2024;Istat, BES dei Territori;false;false;true
03LAV006P-N22;Tasso di mancata partecipazione al lavoro giovanile (15-29 anni);regione;lavoro_opportunita;lower_better;%;2024;Istat, BES dei Territori;false;false;true
03LAV001-N22;Tasso di occupazione (20-64 anni);regione;lavoro_opportunita;higher_better;%;2024;Istat, BES dei Territori;false;false;true
03LAV003P-N22;Tasso di occupazione giovanile (15-29 anni);regione;lavoro_opportunita;higher_better;%;2024;Istat, BES dei Territori;false;false;true
04BEC005P;Importo medio annuo pro-capite dei redditi pensionistici;regione;reddito_accessibilita;higher_better;euro;2023;Istat, BES dei Territori;false;false;true
04BEC006P;Pensionati con reddito pensionistico di basso importo;regione;reddito_accessibilita;lower_better;%;2023;Istat, BES dei Territori;false;false;true
04BEC001P;Reddito medio disponibile pro capite;regione;reddito_accessibilita;higher_better;euro;2023;Istat, BES dei Territori;false;false;true
04BEC002P;Retribuzione media annua dei lavoratori dipendenti;regione;reddito_accessibilita;higher_better;euro;2023;Istat, BES dei Territori;false;false;true
04BEC009P;Tasso di ingresso in sofferenza dei prestiti bancari alle famiglie;regione;reddito_accessibilita;lower_better;%;2024;Istat, BES dei Territori;false;false;true
01SAL020;Mortalità evitabile (0-74 anni);regione;salute_cura;lower_better;tasso standardizzato per 10.000;2022;Istat, BES dei Territori;false;false;true
01SAL004;Mortalità infantile;regione;salute_cura;lower_better;per 1.000 nati vivi;2022;Istat, BES dei Territori;false;false;true
01SAL007;Mortalità per demenze e malattie del sistema nervoso (65 anni e più);regione;salute_cura;lower_better;tasso standardizzato per 10.000;2022;Istat, BES dei Territori;false;false;true
01SAL005;Mortalità per incidenti stradali (15-34 anni);regione;salute_cura;lower_better;tasso standardizzato per 10.000;2023;Istat, BES dei Territori;false;false;true
01SAL006;Mortalità per tumore (20-64 anni);regione;salute_cura;lower_better;tasso standardizzato per 10.000;2022;Istat, BES dei Territori;false;false;true
01SAL001;Speranza di vita alla nascita;regione;salute_cura;higher_better;anni (media);2024;Istat, BES dei Territori;false;false;true
06POL012P;Affollamento degli istituti di pena;regione;sicurezza_istituzioni;lower_better;%;2024;Istat, BES dei Territori;false;false;true
07SIC007P;Altri delitti mortali denunciati;regione;sicurezza_istituzioni;lower_better;per 100.000 abitanti;2023;Istat, BES dei Territori;false;false;true
06POL003P;Amministratori comunali con meno di 40 anni;regione;sicurezza_istituzioni;higher_better;%;2024;Istat, BES dei Territori;false;false;true
06POL002P;Amministratori comunali donne;regione;sicurezza_istituzioni;higher_better;%;2024;Istat, BES dei Territori;false;false;true
06POL007P;Amministrazioni provinciali: capacità di riscossione;regione;sicurezza_istituzioni;higher_better;%;2022;Istat, BES dei Territori;false;false;true
06POL009P;Comuni: capacità di riscossione;regione;sicurezza_istituzioni;higher_better;%;2022;Istat, BES dei Territori;false;false;true
07SIC005P;Denunce di borseggio;regione;sicurezza_istituzioni;lower_better;per 100.000 abitanti;2023;Istat, BES dei Territori;false;false;true
07SIC004P;Denunce di furto in abitazione;regione;sicurezza_istituzioni;lower_better;per 100.000 abitanti;2023;Istat, BES dei Territori;false;false;true
07SIC006P;Denunce di rapina;regione;sicurezza_istituzioni;lower_better;per 100.000 abitanti;2023;Istat, BES dei Territori;false;false;true
07SIC008P;Mortalità stradale in ambito extraurbano;regione;sicurezza_istituzioni;lower_better;%;2023;Istat, BES dei Territori;false;false;true
07SIC001P;Omicidi volontari;regione;sicurezza_istituzioni;lower_better;per 100.000 abitanti;2023;Istat, BES dei Territori;false;false;true
05REL008;Organizzazioni non profit;regione;sicurezza_istituzioni;higher_better;per 10.000 abitanti;2022;Istat, BES dei Territori;false;false;true
06POL001;Partecipazione elettorale;regione;sicurezza_istituzioni;higher_better;%;2024;Istat, BES dei Territori;false;false;true
06POL001P;Partecipazione elettorale (elezioni regionali);regione;sicurezza_istituzioni;higher_better;%;2024;Istat, BES dei Territori;false;false;true
05REL007P;Scuole accessibili;regione;sicurezza_istituzioni;higher_better;%;2024;Istat, BES dei Territori;false;false;true
