misura,unita,anno,territorio,valore,fonte,note
"Quota del valore dei ricoveri ordinari e day hospital ricevuti in mobilita attiva erogata dal privato convenzionato","percentuale del valore",2023,Lombardia,73.2,"Fondazione GIMBE, Rapporto Osservatorio 1/2026, tabella 4.5","Denominatore: valore pubblico piu privato dello stesso settore e della stessa regione di destinazione"
"Quota del valore della specialistica ambulatoriale ricevuta in mobilita attiva erogata dal privato convenzionato","percentuale del valore",2023,Lombardia,61.9,"Fondazione GIMBE, Rapporto Osservatorio 1/2026, tabella 4.5","Denominatore: valore pubblico piu privato dello stesso settore e della stessa regione di destinazione"
"Quota del valore dei ricoveri ordinari e day hospital ricevuti in mobilita attiva erogata dal privato convenzionato","percentuale del valore",2023,Emilia-Romagna,59.1,"Fondazione GIMBE, Rapporto Osservatorio 1/2026, tabella 4.5","Denominatore: valore pubblico piu privato dello stesso settore e della stessa regione di destinazione"
"Quota del valore della specialistica ambulatoriale ricevuta in mobilita attiva erogata dal privato convenzionato","percentuale del valore",2023,Emilia-Romagna,25.5,"Fondazione GIMBE, Rapporto Osservatorio 1/2026, tabella 4.5","Denominatore: valore pubblico piu privato dello stesso settore e della stessa regione di destinazione"
"Quota del valore dei ricoveri ordinari e day hospital ricevuti in mobilita attiva erogata dal privato convenzionato","percentuale del valore",2023,Toscana,34.0,"Fondazione GIMBE, Rapporto Osservatorio 1/2026, tabella 4.5","Controllo contrario. Denominatore: valore pubblico piu privato dello stesso settore e della stessa regione di destinazione"
"Quota del valore della specialistica ambulatoriale ricevuta in mobilita attiva erogata dal privato convenzionato","percentuale del valore",2023,Toscana,5.5,"Fondazione GIMBE, Rapporto Osservatorio 1/2026, tabella 4.5","Controllo contrario. Denominatore: valore pubblico piu privato dello stesso settore e della stessa regione di destinazione"
"Quota della spesa dei ricoveri in mobilita effettiva erogata dal privato accreditato","percentuale della spesa",2024,Italia,69.23,"AGENAS, La mobilita sanitaria in Italia, terzo rapporto, edizione 2025, pagina PDF 18","Solo mobilita effettiva, esclusa la casuale e l'apparente. Non confrontabile con le righe GIMBE 2023"
"Quota dei ricoveri in mobilita effettiva erogati dal privato accreditato","percentuale dei ricoveri",2024,Italia,62.62,"AGENAS, La mobilita sanitaria in Italia, terzo rapporto, edizione 2025, pagina PDF 18","Solo mobilita effettiva, esclusa la casuale e l'apparente. Non confrontabile con le righe GIMBE 2023"
"Ricoveri in mobilita effettiva","numero di ricoveri",2024,Italia,544316,"AGENAS, La mobilita sanitaria in Italia, terzo rapporto, edizione 2025, pagina PDF 18","Ricoveri, non pazienti unici"
"Emigrazione ospedaliera in altra regione, acuti in regime ordinario","percentuale dei ricoveri dei residenti",2024,Lombardia,5.3,"Istat, audizione sui LEA del 7 luglio 2026, pagina PDF 18","Residenti che si ricoverano altrove, non erogatori di destinazione. Coincide con bes:12SER025"
"Emigrazione ospedaliera in altra regione, acuti in regime ordinario","percentuale dei ricoveri dei residenti",2024,Emilia-Romagna,5.7,"Istat, audizione sui LEA del 7 luglio 2026, pagina PDF 18","Residenti che si ricoverano altrove, non erogatori di destinazione. Coincide con bes:12SER025"
"Emigrazione ospedaliera in altra regione, acuti in regime ordinario","percentuale dei ricoveri dei residenti",2024,Calabria,22.8,"Istat, audizione sui LEA del 7 luglio 2026, pagina PDF 18","Residenti che si ricoverano altrove, non erogatori di destinazione. Coincide con bes:12SER025. Solo contesto"
"Differenza Lombardia meno Emilia-Romagna nella quota privata dei ricoveri","punti percentuali",2023,Lombardia-Emilia-Romagna,14.1,"Calcolo su valori GIMBE a un decimale","73,2 meno 59,1. Non e una stima causale ne una differenza fra pazienti"
"Differenza Lombardia meno Emilia-Romagna nella quota privata della specialistica","punti percentuali",2023,Lombardia-Emilia-Romagna,36.4,"Calcolo su valori GIMBE a un decimale","61,9 meno 25,5. Non e una stima causale ne una differenza fra pazienti"
