regione,valore_2010,valore_2025,variazione_2010_2025,posto_2010,posto_2025,fonte
Trentino Alto Adige,1.63,1.40,-0.23,1,1,"Istat, Indicatori demografici (2025 stima provvisoria)"
Sicilia,1.42,1.23,-0.19,8,2,"Istat, Indicatori demografici (2025 stima provvisoria)"
Campania,1.44,1.22,-0.22,6,3,"Istat, Indicatori demografici (2025 stima provvisoria)"
Calabria,1.32,1.19,-0.13,17,4,"Istat, Indicatori demografici (2025 stima provvisoria)"
Lombardia,1.56,1.16,-0.40,3,5,"Istat, Indicatori demografici (2025 stima provvisoria)"
Veneto,1.49,1.16,-0.33,5,5,"Istat, Indicatori demografici (2025 stima provvisoria)"
Friuli-Venezia Giulia,1.40,1.15,-0.25,12,7,"Istat, Indicatori demografici (2025 stima provvisoria)"
Emilia-Romagna,1.52,1.14,-0.38,4,8,"Istat, Indicatori demografici (2025 stima provvisoria)"
Valle d'Aosta,1.62,1.12,-0.50,2,9,"Istat, Indicatori demografici (2025 stima provvisoria)"
Liguria,1.35,1.11,-0.24,14,10,"Istat, Indicatori demografici (2025 stima provvisoria)"
Marche,1.41,1.11,-0.30,10,10,"Istat, Indicatori demografici (2025 stima provvisoria)"
Puglia,1.33,1.11,-0.22,16,10,"Istat, Indicatori demografici (2025 stima provvisoria)"
Piemonte,1.42,1.10,-0.32,8,13,"Istat, Indicatori demografici (2025 stima provvisoria)"
Basilicata,1.20,1.08,-0.12,19,14,"Istat, Indicatori demografici (2025 stima provvisoria)"
Toscana,1.40,1.08,-0.32,12,14,"Istat, Indicatori demografici (2025 stima provvisoria)"
Abruzzo,1.34,1.07,-0.27,15,16,"Istat, Indicatori demografici (2025 stima provvisoria)"
Umbria,1.41,1.06,-0.35,10,17,"Istat, Indicatori demografici (2025 stima provvisoria)"
Lazio,1.44,1.05,-0.39,6,18,"Istat, Indicatori demografici (2025 stima provvisoria)"
Molise,1.23,1.02,-0.21,18,19,"Istat, Indicatori demografici (2025 stima provvisoria)"
Sardegna,1.18,0.85,-0.33,20,20,"Istat, Indicatori demografici (2025 stima provvisoria)"
