regione,ripartizione,2018,2024,variazione_punti
Piemonte,Nord,37.4,32.8,-4.6
Valle d'Aosta,Nord,39.2,37.0,-2.1
Liguria,Nord,33.2,28.9,-4.3
Lombardia,Nord,35.3,30.9,-4.4
Trentino Alto Adige,Nord,32.5,27.1,-5.4
Veneto,Nord,35.7,30.8,-5.0
Friuli-Venezia Giulia,Nord,31.7,25.4,-6.3
Emilia-Romagna,Nord,32.2,28.6,-3.6
Toscana,Centro,35.3,32.7,-2.5
Umbria,Centro,31.8,24.3,-7.5
Marche,Centro,35.3,30.0,-5.3
Lazio,Centro,30.3,25.2,-5.1
Abruzzo,Mezzogiorno,33.4,28.8,-4.7
Molise,Mezzogiorno,38.3,31.4,-6.9
Campania,Mezzogiorno,47.2,41.7,-5.4
Puglia,Mezzogiorno,50.0,43.2,-6.9
Basilicata,Mezzogiorno,38.7,34.2,-4.5
Calabria,Mezzogiorno,45.9,38.7,-7.2
Sicilia,Mezzogiorno,48.9,44.1,-4.8
Sardegna,Mezzogiorno,49.2,43.7,-5.5
