territorio,chiave,livello,ripartizione,quota_2004,quota_2010,quota_2019,quota_2022,quota_2023,variazione_2004_2023,posto_2004,posto_2023,fonte
Lombardia,lombardia,regione,Nord,21.7,46.9,61.5,71.0,74.0,52.3,3,1,"Istat, Bes, elaborazione su dati Ministero della Salute"
Veneto,veneto,regione,Nord,17.8,30.5,53.3,64.7,68.7,50.9,4,2,"Istat, Bes, elaborazione su dati Ministero della Salute"
Valle d'Aosta,valle-d-aosta,regione,Nord,12.9,15.6,35.7,59.2,61.1,48.2,11,3,"Istat, Bes, elaborazione su dati Ministero della Salute"
Sardegna,sardegna,regione,Mezzogiorno,10.0,14.3,31.0,48.1,60.6,50.6,17,4,"Istat, Bes, elaborazione su dati Ministero della Salute"
Trentino Alto Adige,trentino-alto-adige,regione,Nord,37.7,44.5,60.1,62.5,60.3,22.6,1,5,"Istat, Bes, elaborazione su dati Ministero della Salute"
Campania,campania,regione,Mezzogiorno,23.4,24.9,34.8,58.4,58.8,35.4,2,6,"Istat, Bes, elaborazione su dati Ministero della Salute"
Emilia-Romagna,emilia-romagna,regione,Nord,16.2,28.4,41.7,51.5,57.6,41.4,5,7,"Istat, Bes, elaborazione su dati Ministero della Salute"
Marche,marche,regione,Centro,15.8,22.1,33.6,45.8,55.5,39.7,6,8,"Istat, Bes, elaborazione su dati Ministero della Salute"
Piemonte,piemonte,regione,Nord,13.3,25.6,38.9,49.0,54.1,40.8,9,9,"Istat, Bes, elaborazione su dati Ministero della Salute"
Friuli-Venezia Giulia,friuli-venezia-giulia,regione,Nord,12.1,24.3,33.1,49.2,52.4,40.3,15,10,"Istat, Bes, elaborazione su dati Ministero della Salute"
Liguria,liguria,regione,Nord,5.8,16.2,31.8,46.7,50.7,44.9,19,11,"Istat, Bes, elaborazione su dati Ministero della Salute"
Toscana,toscana,regione,Centro,12.9,20.5,38.9,48.6,49.4,36.5,10,12,"Istat, Bes, elaborazione su dati Ministero della Salute"
Lazio,lazio,regione,Centro,11.5,19.5,30.8,47.4,48.7,37.2,16,13,"Istat, Bes, elaborazione su dati Ministero della Salute"
Calabria,calabria,regione,Mezzogiorno,12.8,20.9,17.6,27.3,37.2,24.4,12,14,"Istat, Bes, elaborazione su dati Ministero della Salute"
Puglia,puglia,regione,Mezzogiorno,14.0,17.2,17.1,24.4,35.0,21.0,7,15,"Istat, Bes, elaborazione su dati Ministero della Salute"
Umbria,umbria,regione,Centro,12.4,13.7,17.7,28.2,34.8,22.4,14,16,"Istat, Bes, elaborazione su dati Ministero della Salute"
Abruzzo,abruzzo,regione,Mezzogiorno,12.4,17.4,21.1,30.8,30.5,18.1,13,17,"Istat, Bes, elaborazione su dati Ministero della Salute"
Basilicata,basilicata,regione,Mezzogiorno,8.6,7.3,20.6,28.1,29.3,20.7,18,18,"Istat, Bes, elaborazione su dati Ministero della Salute"
Sicilia,sicilia,regione,Mezzogiorno,13.8,13.0,15.2,22.4,25.5,11.7,8,19,"Istat, Bes, elaborazione su dati Ministero della Salute"
Molise,molise,regione,Mezzogiorno,4.6,11.9,12.4,23.2,21.6,17.0,20,20,"Istat, Bes, elaborazione su dati Ministero della Salute"
Italia,italia,paese,,15.8,25.1,36.0,47.7,51.7,35.9,,,"Istat, Bes, elaborazione su dati Ministero della Salute, valori di ripartizione"
Nord,nord,ripartizione,,17.6,33.9,49.7,60.0,63.8,46.2,,,"Istat, Bes, elaborazione su dati Ministero della Salute, valori di ripartizione"
Centro,centro,ripartizione,,12.5,19.7,32.5,46.1,48.7,36.2,,,"Istat, Bes, elaborazione su dati Ministero della Salute, valori di ripartizione"
Mezzogiorno,mezzogiorno,ripartizione,,15.6,17.8,22.5,34.7,39.6,24.0,,,"Istat, Bes, elaborazione su dati Ministero della Salute, valori di ripartizione"
Media semplice delle venti regioni,media-semplice,calcolo,,14.5,21.7,32.3,44.3,48.3,33.8,,,"Elaborazione Divario Italia, non e il dato nazionale"
Distanza Nord meno Mezzogiorno,distanza-nord-mezzogiorno,calcolo,,2.0,16.1,27.2,25.3,24.2,22.2,,,Elaborazione Divario Italia su valori Istat
