regione,chiave,pil_pro_capite_2024_euro,reddito_disponibile_famiglie_per_abitante_2024_euro,reddito_su_100_di_pil,posto_per_pil,posto_per_reddito
Trentino Alto Adige,trentino-alto-adige,54636.7,29344.1,54,1,1
Lombardia,lombardia,50398.9,28154.3,56,2,2
Valle d'Aosta,valle-d-aosta,47742.8,25751.0,54,3,4
Emilia-Romagna,emilia-romagna,44557.0,26683.8,60,4,3
Lazio,lazio,43166.9,24436.7,57,5,10
Veneto,veneto,41496.3,24652.3,59,6,8
Toscana,toscana,39262.0,24495.8,62,7,9
Friuli-Venezia Giulia,friuli-venezia-giulia,39005.1,24780.9,64,8,7
Liguria,liguria,38841.8,25503.6,66,9,5
Piemonte,piemonte,38625.5,25426.3,66,10,6
Marche,marche,34149.1,22489.3,66,11,12
Umbria,umbria,32466.9,22523.9,69,12,11
Abruzzo,abruzzo,32108.7,20310.1,63,13,13
Basilicata,basilicata,28416.3,17816.1,63,14,17
Sardegna,sardegna,27730.8,19869.5,72,15,14
Molise,molise,27697.8,18661.9,67,16,15
Campania,campania,24564.2,17177.1,70,17,19
Puglia,puglia,24327.7,17897.7,74,18,16
Sicilia,sicilia,23308.7,17402.1,75,19,18
Calabria,calabria,21702.2,16795.9,77,20,20
