indicatore,prosa_si_no,impressioni,clic,classe
600,1,0,0,-
398,1,0,0,-
bes:01SAL013,1,0,0,-
99,1,1,0,a
bes:06POL012,1,1,0,a
06POL012P,0,0,0,b
bes:01SAL011,1,60,0,"a,c"
07SIC007P,0,5,0,-
627,1,29,0,"a,c"
630,1,8,0,a
628,1,0,0,-
629,1,0,0,-
06POL003P,0,0,0,b
06POL002P,0,1,0,-
bes:12SER003,1,10,0,a
415,1,6,1,a
bes:05REL006,1,16,1,a
bes:02IST020,1,1,0,a
bes:07SIC003,1,0,0,-
168,1,0,0,-
267,1,1,0,a
115,1,0,0,-
02IST011P,0,0,0,b
bes:SDG-311,1,0,0,-
02IST010P,0,0,0,b
bes:SDG-310,1,0,0,-
bes:02IST025,1,5,1,a
424,1,0,0,-
10AMB001P,1,1,0,a
466,1,0,0,-
bes:10AMB004,1,10,0,a
378,1,0,0,-
379,1,2,1,a
86,1,0,0,-
85,1,2,0,a
373,1,2,0,a
375,1,3,0,a
376,1,27,1,"a,c"
377,1,7,0,a
374,1,3,0,a
437,1,0,0,-
bes:12SER020,1,6,0,a
dem:GROWTHRATEN,1,17,0,a
bes:09PAE009-N25,1,3,0,a
07SIC005P,0,0,0,b
07SIC004P,0,21,0,c
07SIC006P,0,2,0,-
61,1,27,0,"a,c"
57,1,34,0,"a,c"
bes:12SER004,1,0,0,-
142,1,6,0,a
bes:09PAE008,1,1,0,a
635,1,1,0,a
bes:10AMB008,0,5,1,-
592,1,7,1,a
427,1,1,0,a
bes:11RIC021,1,2,0,a
bes:04BEC002,1,18,3,a
611,1,2,0,a
613,1,0,0,-
610,1,0,0,-
612,1,0,0,-
27,1,0,0,-
bes:06POL007,1,0,0,-
bes:06POL011,1,0,0,-
542,1,3,0,a
bes:01SAL009,1,2,0,a
33,1,0,0,-
bes:12SER025,0,0,0,b
590,1,3,0,a
bes:10AMB016,1,7,0,a
dem:MEANAGECH,1,26,2,"a,c"
ipr:eta-media-madre-al-parto,0,0,0,b
920,1,148,4,"a,c"
multiscopo:MULTI_DISAGIO_DIFFICOLTA,0,6,1,-
multiscopo:MULTI_DISAGIO_FACILITA,1,7,0,a
multiscopo:MULTI_ELETTR_DISPLAY,1,0,0,-
multiscopo:MULTI_ELETTR_BOLL,1,3,0,a
multiscopo:MULTI_ZONA_CRIMINALITA,1,5,0,a
multiscopo:MULTI_ZONA_INQUINAMENTO,1,3,0,a
multiscopo:MULTI_ZONA_RUMORI,0,0,0,b
multiscopo:MULTI_DISAGIO_IMPREVISTI,1,7,2,a
multiscopo:MULTI_DISAGIO_RISPARMIO,1,3,1,a
multiscopo:MULTI_BICICLETTE,0,0,0,b
multiscopo:MULTI_CONDIZIONATORI,0,0,0,b
multiscopo:MULTI_ICT_BANDA_LARGA,1,4,0,a
multiscopo:MULTI_ICT_BANDA_LARGA_FISSA,1,4,0,a
multiscopo:MULTI_ICT_BANDA_LARGA_MOBILE,1,2,0,a
multiscopo:MULTI_REDD_FONTE_LAVAUT,0,0,0,b
multiscopo:MULTI_REDD_FONTE_LAVDIP,1,1,0,a
multiscopo:MULTI_REDD_FONTE_TRASF,1,0,0,-
multiscopo:MULTI_ABIT_INFISSI_FATISCENTI,0,0,0,b
multiscopo:MULTI_LAVASTOVIGLIE,0,0,0,b
multiscopo:MULTI_PIU_DI_UN_AUTO,0,0,0,b
multiscopo:MULTI_ABIT_PROBLEMI,0,1,0,-
multiscopo:MULTI_ABIT_UMIDITA,1,12,1,a
multiscopo:MULTI_ABIT_AFFITTO,1,18,1,a
multiscopo:MULTI_ELETTR_TOT,1,0,0,-
multiscopo:MULTI_ABIT_PROPRIETA,1,32,1,"a,c"
agcom:copertura-ftth,0,0,0,b
multiscopo:MULTI_ELETTR_INFO,1,0,0,-
multiscopo:MULTI_ELETTR_CONT,1,0,0,-
multiscopo:MULTI_ELETTR_VOLT,1,0,0,-
bes:05REL009,1,2,0,a
bes:06POL004,1,7,0,a
bes:06POL002,1,6,0,a
bes:06POL003,1,3,0,a
bes:06POL005,1,3,0,a
bes:05REL007,1,0,0,-
bes:02IST024,1,3,1,a
bes:01SAL010,1,231,5,"a,c"
bes:07SIC002,1,10,0,a
384,1,0,0,-
03LAV004P,0,0,0,b
bes:10AMB026,1,0,0,-
bes:10AMB027,1,5,1,a
102,1,19,0,a
bes:02IST006-N22,1,22,3,"a,c"
multiscopo:MULTI_GIOVANI_CON_GENITORI,0,0,0,b
bes:08BSO004,1,0,0,-
bes:08BSO003,1,0,0,-
35,1,1,0,a
97,1,0,0,-
73,1,0,0,-
100,1,2,0,a
597,1,0,0,-
428,1,0,0,-
469,1,4,0,a
426,1,11,0,a
64,1,2,0,a
72,1,3,0,a
bes:04BEC009,0,0,0,b
bes:04BEC008,0,1,0,-
bes:09PAE007,0,0,0,b
bes:10AMB018,1,8,0,a
10AMB018P,0,3,0,-
161,1,1,0,a
122,1,4,0,a
04BEC005P,0,1,0,-
402,1,6,0,a
401,1,0,0,-
417,1,6,0,a
432,1,1,0,a
bes:11RIC023,1,0,0,-
409,1,3,1,a
595,1,1,0,a
158,1,0,0,-
16,1,3,0,a
614,1,0,0,-
93,1,5,3,a
28,1,5,0,a
114,1,14,0,a
598,1,0,0,-
599,1,0,0,-
118,1,1,0,a
multiscopo:MULTI_ABIT_AFFOLLAMENTO,1,10,1,a
244,1,4,1,a
multiscopo:MULTI_SPESA_GINI,1,0,0,-
70,1,0,0,-
71,1,0,0,-
dem:OLDAGEDEPR,1,0,0,-
bes:10AMB025,1,1,0,a
930,1,33,3,"a,c"
631,1,25,4,"a,c"
bes:01SAL003,1,15,1,a
47,1,2,0,a
ipr:indice-di-vecchiaia,0,0,0,b
921,1,78,1,"a,c"
bes:SDG-4,1,0,0,-
bes:09PAE010,1,2,1,a
167,1,2,0,a
bes:11RIC001,1,1,0,a
60,1,7,0,a
471,1,3,0,a
bes:12SER007,1,0,0,-
bes:12SER006,0,0,0,b
bes:02IST026-N22,1,7,1,a
02IST003P-N22,0,2,0,-
bes:11RIC003-N22,1,1,0,a
bes:02IST023,1,43,3,"a,c"
77,1,2,0,a
104,1,417,16,"a,c"
bes:12SER027,1,0,0,-
12SER002P,0,8,1,-
bes:SDG-3,1,3,0,a
bes:11RIC025,1,5,1,a
bes:01SAL005,1,2,0,a
07SIC008P,0,0,0,b
bes:01SAL021,1,3,1,a
67,1,0,0,-
ipr:figli-per-donna,0,0,0,b
922,1,333,6,"a,c"
bes:03LAV021-N22,1,1,0,a
63,1,0,0,-
multiscopo:MULTI_LAVORO_A_PIEDI,0,0,0,b
multiscopo:MULTI_LAVORO_AUTO_PRIVATA,0,0,0,b
multiscopo:MULTI_LAVORO_BICICLETTA,0,0,0,b
bes:03LAV004-N22,1,0,0,-
bes:03LAV006-N25,1,2,0,a
bes:11RIC006-N22,1,2,0,a
bes:07SIC001,1,1,0,a
07SIC001P,0,8,0,-
eur:lfst_r_lfe2ehour,0,0,0,b
bes:05REL008,1,2,0,a
637,1,1,0,a
638,1,1,0,a
640,1,0,0,-
639,1,2,0,a
bes:03LAV014-N22,1,1,0,a
bes:02IST001,1,0,0,-
bes:02IST007-N22,1,0,0,-
bes:05REL005,1,1,0,a
bes:02IST022,1,4,0,a
108,1,0,0,-
bes:06POL001,1,3,0,a
bes:05REL010,1,2,1,a
bes:02IST004,1,1,0,a
268,1,1,0,a
bes:07SIC010,1,0,0,-
429,1,4,0,a
04BEC006P,0,3,2,-
232,1,18,0,a
641,1,19,0,a
651,1,0,0,-
647,1,1,0,a
646,1,1,0,a
645,1,0,0,-
642,1,0,0,-
643,1,0,0,-
644,1,0,0,-
650,1,0,0,-
bes:07SIC022,1,5,0,a
bes:03LAV013-N22,1,0,0,-
bes:07SIC020,1,6,2,a
eur:rd_p_persreg,1,0,0,-
285,1,12,0,a
multiscopo:MULTI_INCIDENTI_DOMESTICI,0,0,0,b
multiscopo:MULTI_PRONTO_SOCCORSO,0,0,0,b
multiscopo:MULTI_GUARDIA_MEDICA,0,0,0,b
371,1,10,0,a
bes:02IST002-N22,1,0,0,-
multiscopo:MULTI_SATLIFE_0,1,0,0,-
multiscopo:MULTI_SATLIFE_1,1,1,0,a
multiscopo:MULTI_SATLIFE_10,1,1,0,a
multiscopo:MULTI_SATLIFE_2,1,0,0,-
multiscopo:MULTI_SATLIFE_3,1,0,0,-
multiscopo:MULTI_SATLIFE_4,1,0,0,-
multiscopo:MULTI_SATLIFE_5,1,1,0,a
multiscopo:MULTI_SATLIFE_6,1,1,0,a
multiscopo:MULTI_SATLIFE_7,1,0,0,-
multiscopo:MULTI_SATLIFE_8,1,0,0,-
multiscopo:MULTI_SATLIFE_9,1,2,0,a
multiscopo:MULTI_BMI_NORMO,1,3,0,a
multiscopo:MULTI_BMI_OBESI,1,6,0,a
multiscopo:MULTI_BMI_SOTTO,1,2,0,a
multiscopo:MULTI_BMI_SOVRA,1,8,0,a
multiscopo:MULTI_COLAZIONE_ADEGUATA,0,0,0,b
multiscopo:MULTI_CINQUE_PORZIONI,0,0,0,b
multiscopo:MULTI_SITI_ARCHEOLOGICI,0,0,0,b
multiscopo:MULTI_AMICI_OGNI_GIORNO,0,0,0,b
multiscopo:MULTI_TEATRO,0,0,0,b
multiscopo:MULTI_CINEMA,0,0,0,b
eur:ilc_mdes01_r,0,0,0,b
bes:05REL003,1,2,0,a
901,1,3686,46,"a,c"
278,1,3,0,a
277,1,0,0,-
bes:10AMB011,1,1,0,a
269,1,1,0,a
bes:12SER008,1,3,0,a
bes:SDG-405,1,5,0,a
bes:12SER022,1,0,0,-
81,1,8,1,a
bes:07SIC008,1,0,0,-
bes:10AMB023,1,0,0,-
bes:09PAE011,1,0,0,-
bes:10AMB015,1,0,0,-
144,1,2,1,a
414,1,1,0,a
bes:07SIC021,1,1,0,a
bes:09PAE006,1,1,0,a
34,1,1,0,a
31,1,18,1,a
1,1,6,0,a
133,1,3,0,a
596,1,2,1,a
130,1,6,1,a
107,1,2,0,a
123,1,2,0,a
124,1,5,0,a
bes:10AMB020,1,4,0,a
53,1,2,0,a
594,1,2,0,a
523,1,5,0,a
aci:autovetture-alimentazione-alternativa,0,0,0,b
aci:autovetture-ante-2009,0,0,0,b
530,1,1,0,a
eur:tour_occ_nin2,0,0,0,b
dem:POP014,1,11,0,a
dem:POP1564,1,4,0,a
dem:POP65OVER,1,12,1,a
593,1,0,0,-
413,1,0,0,-
10AMB017,0,0,0,b
52,1,6,0,a
bes:07SIC004,1,1,0,a
multiscopo:MULTI_SPESA_INTERQUINTILE,1,3,0,a
bes:03LAV009-N22,1,5,1,a
905,1,0,0,-
902,1,11,0,a
bes:04BEC001,1,5,0,a
04BEC001P,0,93,4,c
multiscopo:MULTI_REDD_MEDIANO,1,12,0,a
multiscopo:MULTI_REDD_MEDIO,1,79,3,"a,c"
906,1,0,0,-
04BEC002P,1,1163,0,"a,c"
416,1,1,0,a
multiscopo:MULTI_RICOVERO_ASSISTENZA_MEDICA,0,0,0,b
bes:10AMB024,1,0,0,-
10AMB024P,0,1,0,-
84,1,2,0,a
bes:12SER026,1,10,2,a
bes:04BEC003,0,0,0,b
907,1,0,0,-
dem:NMIGRATEAB,1,8,0,a
dem:NMIGRATEIN,1,0,0,-
ipr:saldo-migratorio-interno,0,0,0,b
923,1,7,3,a
eur:hrst_st_rcat,0,0,0,b
05REL007P,0,3,0,-
bes:01SAL012,1,1,0,a
bes:12SER024,1,0,0,-
bes:04BEC020,1,2,1,a
bes:12SER010,1,2,0,a
bes:03LAV022-N22,1,0,0,-
bes:08BSO002,1,0,0,-
bes:08BSO001,1,6,0,a
bes:10AMB009,1,1,1,a
bes:05REL002,1,0,0,-
bes:05REL001,1,2,0,a
419,1,0,0,-
ipr:speranza-di-vita-65,0,0,0,b
913,1,40,1,"a,c"
bes:01SAL001,0,0,0,b
910,1,209,2,"a,c"
bes:01SAL002,1,12,0,a
bes:01SAL008,1,3,1,a
bes:09PAE001,1,2,0,a
653,1,4,0,a
654,1,3,0,a
634,1,0,0,-
25,1,0,0,-
eur:rd_e_gerdreg,1,0,0,-
multiscopo:MULTI_ABIT_SPESA_REDDITO,1,0,0,-
multiscopo:MULTI_ABIT_SPESA_EURO,1,10,0,a
150,1,0,0,-
255,1,3,0,a
514,1,1,0,a
5,1,16,2,a
ipr:tasso-di-attivita,0,0,0,b
250,1,1,0,a
dem:GROWTHRATET,1,17,1,a
282,1,1,0,a
ipr:tasso-di-disoccupazione,0,0,0,b
17,1,255,5,"a,c"
15,1,73,6,"a,c"
12,1,700,53,"a,c"
279,1,7,0,a
04BEC009P,0,1,0,-
148,1,6,0,a
241,1,0,0,-
242,1,0,0,-
339,1,1,0,a
03LAV006P-N22,0,0,0,b
bes:03LAV002-N22,1,8,0,a
396,1,3,0,a
54,1,1,0,a
dem:BIRTHRATE,1,0,0,-
ipr:tasso-di-natalita,0,0,0,b
dem:MARRATE,1,12,1,a
bes:03LAV001-N22,1,5,0,a
345,1,8,0,a
455,1,0,0,-
03LAV003P-N22,0,6,2,-
407,1,0,0,-
460,1,0,0,-
14,1,1,0,a
13,1,430,30,"a,c"
281,1,301,8,"a,c"
248,1,1,0,a
280,1,0,0,-
101,1,46,1,"a,c"
397,1,1,0,a
105,1,8,0,a
408,1,11,2,a
eur:tour_occ_anor2,0,0,0,b
157,1,22,3,"a,c"
bes:03LAV003,1,1,0,a
165,1,1,0,a
bes:02IST005-N22,1,7,0,a
bes:12SER021,1,1,0,a
multiscopo:MULTI_BUS_COMODITA_ORARI,0,0,0,b
multiscopo:MULTI_BUS_ATTESA_FERMATA,0,0,0,b
multiscopo:MULTI_BUS_FREQUENZA_CORSE,0,0,0,b
multiscopo:MULTI_ASL_FILA_OLTRE_20_MIN,0,0,0,b
multiscopo:MULTI_BANCA_FILA_OLTRE_20_MIN,0,0,0,b
bes:11RIC020,1,0,0,-
434,1,0,0,-
903,1,6,0,a
904,1,8,0,a
438,1,9,0,a
