indicator_id;level;territory_key;year;value
AGCOM_FTTH;provincia;agrigento;2025;86.08
AGCOM_FTTH;provincia;alessandria;2025;65.67
AGCOM_FTTH;provincia;ancona;2025;78.89
AGCOM_FTTH;provincia;aosta;2025;58.63
AGCOM_FTTH;provincia;arezzo;2025;57.83
AGCOM_FTTH;provincia;ascoli-piceno;2025;78.80
AGCOM_FTTH;provincia;asti;2025;63.75
AGCOM_FTTH;provincia;avellino;2025;67.51
AGCOM_FTTH;provincia;bari;2025;93.62
AGCOM_FTTH;provincia;barletta-andria-trani;2025;92.52
AGCOM_FTTH;provincia;belluno;2025;59.57
AGCOM_FTTH;provincia;benevento;2025;61.83
AGCOM_FTTH;provincia;bergamo;2025;73.29
AGCOM_FTTH;provincia;biella;2025;64.91
AGCOM_FTTH;provincia;bologna;2025;79.13
AGCOM_FTTH;provincia;brescia;2025;74.73
AGCOM_FTTH;provincia;brindisi;2025;76.73
AGCOM_FTTH;provincia;cagliari;2025;91.69
AGCOM_FTTH;provincia;caltanissetta;2025;92.96
AGCOM_FTTH;provincia;campobasso;2025;87.21
AGCOM_FTTH;provincia;caserta;2025;78.28
AGCOM_FTTH;provincia;catania;2025;90.82
AGCOM_FTTH;provincia;catanzaro;2025;75.46
AGCOM_FTTH;provincia;chieti;2025;79.22
AGCOM_FTTH;provincia;como;2025;71.45
AGCOM_FTTH;provincia;cosenza;2025;60.92
AGCOM_FTTH;provincia;cremona;2025;77.21
AGCOM_FTTH;provincia;crotone;2025;70.66
AGCOM_FTTH;provincia;cuneo;2025;57.73
AGCOM_FTTH;provincia;enna;2025;84.91
AGCOM_FTTH;provincia;fermo;2025;75.18
AGCOM_FTTH;provincia;ferrara;2025;75.11
AGCOM_FTTH;provincia;firenze;2025;78.03
AGCOM_FTTH;provincia;foggia;2025;82.85
AGCOM_FTTH;provincia;forli-cesena;2025;71.49
AGCOM_FTTH;provincia;frosinone;2025;63.91
AGCOM_FTTH;provincia;genova;2025;79.79
AGCOM_FTTH;provincia;gorizia;2025;71.74
AGCOM_FTTH;provincia;grosseto;2025;74.85
AGCOM_FTTH;provincia;imperia;2025;39.47
AGCOM_FTTH;provincia;isernia;2025;82.32
AGCOM_FTTH;provincia;l-aquila;2025;81.89
AGCOM_FTTH;provincia;la-spezia;2025;56.71
AGCOM_FTTH;provincia;latina;2025;64.18
AGCOM_FTTH;provincia;lecce;2025;69.61
AGCOM_FTTH;provincia;lecco;2025;60.25
AGCOM_FTTH;provincia;livorno;2025;53.52
AGCOM_FTTH;provincia;lodi;2025;70.72
AGCOM_FTTH;provincia;lucca;2025;57.65
AGCOM_FTTH;provincia;macerata;2025;72.98
AGCOM_FTTH;provincia;mantova;2025;77.53
AGCOM_FTTH;provincia;massa-carrara;2025;73.51
AGCOM_FTTH;provincia;matera;2025;82.67
AGCOM_FTTH;provincia;messina;2025;85.64
AGCOM_FTTH;provincia;milano;2025;90.43
AGCOM_FTTH;provincia;modena;2025;79.25
AGCOM_FTTH;provincia;monza-e-della-brianza;2025;80.28
AGCOM_FTTH;provincia;napoli;2025;86.37
AGCOM_FTTH;provincia;novara;2025;68.30
AGCOM_FTTH;provincia;nuoro;2025;65.58
AGCOM_FTTH;provincia;oristano;2025;59.95
AGCOM_FTTH;provincia;padova;2025;79.71
AGCOM_FTTH;provincia;palermo;2025;95.14
AGCOM_FTTH;provincia;parma;2025;74.03
AGCOM_FTTH;provincia;pavia;2025;67.91
AGCOM_FTTH;provincia;perugia;2025;69.39
AGCOM_FTTH;provincia;pesaro-e-urbino;2025;72.12
AGCOM_FTTH;provincia;pescara;2025;92.04
AGCOM_FTTH;provincia;piacenza;2025;78.72
AGCOM_FTTH;provincia;pisa;2025;64.94
AGCOM_FTTH;provincia;pistoia;2025;56.46
AGCOM_FTTH;provincia;pordenone;2025;61.99
AGCOM_FTTH;provincia;potenza;2025;73.86
AGCOM_FTTH;provincia;prato;2025;91.34
AGCOM_FTTH;provincia;ragusa;2025;87.81
AGCOM_FTTH;provincia;ravenna;2025;78.79
AGCOM_FTTH;provincia;reggio-calabria;2025;58.98
AGCOM_FTTH;provincia;reggio-emilia;2025;76.45
AGCOM_FTTH;provincia;rieti;2025;73.70
AGCOM_FTTH;provincia;rimini;2025;79.40
AGCOM_FTTH;provincia;roma;2025;88.62
AGCOM_FTTH;provincia;rovigo;2025;70.95
AGCOM_FTTH;provincia;salerno;2025;74.30
AGCOM_FTTH;provincia;sassari;2025;72.70
AGCOM_FTTH;provincia;savona;2025;53.87
AGCOM_FTTH;provincia;siena;2025;65.47
AGCOM_FTTH;provincia;siracusa;2025;79.57
AGCOM_FTTH;provincia;sondrio;2025;64.24
AGCOM_FTTH;provincia;sud-sardegna;2025;64.44
AGCOM_FTTH;provincia;taranto;2025;83.49
AGCOM_FTTH;provincia;teramo;2025;68.67
AGCOM_FTTH;provincia;terni;2025;68.43
AGCOM_FTTH;provincia;torino;2025;83.59
AGCOM_FTTH;provincia;trapani;2025;84.78
AGCOM_FTTH;provincia;treviso;2025;68.35
AGCOM_FTTH;provincia;trieste;2025;92.21
AGCOM_FTTH;provincia;udine;2025;64.64
AGCOM_FTTH;provincia;varese;2025;71.68
AGCOM_FTTH;provincia;venezia;2025;73.89
AGCOM_FTTH;provincia;verbano-cusio-ossola;2025;42.70
AGCOM_FTTH;provincia;vercelli;2025;64.49
AGCOM_FTTH;provincia;verona;2025;77.24
AGCOM_FTTH;provincia;vibo-valentia;2025;68.94
AGCOM_FTTH;provincia;vicenza;2025;70.10
AGCOM_FTTH;provincia;viterbo;2025;69.39
AGCOM_FTTH;regione;abruzzo;2025;80.52
AGCOM_FTTH;regione;basilicata;2025;76.99
AGCOM_FTTH;regione;calabria;2025;64.57
AGCOM_FTTH;regione;campania;2025;80.03
AGCOM_FTTH;regione;emilia-romagna;2025;77.32
AGCOM_FTTH;regione;friuli-venezia-giulia;2025;70.67
AGCOM_FTTH;regione;lazio;2025;83.06
AGCOM_FTTH;regione;liguria;2025;66.40
AGCOM_FTTH;regione;lombardia;2025;79.04
AGCOM_FTTH;regione;marche;2025;75.68
AGCOM_FTTH;regione;molise;2025;85.86
AGCOM_FTTH;regione;piemonte;2025;73.20
AGCOM_FTTH;regione;puglia;2025;83.84
AGCOM_FTTH;regione;sardegna;2025;73.93
AGCOM_FTTH;regione;sicilia;2025;89.06
AGCOM_FTTH;regione;toscana;2025;68.28
AGCOM_FTTH;regione;trentino-alto-adige;2025;82.65
AGCOM_FTTH;regione;umbria;2025;69.13
AGCOM_FTTH;regione;valle-d-aosta;2025;58.63
AGCOM_FTTH;regione;veneto;2025;73.23
