indicator_id;name;institution;unit;decimals;direction;theme;source_url;method_url;license;license_quote;year_min;year_max;n_provincia;n_regione;note
AVQ_PRONTO_SOCCORSO;Persone che hanno usato il pronto soccorso negli ultimi 3 mesi;Istat, Indagine Multiscopo sulle famiglie Aspetti della vita quotidiana;per 1000 persone;1;contextual;Salute;https://esploradati.istat.it/SDMXWS/rest/data/83_63_DF_DCCV_AVQ_PERSONE_216;https://esploradati.istat.it/RefMeta/template/GenericMetadataTemplate.html?nodeId=DW&metadataSetId=MS_ISTAT_TOPMETA2&reportId=DCCV_AVQ_PERSONE&lang=en&BaseUrlMDA=https://esploradati.istat.it/METADATA_API;CC BY 4.0;Salvo diversa indicazione, tutti i contenuti pubblicati su questo sito sono soggetti alla licenza Creative Commons – Attribuzione – versione 4.0;2001;2025;0;20;Verso non onesto: un uso alto puo segnalare accesso come medicina territoriale debole. Campione piccolo, serie rumorosa: leggere la serie, non il singolo anno. Flusso 83_63_DF_DCCV_AVQ_PERSONE_216, DATA_TYPE 0_FA, MEASURE TSC, SEX=9. Trentino Alto Adige: media ponderata sulla popolazione di Bolzano e Trento.
AVQ_GUARDIA_MEDICA;Persone che hanno usato la guardia medica negli ultimi 3 mesi;Istat, Indagine Multiscopo sulle famiglie Aspetti della vita quotidiana;per 1000 persone;1;contextual;Salute;https://esploradati.istat.it/SDMXWS/rest/data/83_63_DF_DCCV_AVQ_PERSONE_216;https://esploradati.istat.it/RefMeta/template/GenericMetadataTemplate.html?nodeId=DW&metadataSetId=MS_ISTAT_TOPMETA2&reportId=DCCV_AVQ_PERSONE&lang=en&BaseUrlMDA=https://esploradati.istat.it/METADATA_API;CC BY 4.0;Salvo diversa indicazione, tutti i contenuti pubblicati su questo sito sono soggetti alla licenza Creative Commons – Attribuzione – versione 4.0;2001;2025;0;20;Verso non onesto. Campione piccolo, serie rumorosa: leggere la serie, non il singolo anno. Flusso 83_63_DF_DCCV_AVQ_PERSONE_216, DATA_TYPE 0_MG, MEASURE TSC, SEX=9. Trentino Alto Adige: media ponderata sulla popolazione di Bolzano e Trento.
AVQ_ASL_FILA_OLTRE_20_MIN;Utenti della ASL con una fila di oltre 20 minuti;Istat, Indagine Multiscopo sulle famiglie Aspetti della vita quotidiana;%;1;lower_better;Salute;https://esploradati.istat.it/SDMXWS/rest/data/83_85_DF_DCCV_AVQ_PERSONE1_104;https://esploradati.istat.it/RefMeta/template/GenericMetadataTemplate.html?nodeId=DW&metadataSetId=MS_ISTAT_TOPMETA2&reportId=DCCV_AVQ_PERSONE1&lang=en&BaseUrlMDA=https://esploradati.istat.it/METADATA_API;CC BY 4.0;Salvo diversa indicazione, tutti i contenuti pubblicati su questo sito sono soggetti alla licenza Creative Commons – Attribuzione – versione 4.0;2001;2025;0;20;Base: persone di 18 anni e piu che si sono recate alla ASL, non l'intera popolazione. Flusso 83_85_DF_DCCV_AVQ_PERSONE1_104, DATA_TYPE 18_ASL_DUR_GE20, MEASURE HSC, SEX=9. Trentino Alto Adige: media ponderata sulla popolazione di Bolzano e Trento.
AVQ_BANCA_FILA_OLTRE_20_MIN;Utenti della banca con una fila di oltre 20 minuti;Istat, Indagine Multiscopo sulle famiglie Aspetti della vita quotidiana;%;1;lower_better;Benessere economico;https://esploradati.istat.it/SDMXWS/rest/data/83_85_DF_DCCV_AVQ_PERSONE1_109;https://esploradati.istat.it/RefMeta/template/GenericMetadataTemplate.html?nodeId=DW&metadataSetId=MS_ISTAT_TOPMETA2&reportId=DCCV_AVQ_PERSONE1&lang=en&BaseUrlMDA=https://esploradati.istat.it/METADATA_API;CC BY 4.0;Salvo diversa indicazione, tutti i contenuti pubblicati su questo sito sono soggetti alla licenza Creative Commons – Attribuzione – versione 4.0;2001;2025;0;20;Base: persone di 18 anni e piu che si sono recate in banca. Tema proposto, il piu vicino fra quelli Multiscopo. Flusso 83_85_DF_DCCV_AVQ_PERSONE1_109, DATA_TYPE 18_BA_DUR_GE20, MEASURE HSC, SEX=9. Trentino Alto Adige: media ponderata sulla popolazione di Bolzano e Trento.
AVQ_RICOVERO_ASSISTENZA_MEDICA;Ricoverati soddisfatti dell'assistenza medica;Istat, Indagine Multiscopo sulle famiglie Aspetti della vita quotidiana;%;1;higher_better;Salute;https://esploradati.istat.it/SDMXWS/rest/data/83_63_DF_DCCV_AVQ_PERSONE_256;https://esploradati.istat.it/RefMeta/template/GenericMetadataTemplate.html?nodeId=DW&metadataSetId=MS_ISTAT_TOPMETA2&reportId=DCCV_AVQ_PERSONE&lang=en&BaseUrlMDA=https://esploradati.istat.it/METADATA_API;CC BY 4.0;Salvo diversa indicazione, tutti i contenuti pubblicati su questo sito sono soggetti alla licenza Creative Commons – Attribuzione – versione 4.0;2001;2025;0;20;Base: persone con un ricovero nei tre mesi precedenti l'intervista. Campione piccolo, serie rumorosa: leggere la serie, non il singolo anno. Non usare in indici compositi. Flusso 83_63_DF_DCCV_AVQ_PERSONE_256, DATA_TYPE 0_MED_CAREQ, MEASURE HSC, SEX=9. Trentino Alto Adige: media ponderata sulla popolazione di Bolzano e Trento.
AVQ_INCIDENTI_DOMESTICI;Persone che hanno subito incidenti domestici negli ultimi 3 mesi;Istat, Indagine Multiscopo sulle famiglie Aspetti della vita quotidiana;per 1000 persone;1;lower_better;Salute;https://esploradati.istat.it/SDMXWS/rest/data/83_85_DF_DCCV_AVQ_PERSONE1_235;https://esploradati.istat.it/RefMeta/template/GenericMetadataTemplate.html?nodeId=DW&metadataSetId=MS_ISTAT_TOPMETA2&reportId=DCCV_AVQ_PERSONE1&lang=en&BaseUrlMDA=https://esploradati.istat.it/METADATA_API;CC BY 4.0;Salvo diversa indicazione, tutti i contenuti pubblicati su questo sito sono soggetti alla licenza Creative Commons – Attribuzione – versione 4.0;2001;2025;0;20;Conteggio raro, valori piccoli e molto rumorosi: leggere la serie, non il singolo anno. Flusso 83_85_DF_DCCV_AVQ_PERSONE1_235, DATA_TYPE 0_DOM_ACC, MEASURE TSC, SEX=9. Trentino Alto Adige: media ponderata sulla popolazione di Bolzano e Trento.
AVQ_BUS_FREQUENZA_CORSE;Utenti del bus soddisfatti della frequenza delle corse;Istat, Indagine Multiscopo sulle famiglie Aspetti della vita quotidiana;%;1;higher_better;Benessere soggettivo;https://esploradati.istat.it/SDMXWS/rest/data/83_63_DF_DCCV_AVQ_PERSONE_160;https://esploradati.istat.it/RefMeta/template/GenericMetadataTemplate.html?nodeId=DW&metadataSetId=MS_ISTAT_TOPMETA2&reportId=DCCV_AVQ_PERSONE&lang=en&BaseUrlMDA=https://esploradati.istat.it/METADATA_API;CC BY 4.0;Salvo diversa indicazione, tutti i contenuti pubblicati su questo sito sono soggetti alla licenza Creative Commons – Attribuzione – versione 4.0;2001;2025;0;20;Base: utenti di autobus, filobus e tram di 14 anni e piu. Dettaglio dei composti BES sul trasporto pubblico. Flusso 83_63_DF_DCCV_AVQ_PERSONE_160, DATA_TYPE 14_BUS_SAT_FC, MEASURE HSC, SEX=9. Trentino Alto Adige: media ponderata sulla popolazione di Bolzano e Trento.
AVQ_BUS_ATTESA_FERMATA;Utenti del bus soddisfatti della comodita dell'attesa alla fermata;Istat, Indagine Multiscopo sulle famiglie Aspetti della vita quotidiana;%;1;higher_better;Benessere soggettivo;https://esploradati.istat.it/SDMXWS/rest/data/83_63_DF_DCCV_AVQ_PERSONE_160;https://esploradati.istat.it/RefMeta/template/GenericMetadataTemplate.html?nodeId=DW&metadataSetId=MS_ISTAT_TOPMETA2&reportId=DCCV_AVQ_PERSONE&lang=en&BaseUrlMDA=https://esploradati.istat.it/METADATA_API;CC BY 4.0;Salvo diversa indicazione, tutti i contenuti pubblicati su questo sito sono soggetti alla licenza Creative Commons – Attribuzione – versione 4.0;2001;2025;0;20;Base: utenti di autobus, filobus e tram di 14 anni e piu. Flusso 83_63_DF_DCCV_AVQ_PERSONE_160, DATA_TYPE 14_BUS_SAT_WAIT, MEASURE HSC, SEX=9. Trentino Alto Adige: media ponderata sulla popolazione di Bolzano e Trento.
AVQ_BUS_COMODITA_ORARI;Utenti del bus soddisfatti della comodita degli orari;Istat, Indagine Multiscopo sulle famiglie Aspetti della vita quotidiana;%;1;higher_better;Benessere soggettivo;https://esploradati.istat.it/SDMXWS/rest/data/83_63_DF_DCCV_AVQ_PERSONE_160;https://esploradati.istat.it/RefMeta/template/GenericMetadataTemplate.html?nodeId=DW&metadataSetId=MS_ISTAT_TOPMETA2&reportId=DCCV_AVQ_PERSONE&lang=en&BaseUrlMDA=https://esploradati.istat.it/METADATA_API;CC BY 4.0;Salvo diversa indicazione, tutti i contenuti pubblicati su questo sito sono soggetti alla licenza Creative Commons – Attribuzione – versione 4.0;2001;2025;0;20;Base: utenti di autobus, filobus e tram di 14 anni e piu. Flusso 83_63_DF_DCCV_AVQ_PERSONE_160, DATA_TYPE 14_BUS_SAT_COMF, MEASURE HSC, SEX=9. Trentino Alto Adige: media ponderata sulla popolazione di Bolzano e Trento.
AVQ_LAVORO_AUTO_PRIVATA;Occupati che vanno al lavoro in auto privata come conducente;Istat, Indagine Multiscopo sulle famiglie Aspetti della vita quotidiana;%;1;contextual;Ambiente;https://esploradati.istat.it/SDMXWS/rest/data/83_63_DF_DCCV_AVQ_PERSONE_170;https://esploradati.istat.it/RefMeta/template/GenericMetadataTemplate.html?nodeId=DW&metadataSetId=MS_ISTAT_TOPMETA2&reportId=DCCV_AVQ_PERSONE&lang=en&BaseUrlMDA=https://esploradati.istat.it/METADATA_API;CC BY 4.0;Salvo diversa indicazione, tutti i contenuti pubblicati su questo sito sono soggetti alla licenza Creative Commons – Attribuzione – versione 4.0;2001;2025;0;20;Base: occupati che escono di casa per andare al lavoro. Flusso 83_63_DF_DCCV_AVQ_PERSONE_170, DATA_TYPE 15_EMPMOV_PCAR, MEASURE HSC, SEX=9. Trentino Alto Adige: media ponderata sulla popolazione di Bolzano e Trento.
AVQ_LAVORO_A_PIEDI;Occupati che vanno al lavoro a piedi;Istat, Indagine Multiscopo sulle famiglie Aspetti della vita quotidiana;%;1;contextual;Ambiente;https://esploradati.istat.it/SDMXWS/rest/data/83_63_DF_DCCV_AVQ_PERSONE_170;https://esploradati.istat.it/RefMeta/template/GenericMetadataTemplate.html?nodeId=DW&metadataSetId=MS_ISTAT_TOPMETA2&reportId=DCCV_AVQ_PERSONE&lang=en&BaseUrlMDA=https://esploradati.istat.it/METADATA_API;CC BY 4.0;Salvo diversa indicazione, tutti i contenuti pubblicati su questo sito sono soggetti alla licenza Creative Commons – Attribuzione – versione 4.0;2001;2025;0;20;Base: occupati che escono di casa per andare al lavoro. Flusso 83_63_DF_DCCV_AVQ_PERSONE_170, DATA_TYPE 15_EMPMOV_FOOT, MEASURE HSC, SEX=9. Trentino Alto Adige: media ponderata sulla popolazione di Bolzano e Trento.
AVQ_LAVORO_BICICLETTA;Occupati che vanno al lavoro in bicicletta;Istat, Indagine Multiscopo sulle famiglie Aspetti della vita quotidiana;%;1;contextual;Ambiente;https://esploradati.istat.it/SDMXWS/rest/data/83_63_DF_DCCV_AVQ_PERSONE_170;https://esploradati.istat.it/RefMeta/template/GenericMetadataTemplate.html?nodeId=DW&metadataSetId=MS_ISTAT_TOPMETA2&reportId=DCCV_AVQ_PERSONE&lang=en&BaseUrlMDA=https://esploradati.istat.it/METADATA_API;CC BY 4.0;Salvo diversa indicazione, tutti i contenuti pubblicati su questo sito sono soggetti alla licenza Creative Commons – Attribuzione – versione 4.0;2001;2025;0;20;Base: occupati che escono di casa per andare al lavoro. Valori molto bassi in alcune regions. Flusso 83_63_DF_DCCV_AVQ_PERSONE_170, DATA_TYPE 15_EMPMOV_BICYC, MEASURE HSC, SEX=9. Trentino Alto Adige: media ponderata sulla popolazione di Bolzano e Trento.
AVQ_GIOVANI_CON_GENITORI;Giovani di 18-34 anni, celibi e nubili, che vivono con almeno un genitore;Istat, Indagine Multiscopo sulle famiglie Aspetti della vita quotidiana;%;1;contextual;Abitazione;https://esploradati.istat.it/SDMXWS/rest/data/83_63_DF_DCCV_AVQ_PERSONE_121;https://esploradati.istat.it/RefMeta/template/GenericMetadataTemplate.html?nodeId=DW&metadataSetId=MS_ISTAT_TOPMETA2&reportId=DCCV_AVQ_PERSONE&lang=en&BaseUrlMDA=https://esploradati.istat.it/METADATA_API;CC BY 4.0;Salvo diversa indicazione, tutti i contenuti pubblicati su questo sito sono soggetti alla licenza Creative Commons – Attribuzione – versione 4.0;2001;2025;0;20;Verso non onesto: dipende anche dai costi di casa. Flusso 83_63_DF_DCCV_AVQ_PERSONE_121, DATA_TYPE 18_YOUNG, MEASURE HSC, SEX=9. Trentino Alto Adige: media ponderata sulla popolazione di Bolzano e Trento.
AVQ_TEATRO;Persone di 6 anni e piu che sono andate a teatro nell'ultimo anno;Istat, Indagine Multiscopo sulle famiglie Aspetti della vita quotidiana;%;1;higher_better;Benessere soggettivo;https://esploradati.istat.it/SDMXWS/rest/data/83_63_DF_DCCV_AVQ_PERSONE_227;https://esploradati.istat.it/RefMeta/template/GenericMetadataTemplate.html?nodeId=DW&metadataSetId=MS_ISTAT_TOPMETA2&reportId=DCCV_AVQ_PERSONE&lang=en&BaseUrlMDA=https://esploradati.istat.it/METADATA_API;CC BY 4.0;Salvo diversa indicazione, tutti i contenuti pubblicati su questo sito sono soggetti alla licenza Creative Commons – Attribuzione – versione 4.0;2001;2025;0;20;Dettaglio per forma di spettacolo del composto BES sulla partecipazione culturale. Flusso 83_63_DF_DCCV_AVQ_PERSONE_227, DATA_TYPE 6_THEATR, MEASURE HSC, SEX=9. Trentino Alto Adige: media ponderata sulla popolazione di Bolzano e Trento.
AVQ_CINEMA;Persone di 6 anni e piu che sono andate al cinema nell'ultimo anno;Istat, Indagine Multiscopo sulle famiglie Aspetti della vita quotidiana;%;1;higher_better;Benessere soggettivo;https://esploradati.istat.it/SDMXWS/rest/data/83_63_DF_DCCV_AVQ_PERSONE_227;https://esploradati.istat.it/RefMeta/template/GenericMetadataTemplate.html?nodeId=DW&metadataSetId=MS_ISTAT_TOPMETA2&reportId=DCCV_AVQ_PERSONE&lang=en&BaseUrlMDA=https://esploradati.istat.it/METADATA_API;CC BY 4.0;Salvo diversa indicazione, tutti i contenuti pubblicati su questo sito sono soggetti alla licenza Creative Commons – Attribuzione – versione 4.0;2001;2025;0;20;Dettaglio per forma di spettacolo del composto BES sulla partecipazione culturale. Flusso 83_63_DF_DCCV_AVQ_PERSONE_227, DATA_TYPE 6_CINEMA, MEASURE HSC, SEX=9. Trentino Alto Adige: media ponderata sulla popolazione di Bolzano e Trento.
AVQ_SITI_ARCHEOLOGICI;Persone di 6 anni e piu che hanno visitato siti archeologici e monumenti nell'ultimo anno;Istat, Indagine Multiscopo sulle famiglie Aspetti della vita quotidiana;%;1;higher_better;Benessere soggettivo;https://esploradati.istat.it/SDMXWS/rest/data/83_63_DF_DCCV_AVQ_PERSONE_227;https://esploradati.istat.it/RefMeta/template/GenericMetadataTemplate.html?nodeId=DW&metadataSetId=MS_ISTAT_TOPMETA2&reportId=DCCV_AVQ_PERSONE&lang=en&BaseUrlMDA=https://esploradati.istat.it/METADATA_API;CC BY 4.0;Salvo diversa indicazione, tutti i contenuti pubblicati su questo sito sono soggetti alla licenza Creative Commons – Attribuzione – versione 4.0;2001;2025;0;20;Dettaglio per forma di spettacolo del composto BES sulla partecipazione culturale. Flusso 83_63_DF_DCCV_AVQ_PERSONE_227, DATA_TYPE 6_ARCHEO_MUSEUM, MEASURE HSC, SEX=9. Trentino Alto Adige: media ponderata sulla popolazione di Bolzano e Trento.
AVQ_AMICI_OGNI_GIORNO;Persone di 6 anni e piu che incontrano gli amici ogni giorno;Istat, Indagine Multiscopo sulle famiglie Aspetti della vita quotidiana;%;1;contextual;Benessere soggettivo;https://esploradati.istat.it/SDMXWS/rest/data/83_63_DF_DCCV_AVQ_PERSONE_107;https://esploradati.istat.it/RefMeta/template/GenericMetadataTemplate.html?nodeId=DW&metadataSetId=MS_ISTAT_TOPMETA2&reportId=DCCV_AVQ_PERSONE&lang=en&BaseUrlMDA=https://esploradati.istat.it/METADATA_API;CC BY 4.0;Salvo diversa indicazione, tutti i contenuti pubblicati su questo sito sono soggetti alla licenza Creative Commons – Attribuzione – versione 4.0;2001;2025;0;20;Le categorie di frequenza sono esclusive: questa non e la quota di chi vede gli amici almeno una volta a settimana. Flusso 83_63_DF_DCCV_AVQ_PERSONE_107, DATA_TYPE 6_EVERYD, MEASURE HSC, SEX=9. Trentino Alto Adige: media ponderata sulla popolazione di Bolzano e Trento.
AVQ_CONDIZIONATORI;Famiglie con condizionatore o climatizzatore;Istat, Indagine Multiscopo sulle famiglie Aspetti della vita quotidiana;per 100 famiglie;1;contextual;Energia;https://esploradati.istat.it/SDMXWS/rest/data/82_87_DF_DCCV_AVQ_FAMIGLIE_15;https://esploradati.istat.it/RefMeta/template/GenericMetadataTemplate.html?nodeId=DW&metadataSetId=MS_ISTAT_TOPMETA2&reportId=DCCV_AVQ_FAMIGLIE&lang=en&BaseUrlMDA=https://esploradati.istat.it/METADATA_API;CC BY 4.0;Salvo diversa indicazione, tutti i contenuti pubblicati su questo sito sono soggetti alla licenza Creative Commons – Attribuzione – versione 4.0;2001;2025;0;20;Verso non onesto: dipende dal clima. Flusso 82_87_DF_DCCV_AVQ_FAMIGLIE_15, DATA_TYPE HOUS_AIRCON, MEASURE HSC_F, SEX=9. Trentino Alto Adige: media ponderata sulla popolazione di Bolzano e Trento.
AVQ_PIU_DI_UN_AUTO;Famiglie con piu di un'automobile;Istat, Indagine Multiscopo sulle famiglie Aspetti della vita quotidiana;per 100 famiglie;1;contextual;Benessere economico;https://esploradati.istat.it/SDMXWS/rest/data/82_87_DF_DCCV_AVQ_FAMIGLIE_15;https://esploradati.istat.it/RefMeta/template/GenericMetadataTemplate.html?nodeId=DW&metadataSetId=MS_ISTAT_TOPMETA2&reportId=DCCV_AVQ_FAMIGLIE&lang=en&BaseUrlMDA=https://esploradati.istat.it/METADATA_API;CC BY 4.0;Salvo diversa indicazione, tutti i contenuti pubblicati su questo sito sono soggetti alla licenza Creative Commons – Attribuzione – versione 4.0;2001;2025;0;20;Verso non onesto. Flusso 82_87_DF_DCCV_AVQ_FAMIGLIE_15, DATA_TYPE HOUS_CARS, MEASURE HSC_F, SEX=9. Trentino Alto Adige: media ponderata sulla popolazione di Bolzano e Trento.
AVQ_BICICLETTE;Famiglie con almeno una bicicletta;Istat, Indagine Multiscopo sulle famiglie Aspetti della vita quotidiana;per 100 famiglie;1;contextual;Ambiente;https://esploradati.istat.it/SDMXWS/rest/data/82_87_DF_DCCV_AVQ_FAMIGLIE_15;https://esploradati.istat.it/RefMeta/template/GenericMetadataTemplate.html?nodeId=DW&metadataSetId=MS_ISTAT_TOPMETA2&reportId=DCCV_AVQ_FAMIGLIE&lang=en&BaseUrlMDA=https://esploradati.istat.it/METADATA_API;CC BY 4.0;Salvo diversa indicazione, tutti i contenuti pubblicati su questo sito sono soggetti alla licenza Creative Commons – Attribuzione – versione 4.0;2001;2025;0;20;Verso non onesto. Flusso 82_87_DF_DCCV_AVQ_FAMIGLIE_15, DATA_TYPE HOUS_BICY, MEASURE HSC_F, SEX=9. Trentino Alto Adige: media ponderata sulla popolazione di Bolzano e Trento.
AVQ_LAVASTOVIGLIE;Famiglie con lavastoviglie;Istat, Indagine Multiscopo sulle famiglie Aspetti della vita quotidiana;per 100 famiglie;1;contextual;Benessere economico;https://esploradati.istat.it/SDMXWS/rest/data/82_87_DF_DCCV_AVQ_FAMIGLIE_15;https://esploradati.istat.it/RefMeta/template/GenericMetadataTemplate.html?nodeId=DW&metadataSetId=MS_ISTAT_TOPMETA2&reportId=DCCV_AVQ_FAMIGLIE&lang=en&BaseUrlMDA=https://esploradati.istat.it/METADATA_API;CC BY 4.0;Salvo diversa indicazione, tutti i contenuti pubblicati su questo sito sono soggetti alla licenza Creative Commons – Attribuzione – versione 4.0;2001;2025;0;20;Dotazione durevole: direction non onesto. Flusso 82_87_DF_DCCV_AVQ_FAMIGLIE_15, DATA_TYPE HOUS_DISH, MEASURE HSC_F, SEX=9. Trentino Alto Adige: media ponderata sulla popolazione di Bolzano e Trento.
AVQ_COLAZIONE_ADEGUATA;Persone di 3 anni e piu che fanno una colazione adeguata;Istat, Indagine Multiscopo sulle famiglie Aspetti della vita quotidiana;%;1;higher_better;Salute;https://esploradati.istat.it/SDMXWS/rest/data/83_85_DF_DCCV_AVQ_PERSONE1_239;https://esploradati.istat.it/RefMeta/template/GenericMetadataTemplate.html?nodeId=DW&metadataSetId=MS_ISTAT_TOPMETA2&reportId=DCCV_AVQ_PERSONE1&lang=en&BaseUrlMDA=https://esploradati.istat.it/METADATA_API;CC BY 4.0;Salvo diversa indicazione, tutti i contenuti pubblicati su questo sito sono soggetti alla licenza Creative Commons – Attribuzione – versione 4.0;2001;2025;0;20;Colazione adeguata: con latte e/o cibo. Dettaglio dell'alimentazione, non il composto BES. Flusso 83_85_DF_DCCV_AVQ_PERSONE1_239, DATA_TYPE 3_ADEQ_BREAK, MEASURE HSC, SEX=9. Trentino Alto Adige: media ponderata sulla popolazione di Bolzano e Trento.
AVQ_CINQUE_PORZIONI;Persone di 3 anni e piu che mangiano 5 o piu porzioni di frutta e verdura al giorno;Istat, Indagine Multiscopo sulle famiglie Aspetti della vita quotidiana;%;1;higher_better;Salute;https://esploradati.istat.it/SDMXWS/rest/data/83_85_DF_DCCV_AVQ_PERSONE1_251;https://esploradati.istat.it/RefMeta/template/GenericMetadataTemplate.html?nodeId=DW&metadataSetId=MS_ISTAT_TOPMETA2&reportId=DCCV_AVQ_PERSONE1&lang=en&BaseUrlMDA=https://esploradati.istat.it/METADATA_API;CC BY 4.0;Salvo diversa indicazione, tutti i contenuti pubblicati su questo sito sono soggetti alla licenza Creative Commons – Attribuzione – versione 4.0;2005;2025;0;20;Valori bassi e campione regionale con intervallo di confidenza non letto. Flusso 83_85_DF_DCCV_AVQ_PERSONE1_251, DATA_TYPE 3_GE5_PORTION, MEASURE HSC, SEX=9. Trentino Alto Adige: media ponderata sulla popolazione di Bolzano e Trento.
