codice;nome;famiglia;tema;livelli;anno_min;anno_max;incluso;motivo
bes-01SAL001;Speranza di vita alla nascita;BES;Salute, demografia e cura;regione:2004-2025|provincia:2015-2024;2004;2025;Escluso;Escluso, speranza di vita è esito generale, non accesso o offerta sanitaria.
bes-01SAL002;Speranza di vita in buona salute alla nascita;BES;Salute, demografia e cura;regione:2009-2025;2009;2025;Escluso;Escluso, salute percepita e speranza di vita in buona salute non misurano servizi.
bes-01SAL003;Indice di salute mentale (MH);BES;Salute, demografia e cura;regione:2016-2025;2016;2025;Escluso;Escluso, salute mentale non descrive dotazione o accessibilità dei servizi.
bes-01SAL004;Mortalità infantile;BES;Salute, demografia e cura;regione:2004-2022|provincia:2015-2022;2004;2022;Escluso;Escluso, mortalità infantile è esito sanitario non misura di accesso.
bes-01SAL005;Mortalità per incidenti stradali (15-34 anni);BES;Salute, demografia e cura;regione:2004-2024|provincia:2015-2023;2004;2024;Escluso;Escluso, mortalità stradale non pertinente ai servizi considerati.
bes-01SAL006;Mortalità per tumore (20-64 anni);BES;Salute, demografia e cura;regione:2004-2022|provincia:2015-2022;2004;2022;Escluso;Escluso, mortalità tumorale è esito, non accesso o dotazione.
bes-01SAL007;Mortalità per demenze e malattie del sistema nervoso (65 anni e più);BES;Salute, demografia e cura;regione:2004-2022|provincia:2015-2022;2004;2022;Escluso;Escluso, mortalità per demenze è esito, non assistenza disponibile.
bes-01SAL008;Speranza di vita senza limitazioni nelle attività a 65 anni;BES;Salute, demografia e cura;regione:2008-2025;2008;2025;Escluso;Escluso, anni in salute a 65 anni è esito generale.
bes-01SAL009;Eccesso di peso (tassi standardizzati);BES;Salute, demografia e cura;regione:2005-2025;2005;2025;Escluso;Escluso, eccesso di peso è fattore di rischio, non servizio.
bes-01SAL010;Fumo (tassi standardizzati);BES;Salute, demografia e cura;regione:2005-2025;2005;2025;Escluso;Escluso, fumo è fattore di rischio, non servizio.
bes-01SAL011;Alcol (tassi standardizzati);BES;Salute, demografia e cura;regione:2007-2025;2007;2025;Escluso;Escluso, alcol è fattore di rischio, non servizio.
bes-01SAL012;Sedentarietà (tassi standardizzati);BES;Salute, demografia e cura;regione:2005-2025;2005;2025;Escluso;Escluso, sedentarietà è fattore di rischio, non servizio.
bes-01SAL013;Adeguata alimentazione (tassi standardizzati);BES;Salute, demografia e cura;regione:2005-2025;2005;2025;Escluso;Escluso, alimentazione è fattore di rischio, non servizio.
bes-01SAL020;Mortalità evitabile (0-74 anni);BES;Salute, demografia e cura;regione:2004-2022|provincia:2015-2022;2004;2022;Escluso;Escluso, mortalità evitabile è esito e richiede analisi separata.
bes-01SAL021;Multicronicità e limitazioni gravi (75 anni e più);BES;Salute, demografia e cura;regione:2008-2025;2008;2025;Incluso;Incluso come indicatore di bisogno di salute degli anziani, popolazione 75+.
bes-12SER002P;Medici specialisti;BES;Mobilità e servizi territoriali;provincia:2015-2023;2015;2023;Incluso;Incluso, specialisti provinciali. Livello diverso, non incrociabile con le regioni.
bes-12SER003;Anziani trattati in assistenza domiciliare integrata;BES;Mobilità e servizi territoriali;regione:2015-2024;2015;2024;Incluso;Incluso, assistenza domiciliare integrata per anziani.
bes-12SER003P-N25;Posti letto negli ospedali;BES;Mobilità e servizi territoriali;provincia:2015-2022;2015;2022;Incluso;Incluso, posti letto provinciali. Livello diverso, serie al 2022.
bes-12SER004;Difficoltà di accesso ad alcuni servizi;BES;Mobilità e servizi territoriali;regione:2006-2024;2006;2024;Incluso;Incluso, difficoltà di accesso a servizi, indicatore composito non solo sanitario.
bes-12SER007;Irregolarità del servizio elettrico;BES;Mobilità e servizi territoriali;regione:2004-2024|provincia:2015-2023;2004;2024;Escluso;Escluso, misura di contesto o di esito senza misura diretta di servizi sanitari.
bes-12SER010;Soddisfazione per i servizi di trasporto pubblico;BES;Mobilità e servizi territoriali;regione:2005-2024;2005;2024;Escluso;Escluso, misura di contesto o di esito senza misura diretta di servizi sanitari.
bes-12SER022;Posti letto per specialità a elevata assistenza;BES;Mobilità e servizi territoriali;regione:2004-2023|provincia:2015-2022;2004;2023;Incluso;Incluso, posti letto per specialità ad alta assistenza.
bes-12SER024;Servizio di raccolta differenziata dei rifiuti urbani;BES;Mobilità e servizi territoriali;regione:2010-2024|provincia:2015-2023;2010;2024;Escluso;Escluso, misura di contesto o di esito senza misura diretta di servizi sanitari.
bes-12SER025;Emigrazione ospedaliera in altra regione;BES;Mobilità e servizi territoriali;regione:2004-2024|provincia:2015-2023;2004;2024;Incluso;Incluso, mobilità ospedaliera come esito di accesso, non misura di causa.
bes-12SER026;Rinuncia a prestazioni sanitarie;BES;Mobilità e servizi territoriali;regione:2017-2024;2017;2024;Incluso;Incluso, rinunce a visite o esami per motivi che comprendono attesa e accesso.
bes-12SER027;Medici di medicina generale con un numero di assistiti oltre soglia;BES;Mobilità e servizi territoriali;regione:2004-2023;2004;2023;Incluso;Incluso, misura diretta di medici di famiglia oltre soglia.
bes-SDG-3;Medici;BES;Mobilità e servizi territoriali;regione:2021-2023;2021;2023;Incluso;Incluso, dotazione medica regionale per abitante.
bes-SDG-4;Infermieri e ostetriche;BES;Mobilità e servizi territoriali;regione:2021-2023;2021;2023;Incluso;Incluso, personale sanitario complementare.
bes-SDG-405;Posti letto nei presidi residenziali socio-assistenziali e socio-sanitari;BES;Mobilità e servizi territoriali;regione:2009-2023;2009;2023;Escluso;Escluso, strutture residenziali aggregate, sovrapposte ai proxy di cura già inclusi.
dem-BIRTHRATE;Tasso di natalità (Istat, regioni);Istat demografia;Salute, demografia e cura;regione:2015-2024;2015;2024;Escluso;Escluso, demografia non pertinente a medici di famiglia.
dem-GROWTHRATEN;Crescita naturale della popolazione (Istat, regioni);Istat demografia;Salute, demografia e cura;regione:2015-2024;2015;2024;Escluso;Escluso, demografia non pertinente a medici di famiglia.
dem-GROWTHRATET;Tasso di crescita totale della popolazione (Istat, regioni);Istat demografia;Salute, demografia e cura;regione:2015-2024;2015;2024;Escluso;Escluso, demografia non pertinente a medici di famiglia.
dem-LIFEEXP65F;Speranza di vita a 65 anni (femmine) (Istat, regioni);Istat demografia;Salute, demografia e cura;regione:2015-2024;2015;2024;Escluso;Escluso, esito di salute generale.
dem-LIFEEXP65M;Speranza di vita a 65 anni (maschi) (Istat, regioni);Istat demografia;Salute, demografia e cura;regione:2015-2024;2015;2024;Escluso;Escluso, esito di salute generale.
dem-MARRATE;Tasso di nuzialità (Istat, regioni);Istat demografia;Salute, demografia e cura;regione:2015-2024;2015;2024;Escluso;Escluso, indicatore non pertinente.
dem-MEANAGECH;Età media della madre al parto (Istat, regioni);Istat demografia;Salute, demografia e cura;regione:2015-2024;2015;2024;Escluso;Escluso, indicatore non pertinente.
dem-NMIGRATEAB;Saldo migratorio con l'estero (Istat, regioni);Istat demografia;Salute, demografia e cura;regione:2015-2024;2015;2024;Escluso;Escluso, migrazione non misura accesso o offerta.
dem-NMIGRATEIN;Saldo migratorio interno (Istat, regioni);Istat demografia;Salute, demografia e cura;regione:2015-2024;2015;2024;Escluso;Escluso, migrazione non misura accesso o offerta.
dem-OLDAGEDEPR;Indice di dipendenza strutturale degli anziani (Istat, regioni);Istat demografia;Salute, demografia e cura;regione:2015-2025;2015;2025;Escluso;Escluso, misura demografica duplicata rispetto alla quota 65+ inclusa.
dem-POP014;Quota di popolazione 0-14 anni (Istat, regioni);Istat demografia;Salute, demografia e cura;regione:2015-2025;2015;2025;Escluso;Escluso, struttura per età non riferita alla domanda di cura anziana.
dem-POP1564;Quota di popolazione 15-64 anni (Istat, regioni);Istat demografia;Salute, demografia e cura;regione:2015-2025;2015;2025;Escluso;Escluso, fascia ampia non specifica per fabbisogno sanitario.
dem-POP65OVER;Quota di popolazione 65 anni e più (Istat, regioni);Istat demografia;Salute, demografia e cura;regione:2015-2025;2015;2025;Incluso;Incluso, struttura per età compatibile con bisogno potenziale.
ims-MULTI_ASL_FILA_OLTRE_20_MIN;Utenti della ASL con una fila di oltre 20 minuti;Multiscopo;Salute, demografia e cura;regione:2018-2025;2018;2025;Incluso;Incluso con cautela, attesa allo sportello ASL, non lista d’attesa clinica.
ims-MULTI_BMI_NORMO;Persone di 18 anni e più normopeso;Multiscopo;Salute, demografia e cura;regione:2018-2025;2018;2025;Escluso;Escluso, indicatore nutrizionale, non servizio.
ims-MULTI_BMI_OBESI;Persone di 18 anni e più obese;Multiscopo;Salute, demografia e cura;regione:2018-2025;2018;2025;Escluso;Escluso, indicatore nutrizionale, non servizio.
ims-MULTI_BMI_SOTTO;Persone di 18 anni e più sottopeso;Multiscopo;Salute, demografia e cura;regione:2018-2025;2018;2025;Escluso;Escluso, indicatore nutrizionale, non servizio.
ims-MULTI_BMI_SOVRA;Persone di 18 anni e più sovrappeso;Multiscopo;Salute, demografia e cura;regione:2018-2025;2018;2025;Escluso;Escluso, indicatore nutrizionale, non servizio.
ims-MULTI_CINQUE_PORZIONI;Persone di 3 anni e piu che mangiano 5 o piu porzioni di frutta e verdura al giorno;Multiscopo;Salute, demografia e cura;regione:2018-2025;2018;2025;Escluso;Escluso, comportamento alimentare, non servizio.
ims-MULTI_COLAZIONE_ADEGUATA;Persone di 3 anni e piu che fanno una colazione adeguata;Multiscopo;Salute, demografia e cura;regione:2018-2025;2018;2025;Escluso;Escluso, comportamento alimentare, non servizio.
ims-MULTI_GUARDIA_MEDICA;Persone che hanno usato la guardia medica negli ultimi 3 mesi;Multiscopo;Salute, demografia e cura;regione:2018-2025;2018;2025;Incluso;Incluso, uso della guardia medica, non misura di dotazione.
ims-MULTI_INCIDENTI_DOMESTICI;Persone che hanno subito incidenti domestici negli ultimi 3 mesi;Multiscopo;Salute, demografia e cura;regione:2018-2025;2018;2025;Escluso;Escluso, evento non misura di assistenza sanitaria.
ims-MULTI_PRONTO_SOCCORSO;Persone che hanno usato il pronto soccorso negli ultimi 3 mesi;Multiscopo;Salute, demografia e cura;regione:2018-2025;2018;2025;Incluso;Incluso, uso del pronto soccorso, non misura di qualità o bisogno clinico.
ims-MULTI_RICOVERO_ASSISTENZA_MEDICA;Ricoverati soddisfatti dell'assistenza medica;Multiscopo;Salute, demografia e cura;regione:2018-2025;2018;2025;Escluso;Escluso, soddisfazione tra ricoverati non è dotazione/accesso territoriale.
ipr-eta-media-madre-al-parto;Età media della madre al parto;Istat provinciale;Salute, demografia e cura;provincia:2015-2025;2015;2025;Escluso;Escluso, misura di contesto o di esito senza misura diretta di servizi sanitari.
ipr-figli-per-donna;Numero medio di figli per donna;Istat provinciale;Salute, demografia e cura;provincia:2015-2025;2015;2025;Escluso;Escluso, misura di contesto o di esito senza misura diretta di servizi sanitari.
ipr-indice-di-vecchiaia;Indice di vecchiaia;Istat provinciale;Salute, demografia e cura;provincia:2015-2026;2015;2026;Escluso;Escluso, misura di contesto o di esito senza misura diretta di servizi sanitari.
ipr-saldo-migratorio-interno;Saldo migratorio interno;Istat provinciale;Salute, demografia e cura;provincia:2015-2025;2015;2025;Escluso;Escluso, misura di contesto o di esito senza misura diretta di servizi sanitari.
ipr-speranza-di-vita-65;Speranza di vita a 65 anni;Istat provinciale;Salute, demografia e cura;provincia:2015-2025;2015;2025;Escluso;Escluso, misura di contesto o di esito senza misura diretta di servizi sanitari.
ipr-tasso-di-natalita;Tasso di natalità;Istat provinciale;Salute, demografia e cura;provincia:2015-2025;2015;2025;Escluso;Escluso, misura di contesto o di esito senza misura diretta di servizi sanitari.
ter-142;Diffusione dei servizi per l'infanzia;territoriale;Salute, demografia e cura;regione:2004-2023;2004;2023;Escluso;Escluso, servizi per l’infanzia non sono servizi sanitari.
ter-144;Presa in carico degli anziani per il servizio di assistenza domiciliare integrata;territoriale;Salute, demografia e cura;regione:2001-2022;2001;2022;Escluso;Escluso, presa in carico ADI sovrapposta alla serie BES 12SER003, che ha vintage più recente.
ter-145;Incidenza del costo dell'ADI sul totale della spesa sanitaria;territoriale;Salute, demografia e cura;regione:2001-2012;2001;2012;Incluso;Incluso, misura storica di costo ADI, ultimo anno 2012.
ter-172;Grado di soddisfazione del servizio di trasporto ferroviario a livello regionale (Totale);territoriale;Mobilità e servizi territoriali;regione:1995-2025;1995;2025;Escluso;Escluso, misura di contesto o di esito senza misura diretta di servizi sanitari.
ter-209;Grado di soddisfazione del servizio di trasporto ferroviario a livello regionale (Maschi);territoriale;Mobilità e servizi territoriali;regione:1995-2025;1995;2025;Escluso;Escluso, misura di contesto o di esito senza misura diretta di servizi sanitari.
ter-210;Grado di soddisfazione del servizio di trasporto ferroviario a livello regionale (Femmine);territoriale;Mobilità e servizi territoriali;regione:1995-2025;1995;2025;Escluso;Escluso, misura di contesto o di esito senza misura diretta di servizi sanitari.
ter-414;Presa in carico di tutti gli utenti dei servizi per l'infanzia;territoriale;Salute, demografia e cura;regione:2004-2023;2004;2023;Escluso;Escluso, presa in carico servizi per l’infanzia non è sanità.
ter-415;Anziani trattati in assistenza domiciliare socio-assistenziale;territoriale;Salute, demografia e cura;regione:2003-2022;2003;2022;Incluso;Incluso, assistenza domiciliare socio-assistenziale, distinta dall’ADI sanitaria.
ter-590;Emigrazione ospedaliera in altra regione;territoriale;Salute, demografia e cura;regione:1999-2023;1999;2023;Escluso;Escluso, gemello concettuale dell’emigrazione ospedaliera BES 12SER025, non conteggiato due volte.
ter-634;Spesa dei Comuni per strutture residenziali per area utenza Anziani per utente;territoriale;Reddito, inclusione e accessibilità;regione:2008-2021;2008;2021;Incluso;Incluso, spesa comunale per utente in strutture residenziali per anziani.
ter-638;Ospiti anziani non autosufficienti dei presidi residenziali socio-assistenziali e socio-sanitari per centomila anziani;territoriale;Reddito, inclusione e accessibilità;regione:2009-2022;2009;2022;Incluso;Incluso, presenza di anziani non autosufficienti in residenze socio-assistenziali.
ter-652;Spesa dei Comuni per strutture residenziali per area utenza Disabilità per utente;territoriale;Reddito, inclusione e accessibilità;regione:2008-2021;2008;2021;Escluso;Escluso, misura di contesto o di esito senza misura diretta di servizi sanitari.
ter-653;Spesa dei Comuni per assistenza domiciliare per area utenza Anziani per utente anziano;territoriale;Reddito, inclusione e accessibilità;regione:2008-2021;2008;2021;Incluso;Incluso, spesa comunale di assistenza domiciliare per utente anziano.
ter-654;Spesa dei Comuni per assistenza domiciliare per area utenza Disabilità per utente con disabilità;territoriale;Reddito, inclusione e accessibilità;regione:2008-2021;2008;2021;Escluso;Escluso, misura di contesto o di esito senza misura diretta di servizi sanitari.
ter-910;Speranza di vita alla nascita;territoriale;Salute, demografia e cura;regione:2002-2025;2002;2025;Escluso;Escluso, speranza di vita alla nascita è esito generale.
ter-911;Speranza di vita alla nascita (maschi);territoriale;Salute, demografia e cura;regione:2002-2025;2002;2025;Escluso;Escluso, gemello per sesso di speranza di vita, non misura di servizio.
ter-912;Speranza di vita alla nascita (femmine);territoriale;Salute, demografia e cura;regione:2002-2025;2002;2025;Escluso;Escluso, gemello per sesso di speranza di vita, non misura di servizio.
ter-913;Speranza di vita a 65 anni;territoriale;Salute, demografia e cura;regione:2002-2025;2002;2025;Escluso;Escluso, speranza di vita a 65 anni è esito generale.
ter-920;Eta media della popolazione;territoriale;Salute, demografia e cura;regione:2002-2026;2002;2026;Escluso;Escluso, età media duplica la struttura d’età già rappresentata da POP65OVER.
ter-921;Indice di vecchiaia;territoriale;Salute, demografia e cura;regione:2002-2026;2002;2026;Escluso;Escluso, indice di vecchiaia sovrapposto alla misura demografica inclusa.
ter-922;Numero medio di figli per donna;territoriale;Salute, demografia e cura;regione:2002-2025;2002;2025;Escluso;Escluso, fecondità non è bisogno attuale dei servizi sanitari.
ter-923;Saldo migratorio totale;territoriale;Salute, demografia e cura;regione:2002-2025;2002;2025;Escluso;Escluso, saldo migratorio non misura offerta o accesso sanitario.
