target_indicator_id;territory_level;name;theme;quality_life_category;direction;scoreable;sample_survey;year_min;year_max;territory_count_latest;coverage_latest;source_dataset;source_indicator_id;source_url;license;definition_match;reviewed_at;notes
ipr:speranza-di-vita-65;provincia;Speranza di vita a 65 anni;Salute;salute_cura;higher_better;false;false;2015;2025;107;1;istat_prov;ISTATP_LIFEEXP65;https://esploradati.istat.it/SDMXWS/rest/data/22_293_DF_DCIS_INDDEMOG1_1;CC BY 4.0;new;2026-10-01;Totale maschi e femmine. Gli ultimi valori sono stimati (OBS_STATUS e).
ipr:figli-per-donna;provincia;Numero medio di figli per donna;Demografia e popolazione;salute_cura;contextual;false;false;2015;2025;107;1;istat_prov;ISTATP_FECONDITA;https://esploradati.istat.it/SDMXWS/rest/data/22_293_DF_DCIS_INDDEMOG1_1;CC BY 4.0;new;2026-10-01;Misura la fecondita' del momento: va letta come descrizione, non come giudizio. Ultimo anno stimato (e).
ipr:indice-di-vecchiaia;provincia;Indice di vecchiaia;Demografia e popolazione;salute_cura;contextual;false;false;2015;2026;107;1;istat_prov;ISTATP_INDICE_VECCHIAIA;https://esploradati.istat.it/SDMXWS/rest/data/22_293_DF_DCIS_INDDEMOG1_1;CC BY 4.0;new;2026-10-01;Struttura per eta' al 1 gennaio: l'ultimo anno e' il 2026. Descrive la popolazione, non un merito.
ipr:saldo-migratorio-interno;provincia;Saldo migratorio interno;Demografia e popolazione;salute_cura;contextual;false;false;2015;2025;107;1;istat_prov;ISTATP_SALDO_MIGRATORIO_INTERNO;https://esploradati.istat.it/SDMXWS/rest/data/22_293_DF_DCIS_INDDEMOG1_1;CC BY 4.0;new;2026-10-01;Iscrizioni meno cancellazioni da altri comuni italiani. Ultimo anno provvisorio (p).
ipr:eta-media-madre-al-parto;provincia;Età media della madre al parto;Demografia e popolazione;salute_cura;contextual;false;false;2015;2025;107;1;istat_prov;ISTATP_ETA_MEDIA_MADRE;https://esploradati.istat.it/SDMXWS/rest/data/22_293_DF_DCIS_INDDEMOG1_1;CC BY 4.0;new;2026-10-01;Ultimo anno stimato (e).
ipr:tasso-di-natalita;provincia;Tasso di natalità;Demografia e popolazione;salute_cura;contextual;false;false;2015;2025;107;1;istat_prov;ISTATP_NATALITA;https://esploradati.istat.it/SDMXWS/rest/data/22_293_DF_DCIS_INDDEMOG1_1;CC BY 4.0;new;2026-10-01;Dipende dalla struttura per eta' della popolazione. Ultimo anno provvisorio (p).
ipr:tasso-di-disoccupazione;provincia;Tasso di disoccupazione 15-74 anni;Lavoro;lavoro_opportunita;lower_better;false;true;2018;2025;107;1;istat_prov;ISTATP_DISOCCUPAZIONE;https://esploradati.istat.it/SDMXWS/rest/data/151_914_DF_DCCV_TAXDISOCCU1_8;CC BY 4.0;new;2026-10-01;LIMITE: Indagine campionaria sulle forze di lavoro: nelle province piccole il campione e esiguo e il valore oscilla da un anno all'altro.
ipr:tasso-di-attivita;provincia;Tasso di attività 15-64 anni;Lavoro;lavoro_opportunita;higher_better;false;true;2018;2025;107;1;istat_prov;ISTATP_ATTIVITA;https://esploradati.istat.it/SDMXWS/rest/data/150_916_DF_DCCV_TAXATVT1_5;CC BY 4.0;new;2026-10-01;LIMITE: Indagine campionaria sulle forze di lavoro: nelle province piccole il campione e esiguo e il valore oscilla da un anno all'altro.
eur:ilc_mdes01_r;regione;Persone in abitazioni non riscaldate adeguatamente;Abitazione;reddito_accessibilita;lower_better;false;true;2021;2025;20;1;eurostat_nuovi;EUROSTAT_CASA_NON_RISCALDATA;https://ec.europa.eu/eurostat/databrowser/view/ilc_mdes01_r/default/table?lang=en;CC BY 4.0 (Eurostat);new;2026-10-01;Indagine EU-SILC NUTS2. Trentino-Alto Adige ricomposto con media pesata per la popolazione.
eur:hrst_st_rcat;regione;Scienziati e ingegneri sulla popolazione attiva;Ricerca e sviluppo (Eurostat);ricerca_innovazione_digitale;higher_better;false;true;2015;2025;20;1;eurostat_nuovi;EUROSTAT_SCIENZIATI_INGEGNERI;https://ec.europa.eu/eurostat/databrowser/view/hrst_st_rcat/default/table?lang=en;CC BY 4.0 (Eurostat);new;2026-10-01;LIMITE: Il Trentino Alto Adige e la media di Bolzano e Trento pesata per la popolazione, non per gli attivi: un'approssimazione.
eur:lfst_r_lfe2ehour;regione;Ore settimanali abituali nel lavoro principale;Lavoro e conciliazione dei tempi di vita;lavoro_opportunita;contextual;false;true;2015;2025;20;1;eurostat_nuovi;EUROSTAT_ORE_LAVORATE;https://ec.europa.eu/eurostat/databrowser/view/lfst_r_lfe2ehour/default/table?lang=en;CC BY 4.0 (Eurostat);new;2026-10-01;LIMITE: Il Trentino Alto Adige e la media di Bolzano e Trento pesata per la popolazione, non per gli occupati: un'approssimazione.
eur:tour_occ_nin2;regione;Quota di pernottamenti di turisti residenti all'estero;Turismo;cultura_patrimonio_turismo;contextual;false;false;2015;2025;20;1;eurostat_nuovi;EUROSTAT_NOTTI_ESTERO;https://ec.europa.eu/eurostat/databrowser/view/tour_occ_nin2/default/table?lang=en;CC BY 4.0 (Eurostat);new;2026-10-01;Pernottamenti esteri su totale in strutture ricettive NUTS2. Trentino-Alto Adige ricomposto da somme dei conteggi di Bolzano e Trento.
eur:tour_occ_anor2;regione;Tasso netto di occupazione dei posti letto alberghieri;Turismo;cultura_patrimonio_turismo;contextual;false;false;2015;2025;20;1;eurostat_nuovi;EUROSTAT_OCCUPAZIONE_POSTI_LETTO;https://ec.europa.eu/eurostat/databrowser/view/tour_occ_anor2/default/table?lang=en;CC BY 4.0 (Eurostat);new;2026-10-01;LIMITE: Il Trentino Alto Adige e la media di Bolzano e Trento pesata per la popolazione, non per i posti letto: un'approssimazione.
aci:autovetture-ante-2009;provincia;Quota di autovetture immatricolate fino al 2009;Trasporti e mobilità;mobilita_servizi_territoriali;contextual;false;false;2025;2025;107;1;aci;ACI_AUTO_ANTE_2009;https://aci.gov.it/attivita-e-progetti/studi-e-ricerche/autoritratto/;CC BY 4.0;new;2026-10-01;LIMITE: Le auto sono contate dove sono immatricolate: le flotte di noleggio e aziendali con sede in una provincia (Firenze, Bolzano e poche altre) ne alzano la quota senza che riguardi i residenti. Va letta come descrizione, non come merito.
aci:autovetture-ante-2009;regione;Quota di autovetture immatricolate fino al 2009;Trasporti e mobilità;mobilita_servizi_territoriali;contextual;false;false;2025;2025;20;1;aci;ACI_AUTO_ANTE_2009;https://aci.gov.it/attivita-e-progetti/studi-e-ricerche/autoritratto/;CC BY 4.0;new;2026-10-01;LIMITE: Le auto sono contate dove sono immatricolate: le flotte di noleggio e aziendali con sede in una provincia (Firenze, Bolzano e poche altre) ne alzano la quota senza che riguardi i residenti. Va letta come descrizione, non come merito.
aci:autovetture-alimentazione-alternativa;provincia;Quota di autovetture con alimentazione alternativa a benzina e gasolio;Trasporti e mobilità;mobilita_servizi_territoriali;contextual;false;false;2025;2025;107;1;aci;ACI_AUTO_ALIMENTAZIONE_ALTERNATIVA;https://aci.gov.it/attivita-e-progetti/studi-e-ricerche/autoritratto/;CC BY 4.0;new;2026-10-01;LIMITE: Le auto sono contate dove sono immatricolate: le flotte di noleggio e aziendali con sede in una provincia (Firenze, Bolzano e poche altre) ne alzano la quota senza che riguardi i residenti. Va letta come descrizione, non come merito.
aci:autovetture-alimentazione-alternativa;regione;Quota di autovetture con alimentazione alternativa a benzina e gasolio;Trasporti e mobilità;mobilita_servizi_territoriali;contextual;false;false;2025;2025;20;1;aci;ACI_AUTO_ALIMENTAZIONE_ALTERNATIVA;https://aci.gov.it/attivita-e-progetti/studi-e-ricerche/autoritratto/;CC BY 4.0;new;2026-10-01;LIMITE: Le auto sono contate dove sono immatricolate: le flotte di noleggio e aziendali con sede in una provincia (Firenze, Bolzano e poche altre) ne alzano la quota senza che riguardi i residenti. Va letta come descrizione, non come merito.
agcom:copertura-ftth;provincia;Famiglie raggiunte dalla rete in fibra FTTH;Società dell'informazione;ricerca_innovazione_digitale;higher_better;false;false;2025;2025;105;0.9813;agcom;AGCOM_FTTH;https://geo.agcom.it/;CC BY 4.0;new;2026-10-01;LIMITE: Per Bolzano e Trento i dati della fonte hanno una lacuna dichiarata (mancata o incompleta trasmissione dei dati degli operatori locali): le due province e il Trentino Alto Adige non hanno valore.
agcom:copertura-ftth;regione;Famiglie raggiunte dalla rete in fibra FTTH;Società dell'informazione;ricerca_innovazione_digitale;higher_better;false;false;2025;2025;19;0.95;agcom;AGCOM_FTTH;https://geo.agcom.it/;CC BY 4.0;new;2026-10-01;LIMITE: Per Bolzano e Trento i dati della fonte hanno una lacuna dichiarata (mancata o incompleta trasmissione dei dati degli operatori locali): le due province e il Trentino Alto Adige non hanno valore.
