source;source_dataset;source_indicator_id;target_indicator_id;name;territory_level;territory_code;territory_name;year;value;unit;theme;quality_life_category;direction;definition_match;atlas_eligible;profile_eligible;score_eligible;coverage;retrieved_at;source_url;license;notes
istat_demografia;Indicatori demografici;910;910;Speranza di vita alla nascita;regione;abruzzo;Abruzzo;2025;83,7;anni;Salute;salute_cura;higher_better;exact;true;true;false;1.0;2026-07-15T08:36:55.635692+00:00;https://www.istat.it/comunicato-stampa/indicatori-demografici-anno-2025/;CC BY 3.0 IT;Normalized from existing Istat regional demographic atlas rows. No BES replacement is applied here.
istat_demografia;Indicatori demografici;910;910;Speranza di vita alla nascita;regione;basilicata;Basilicata;2025;83,1;anni;Salute;salute_cura;higher_better;exact;true;true;false;1.0;2026-07-15T08:36:55.635692+00:00;https://www.istat.it/comunicato-stampa/indicatori-demografici-anno-2025/;CC BY 3.0 IT;Normalized from existing Istat regional demographic atlas rows. No BES replacement is applied here.
istat_demografia;Indicatori demografici;910;910;Speranza di vita alla nascita;regione;calabria;Calabria;2025;82,9;anni;Salute;salute_cura;higher_better;exact;true;true;false;1.0;2026-07-15T08:36:55.635692+00:00;https://www.istat.it/comunicato-stampa/indicatori-demografici-anno-2025/;CC BY 3.0 IT;Normalized from existing Istat regional demographic atlas rows. No BES replacement is applied here.
istat_demografia;Indicatori demografici;910;910;Speranza di vita alla nascita;regione;campania;Campania;2025;82,1;anni;Salute;salute_cura;higher_better;exact;true;true;false;1.0;2026-07-15T08:36:55.635692+00:00;https://www.istat.it/comunicato-stampa/indicatori-demografici-anno-2025/;CC BY 3.0 IT;Normalized from existing Istat regional demographic atlas rows. No BES replacement is applied here.
istat_demografia;Indicatori demografici;910;910;Speranza di vita alla nascita;regione;emilia-romagna;Emilia-Romagna;2025;84,2;anni;Salute;salute_cura;higher_better;exact;true;true;false;1.0;2026-07-15T08:36:55.635692+00:00;https://www.istat.it/comunicato-stampa/indicatori-demografici-anno-2025/;CC BY 3.0 IT;Normalized from existing Istat regional demographic atlas rows. No BES replacement is applied here.
istat_demografia;Indicatori demografici;910;910;Speranza di vita alla nascita;regione;friuli-venezia-giulia;Friuli-Venezia Giulia;2025;84,1;anni;Salute;salute_cura;higher_better;exact;true;true;false;1.0;2026-07-15T08:36:55.635692+00:00;https://www.istat.it/comunicato-stampa/indicatori-demografici-anno-2025/;CC BY 3.0 IT;Normalized from existing Istat regional demographic atlas rows. No BES replacement is applied here.
istat_demografia;Indicatori demografici;910;910;Speranza di vita alla nascita;regione;lazio;Lazio;2025;83,6;anni;Salute;salute_cura;higher_better;exact;true;true;false;1.0;2026-07-15T08:36:55.635692+00:00;https://www.istat.it/comunicato-stampa/indicatori-demografici-anno-2025/;CC BY 3.0 IT;Normalized from existing Istat regional demographic atlas rows. No BES replacement is applied here.
istat_demografia;Indicatori demografici;910;910;Speranza di vita alla nascita;regione;liguria;Liguria;2025;83,7;anni;Salute;salute_cura;higher_better;exact;true;true;false;1.0;2026-07-15T08:36:55.635692+00:00;https://www.istat.it/comunicato-stampa/indicatori-demografici-anno-2025/;CC BY 3.0 IT;Normalized from existing Istat regional demographic atlas rows. No BES replacement is applied here.
istat_demografia;Indicatori demografici;910;910;Speranza di vita alla nascita;regione;lombardia;Lombardia;2025;84,3;anni;Salute;salute_cura;higher_better;exact;true;true;false;1.0;2026-07-15T08:36:55.635692+00:00;https://www.istat.it/comunicato-stampa/indicatori-demografici-anno-2025/;CC BY 3.0 IT;Normalized from existing Istat regional demographic atlas rows. No BES replacement is applied here.
istat_demografia;Indicatori demografici;910;910;Speranza di vita alla nascita;regione;marche;Marche;2025;84,4;anni;Salute;salute_cura;higher_better;exact;true;true;false;1.0;2026-07-15T08:36:55.635692+00:00;https://www.istat.it/comunicato-stampa/indicatori-demografici-anno-2025/;CC BY 3.0 IT;Normalized from existing Istat regional demographic atlas rows. No BES replacement is applied here.
istat_demografia;Indicatori demografici;910;910;Speranza di vita alla nascita;regione;molise;Molise;2025;82,6;anni;Salute;salute_cura;higher_better;exact;true;true;false;1.0;2026-07-15T08:36:55.635692+00:00;https://www.istat.it/comunicato-stampa/indicatori-demografici-anno-2025/;CC BY 3.0 IT;Normalized from existing Istat regional demographic atlas rows. No BES replacement is applied here.
istat_demografia;Indicatori demografici;910;910;Speranza di vita alla nascita;regione;piemonte;Piemonte;2025;83,6;anni;Salute;salute_cura;higher_better;exact;true;true;false;1.0;2026-07-15T08:36:55.635692+00:00;https://www.istat.it/comunicato-stampa/indicatori-demografici-anno-2025/;CC BY 3.0 IT;Normalized from existing Istat regional demographic atlas rows. No BES replacement is applied here.
istat_demografia;Indicatori demografici;910;910;Speranza di vita alla nascita;regione;puglia;Puglia;2025;83,5;anni;Salute;salute_cura;higher_better;exact;true;true;false;1.0;2026-07-15T08:36:55.635692+00:00;https://www.istat.it/comunicato-stampa/indicatori-demografici-anno-2025/;CC BY 3.0 IT;Normalized from existing Istat regional demographic atlas rows. No BES replacement is applied here.
istat_demografia;Indicatori demografici;910;910;Speranza di vita alla nascita;regione;sardegna;Sardegna;2025;83,1;anni;Salute;salute_cura;higher_better;exact;true;true;false;1.0;2026-07-15T08:36:55.635692+00:00;https://www.istat.it/comunicato-stampa/indicatori-demografici-anno-2025/;CC BY 3.0 IT;Normalized from existing Istat regional demographic atlas rows. No BES replacement is applied here.
istat_demografia;Indicatori demografici;910;910;Speranza di vita alla nascita;regione;sicilia;Sicilia;2025;82,6;anni;Salute;salute_cura;higher_better;exact;true;true;false;1.0;2026-07-15T08:36:55.635692+00:00;https://www.istat.it/comunicato-stampa/indicatori-demografici-anno-2025/;CC BY 3.0 IT;Normalized from existing Istat regional demographic atlas rows. No BES replacement is applied here.
istat_demografia;Indicatori demografici;910;910;Speranza di vita alla nascita;regione;toscana;Toscana;2025;84,3;anni;Salute;salute_cura;higher_better;exact;true;true;false;1.0;2026-07-15T08:36:55.635692+00:00;https://www.istat.it/comunicato-stampa/indicatori-demografici-anno-2025/;CC BY 3.0 IT;Normalized from existing Istat regional demographic atlas rows. No BES replacement is applied here.
istat_demografia;Indicatori demografici;910;910;Speranza di vita alla nascita;regione;trentino-alto-adige;Trentino Alto Adige;2025;84,8;anni;Salute;salute_cura;higher_better;exact;true;true;false;1.0;2026-07-15T08:36:55.635692+00:00;https://www.istat.it/comunicato-stampa/indicatori-demografici-anno-2025/;CC BY 3.0 IT;Normalized from existing Istat regional demographic atlas rows. No BES replacement is applied here.
istat_demografia;Indicatori demografici;910;910;Speranza di vita alla nascita;regione;umbria;Umbria;2025;84,1;anni;Salute;salute_cura;higher_better;exact;true;true;false;1.0;2026-07-15T08:36:55.635692+00:00;https://www.istat.it/comunicato-stampa/indicatori-demografici-anno-2025/;CC BY 3.0 IT;Normalized from existing Istat regional demographic atlas rows. No BES replacement is applied here.
istat_demografia;Indicatori demografici;910;910;Speranza di vita alla nascita;regione;valle-d-aosta;Valle d'Aosta;2025;83,7;anni;Salute;salute_cura;higher_better;exact;true;true;false;1.0;2026-07-15T08:36:55.635692+00:00;https://www.istat.it/comunicato-stampa/indicatori-demografici-anno-2025/;CC BY 3.0 IT;Normalized from existing Istat regional demographic atlas rows. No BES replacement is applied here.
istat_demografia;Indicatori demografici;910;910;Speranza di vita alla nascita;regione;veneto;Veneto;2025;84,4;anni;Salute;salute_cura;higher_better;exact;true;true;false;1.0;2026-07-15T08:36:55.635692+00:00;https://www.istat.it/comunicato-stampa/indicatori-demografici-anno-2025/;CC BY 3.0 IT;Normalized from existing Istat regional demographic atlas rows. No BES replacement is applied here.
istat_demografia;Indicatori demografici;911;911;Speranza di vita alla nascita (maschi);regione;abruzzo;Abruzzo;2025;81,7;anni;Salute;salute_cura;higher_better;exact;true;true;false;1.0;2026-07-15T08:36:55.635692+00:00;https://www.istat.it/comunicato-stampa/indicatori-demografici-anno-2025/;CC BY 3.0 IT;Normalized from existing Istat regional demographic atlas rows. No BES replacement is applied here.
istat_demografia;Indicatori demografici;911;911;Speranza di vita alla nascita (maschi);regione;basilicata;Basilicata;2025;80,9;anni;Salute;salute_cura;higher_better;exact;true;true;false;1.0;2026-07-15T08:36:55.635692+00:00;https://www.istat.it/comunicato-stampa/indicatori-demografici-anno-2025/;CC BY 3.0 IT;Normalized from existing Istat regional demographic atlas rows. No BES replacement is applied here.
istat_demografia;Indicatori demografici;911;911;Speranza di vita alla nascita (maschi);regione;calabria;Calabria;2025;80,8;anni;Salute;salute_cura;higher_better;exact;true;true;false;1.0;2026-07-15T08:36:55.635692+00:00;https://www.istat.it/comunicato-stampa/indicatori-demografici-anno-2025/;CC BY 3.0 IT;Normalized from existing Istat regional demographic atlas rows. No BES replacement is applied here.
istat_demografia;Indicatori demografici;911;911;Speranza di vita alla nascita (maschi);regione;campania;Campania;2025;80,1;anni;Salute;salute_cura;higher_better;exact;true;true;false;1.0;2026-07-15T08:36:55.635692+00:00;https://www.istat.it/comunicato-stampa/indicatori-demografici-anno-2025/;CC BY 3.0 IT;Normalized from existing Istat regional demographic atlas rows. No BES replacement is applied here.
istat_demografia;Indicatori demografici;911;911;Speranza di vita alla nascita (maschi);regione;emilia-romagna;Emilia-Romagna;2025;82,5;anni;Salute;salute_cura;higher_better;exact;true;true;false;1.0;2026-07-15T08:36:55.635692+00:00;https://www.istat.it/comunicato-stampa/indicatori-demografici-anno-2025/;CC BY 3.0 IT;Normalized from existing Istat regional demographic atlas rows. No BES replacement is applied here.
istat_demografia;Indicatori demografici;911;911;Speranza di vita alla nascita (maschi);regione;friuli-venezia-giulia;Friuli-Venezia Giulia;2025;81,9;anni;Salute;salute_cura;higher_better;exact;true;true;false;1.0;2026-07-15T08:36:55.635692+00:00;https://www.istat.it/comunicato-stampa/indicatori-demografici-anno-2025/;CC BY 3.0 IT;Normalized from existing Istat regional demographic atlas rows. No BES replacement is applied here.
istat_demografia;Indicatori demografici;911;911;Speranza di vita alla nascita (maschi);regione;lazio;Lazio;2025;81,7;anni;Salute;salute_cura;higher_better;exact;true;true;false;1.0;2026-07-15T08:36:55.635692+00:00;https://www.istat.it/comunicato-stampa/indicatori-demografici-anno-2025/;CC BY 3.0 IT;Normalized from existing Istat regional demographic atlas rows. No BES replacement is applied here.
istat_demografia;Indicatori demografici;911;911;Speranza di vita alla nascita (maschi);regione;liguria;Liguria;2025;81,8;anni;Salute;salute_cura;higher_better;exact;true;true;false;1.0;2026-07-15T08:36:55.635692+00:00;https://www.istat.it/comunicato-stampa/indicatori-demografici-anno-2025/;CC BY 3.0 IT;Normalized from existing Istat regional demographic atlas rows. No BES replacement is applied here.
istat_demografia;Indicatori demografici;911;911;Speranza di vita alla nascita (maschi);regione;lombardia;Lombardia;2025;82,4;anni;Salute;salute_cura;higher_better;exact;true;true;false;1.0;2026-07-15T08:36:55.635692+00:00;https://www.istat.it/comunicato-stampa/indicatori-demografici-anno-2025/;CC BY 3.0 IT;Normalized from existing Istat regional demographic atlas rows. No BES replacement is applied here.
istat_demografia;Indicatori demografici;911;911;Speranza di vita alla nascita (maschi);regione;marche;Marche;2025;82,6;anni;Salute;salute_cura;higher_better;exact;true;true;false;1.0;2026-07-15T08:36:55.635692+00:00;https://www.istat.it/comunicato-stampa/indicatori-demografici-anno-2025/;CC BY 3.0 IT;Normalized from existing Istat regional demographic atlas rows. No BES replacement is applied here.
istat_demografia;Indicatori demografici;911;911;Speranza di vita alla nascita (maschi);regione;molise;Molise;2025;80,3;anni;Salute;salute_cura;higher_better;exact;true;true;false;1.0;2026-07-15T08:36:55.635692+00:00;https://www.istat.it/comunicato-stampa/indicatori-demografici-anno-2025/;CC BY 3.0 IT;Normalized from existing Istat regional demographic atlas rows. No BES replacement is applied here.
istat_demografia;Indicatori demografici;911;911;Speranza di vita alla nascita (maschi);regione;piemonte;Piemonte;2025;81,6;anni;Salute;salute_cura;higher_better;exact;true;true;false;1.0;2026-07-15T08:36:55.635692+00:00;https://www.istat.it/comunicato-stampa/indicatori-demografici-anno-2025/;CC BY 3.0 IT;Normalized from existing Istat regional demographic atlas rows. No BES replacement is applied here.
istat_demografia;Indicatori demografici;911;911;Speranza di vita alla nascita (maschi);regione;puglia;Puglia;2025;81,5;anni;Salute;salute_cura;higher_better;exact;true;true;false;1.0;2026-07-15T08:36:55.635692+00:00;https://www.istat.it/comunicato-stampa/indicatori-demografici-anno-2025/;CC BY 3.0 IT;Normalized from existing Istat regional demographic atlas rows. No BES replacement is applied here.
istat_demografia;Indicatori demografici;911;911;Speranza di vita alla nascita (maschi);regione;sardegna;Sardegna;2025;80,6;anni;Salute;salute_cura;higher_better;exact;true;true;false;1.0;2026-07-15T08:36:55.635692+00:00;https://www.istat.it/comunicato-stampa/indicatori-demografici-anno-2025/;CC BY 3.0 IT;Normalized from existing Istat regional demographic atlas rows. No BES replacement is applied here.
istat_demografia;Indicatori demografici;911;911;Speranza di vita alla nascita (maschi);regione;sicilia;Sicilia;2025;80,7;anni;Salute;salute_cura;higher_better;exact;true;true;false;1.0;2026-07-15T08:36:55.635692+00:00;https://www.istat.it/comunicato-stampa/indicatori-demografici-anno-2025/;CC BY 3.0 IT;Normalized from existing Istat regional demographic atlas rows. No BES replacement is applied here.
istat_demografia;Indicatori demografici;911;911;Speranza di vita alla nascita (maschi);regione;toscana;Toscana;2025;82,5;anni;Salute;salute_cura;higher_better;exact;true;true;false;1.0;2026-07-15T08:36:55.635692+00:00;https://www.istat.it/comunicato-stampa/indicatori-demografici-anno-2025/;CC BY 3.0 IT;Normalized from existing Istat regional demographic atlas rows. No BES replacement is applied here.
istat_demografia;Indicatori demografici;911;911;Speranza di vita alla nascita (maschi);regione;trentino-alto-adige;Trentino Alto Adige;2025;82,8;anni;Salute;salute_cura;higher_better;exact;true;true;false;1.0;2026-07-15T08:36:55.635692+00:00;https://www.istat.it/comunicato-stampa/indicatori-demografici-anno-2025/;CC BY 3.0 IT;Normalized from existing Istat regional demographic atlas rows. No BES replacement is applied here.
istat_demografia;Indicatori demografici;911;911;Speranza di vita alla nascita (maschi);regione;umbria;Umbria;2025;82,2;anni;Salute;salute_cura;higher_better;exact;true;true;false;1.0;2026-07-15T08:36:55.635692+00:00;https://www.istat.it/comunicato-stampa/indicatori-demografici-anno-2025/;CC BY 3.0 IT;Normalized from existing Istat regional demographic atlas rows. No BES replacement is applied here.
istat_demografia;Indicatori demografici;911;911;Speranza di vita alla nascita (maschi);regione;valle-d-aosta;Valle d'Aosta;2025;82,5;anni;Salute;salute_cura;higher_better;exact;true;true;false;1.0;2026-07-15T08:36:55.635692+00:00;https://www.istat.it/comunicato-stampa/indicatori-demografici-anno-2025/;CC BY 3.0 IT;Normalized from existing Istat regional demographic atlas rows. No BES replacement is applied here.
istat_demografia;Indicatori demografici;911;911;Speranza di vita alla nascita (maschi);regione;veneto;Veneto;2025;82,5;anni;Salute;salute_cura;higher_better;exact;true;true;false;1.0;2026-07-15T08:36:55.635692+00:00;https://www.istat.it/comunicato-stampa/indicatori-demografici-anno-2025/;CC BY 3.0 IT;Normalized from existing Istat regional demographic atlas rows. No BES replacement is applied here.
istat_demografia;Indicatori demografici;912;912;Speranza di vita alla nascita (femmine);regione;abruzzo;Abruzzo;2025;85,8;anni;Salute;salute_cura;higher_better;exact;true;true;false;1.0;2026-07-15T08:36:55.635692+00:00;https://www.istat.it/comunicato-stampa/indicatori-demografici-anno-2025/;CC BY 3.0 IT;Normalized from existing Istat regional demographic atlas rows. No BES replacement is applied here.
istat_demografia;Indicatori demografici;912;912;Speranza di vita alla nascita (femmine);regione;basilicata;Basilicata;2025;85,4;anni;Salute;salute_cura;higher_better;exact;true;true;false;1.0;2026-07-15T08:36:55.635692+00:00;https://www.istat.it/comunicato-stampa/indicatori-demografici-anno-2025/;CC BY 3.0 IT;Normalized from existing Istat regional demographic atlas rows. No BES replacement is applied here.
istat_demografia;Indicatori demografici;912;912;Speranza di vita alla nascita (femmine);regione;calabria;Calabria;2025;85;anni;Salute;salute_cura;higher_better;exact;true;true;false;1.0;2026-07-15T08:36:55.635692+00:00;https://www.istat.it/comunicato-stampa/indicatori-demografici-anno-2025/;CC BY 3.0 IT;Normalized from existing Istat regional demographic atlas rows. No BES replacement is applied here.
istat_demografia;Indicatori demografici;912;912;Speranza di vita alla nascita (femmine);regione;campania;Campania;2025;84,1;anni;Salute;salute_cura;higher_better;exact;true;true;false;1.0;2026-07-15T08:36:55.635692+00:00;https://www.istat.it/comunicato-stampa/indicatori-demografici-anno-2025/;CC BY 3.0 IT;Normalized from existing Istat regional demographic atlas rows. No BES replacement is applied here.
istat_demografia;Indicatori demografici;912;912;Speranza di vita alla nascita (femmine);regione;emilia-romagna;Emilia-Romagna;2025;86,1;anni;Salute;salute_cura;higher_better;exact;true;true;false;1.0;2026-07-15T08:36:55.635692+00:00;https://www.istat.it/comunicato-stampa/indicatori-demografici-anno-2025/;CC BY 3.0 IT;Normalized from existing Istat regional demographic atlas rows. No BES replacement is applied here.
istat_demografia;Indicatori demografici;912;912;Speranza di vita alla nascita (femmine);regione;friuli-venezia-giulia;Friuli-Venezia Giulia;2025;86,4;anni;Salute;salute_cura;higher_better;exact;true;true;false;1.0;2026-07-15T08:36:55.635692+00:00;https://www.istat.it/comunicato-stampa/indicatori-demografici-anno-2025/;CC BY 3.0 IT;Normalized from existing Istat regional demographic atlas rows. No BES replacement is applied here.
istat_demografia;Indicatori demografici;912;912;Speranza di vita alla nascita (femmine);regione;lazio;Lazio;2025;85,7;anni;Salute;salute_cura;higher_better;exact;true;true;false;1.0;2026-07-15T08:36:55.635692+00:00;https://www.istat.it/comunicato-stampa/indicatori-demografici-anno-2025/;CC BY 3.0 IT;Normalized from existing Istat regional demographic atlas rows. No BES replacement is applied here.
istat_demografia;Indicatori demografici;912;912;Speranza di vita alla nascita (femmine);regione;liguria;Liguria;2025;85,8;anni;Salute;salute_cura;higher_better;exact;true;true;false;1.0;2026-07-15T08:36:55.635692+00:00;https://www.istat.it/comunicato-stampa/indicatori-demografici-anno-2025/;CC BY 3.0 IT;Normalized from existing Istat regional demographic atlas rows. No BES replacement is applied here.
istat_demografia;Indicatori demografici;912;912;Speranza di vita alla nascita (femmine);regione;lombardia;Lombardia;2025;86,2;anni;Salute;salute_cura;higher_better;exact;true;true;false;1.0;2026-07-15T08:36:55.635692+00:00;https://www.istat.it/comunicato-stampa/indicatori-demografici-anno-2025/;CC BY 3.0 IT;Normalized from existing Istat regional demographic atlas rows. No BES replacement is applied here.
istat_demografia;Indicatori demografici;912;912;Speranza di vita alla nascita (femmine);regione;marche;Marche;2025;86,4;anni;Salute;salute_cura;higher_better;exact;true;true;false;1.0;2026-07-15T08:36:55.635692+00:00;https://www.istat.it/comunicato-stampa/indicatori-demografici-anno-2025/;CC BY 3.0 IT;Normalized from existing Istat regional demographic atlas rows. No BES replacement is applied here.
istat_demografia;Indicatori demografici;912;912;Speranza di vita alla nascita (femmine);regione;molise;Molise;2025;85;anni;Salute;salute_cura;higher_better;exact;true;true;false;1.0;2026-07-15T08:36:55.635692+00:00;https://www.istat.it/comunicato-stampa/indicatori-demografici-anno-2025/;CC BY 3.0 IT;Normalized from existing Istat regional demographic atlas rows. No BES replacement is applied here.
istat_demografia;Indicatori demografici;912;912;Speranza di vita alla nascita (femmine);regione;piemonte;Piemonte;2025;85,7;anni;Salute;salute_cura;higher_better;exact;true;true;false;1.0;2026-07-15T08:36:55.635692+00:00;https://www.istat.it/comunicato-stampa/indicatori-demografici-anno-2025/;CC BY 3.0 IT;Normalized from existing Istat regional demographic atlas rows. No BES replacement is applied here.
istat_demografia;Indicatori demografici;912;912;Speranza di vita alla nascita (femmine);regione;puglia;Puglia;2025;85,6;anni;Salute;salute_cura;higher_better;exact;true;true;false;1.0;2026-07-15T08:36:55.635692+00:00;https://www.istat.it/comunicato-stampa/indicatori-demografici-anno-2025/;CC BY 3.0 IT;Normalized from existing Istat regional demographic atlas rows. No BES replacement is applied here.
istat_demografia;Indicatori demografici;912;912;Speranza di vita alla nascita (femmine);regione;sardegna;Sardegna;2025;85,7;anni;Salute;salute_cura;higher_better;exact;true;true;false;1.0;2026-07-15T08:36:55.635692+00:00;https://www.istat.it/comunicato-stampa/indicatori-demografici-anno-2025/;CC BY 3.0 IT;Normalized from existing Istat regional demographic atlas rows. No BES replacement is applied here.
istat_demografia;Indicatori demografici;912;912;Speranza di vita alla nascita (femmine);regione;sicilia;Sicilia;2025;84,6;anni;Salute;salute_cura;higher_better;exact;true;true;false;1.0;2026-07-15T08:36:55.635692+00:00;https://www.istat.it/comunicato-stampa/indicatori-demografici-anno-2025/;CC BY 3.0 IT;Normalized from existing Istat regional demographic atlas rows. No BES replacement is applied here.
istat_demografia;Indicatori demografici;912;912;Speranza di vita alla nascita (femmine);regione;toscana;Toscana;2025;86,2;anni;Salute;salute_cura;higher_better;exact;true;true;false;1.0;2026-07-15T08:36:55.635692+00:00;https://www.istat.it/comunicato-stampa/indicatori-demografici-anno-2025/;CC BY 3.0 IT;Normalized from existing Istat regional demographic atlas rows. No BES replacement is applied here.
istat_demografia;Indicatori demografici;912;912;Speranza di vita alla nascita (femmine);regione;trentino-alto-adige;Trentino Alto Adige;2025;86,8;anni;Salute;salute_cura;higher_better;exact;true;true;false;1.0;2026-07-15T08:36:55.635692+00:00;https://www.istat.it/comunicato-stampa/indicatori-demografici-anno-2025/;CC BY 3.0 IT;Normalized from existing Istat regional demographic atlas rows. No BES replacement is applied here.
istat_demografia;Indicatori demografici;912;912;Speranza di vita alla nascita (femmine);regione;umbria;Umbria;2025;86,1;anni;Salute;salute_cura;higher_better;exact;true;true;false;1.0;2026-07-15T08:36:55.635692+00:00;https://www.istat.it/comunicato-stampa/indicatori-demografici-anno-2025/;CC BY 3.0 IT;Normalized from existing Istat regional demographic atlas rows. No BES replacement is applied here.
istat_demografia;Indicatori demografici;912;912;Speranza di vita alla nascita (femmine);regione;valle-d-aosta;Valle d'Aosta;2025;85;anni;Salute;salute_cura;higher_better;exact;true;true;false;1.0;2026-07-15T08:36:55.635692+00:00;https://www.istat.it/comunicato-stampa/indicatori-demografici-anno-2025/;CC BY 3.0 IT;Normalized from existing Istat regional demographic atlas rows. No BES replacement is applied here.
istat_demografia;Indicatori demografici;912;912;Speranza di vita alla nascita (femmine);regione;veneto;Veneto;2025;86,5;anni;Salute;salute_cura;higher_better;exact;true;true;false;1.0;2026-07-15T08:36:55.635692+00:00;https://www.istat.it/comunicato-stampa/indicatori-demografici-anno-2025/;CC BY 3.0 IT;Normalized from existing Istat regional demographic atlas rows. No BES replacement is applied here.
istat_demografia;Indicatori demografici;913;913;Speranza di vita a 65 anni;regione;abruzzo;Abruzzo;2025;21,4;anni;Salute;salute_cura;higher_better;exact;true;true;false;1.0;2026-07-15T08:36:55.635692+00:00;https://www.istat.it/comunicato-stampa/indicatori-demografici-anno-2025/;CC BY 3.0 IT;Normalized from existing Istat regional demographic atlas rows. No BES replacement is applied here.
istat_demografia;Indicatori demografici;913;913;Speranza di vita a 65 anni;regione;basilicata;Basilicata;2025;21,1;anni;Salute;salute_cura;higher_better;exact;true;true;false;1.0;2026-07-15T08:36:55.635692+00:00;https://www.istat.it/comunicato-stampa/indicatori-demografici-anno-2025/;CC BY 3.0 IT;Normalized from existing Istat regional demographic atlas rows. No BES replacement is applied here.
istat_demografia;Indicatori demografici;913;913;Speranza di vita a 65 anni;regione;calabria;Calabria;2025;21;anni;Salute;salute_cura;higher_better;exact;true;true;false;1.0;2026-07-15T08:36:55.635692+00:00;https://www.istat.it/comunicato-stampa/indicatori-demografici-anno-2025/;CC BY 3.0 IT;Normalized from existing Istat regional demographic atlas rows. No BES replacement is applied here.
istat_demografia;Indicatori demografici;913;913;Speranza di vita a 65 anni;regione;campania;Campania;2025;20,2;anni;Salute;salute_cura;higher_better;exact;true;true;false;1.0;2026-07-15T08:36:55.635692+00:00;https://www.istat.it/comunicato-stampa/indicatori-demografici-anno-2025/;CC BY 3.0 IT;Normalized from existing Istat regional demographic atlas rows. No BES replacement is applied here.
istat_demografia;Indicatori demografici;913;913;Speranza di vita a 65 anni;regione;emilia-romagna;Emilia-Romagna;2025;21,7;anni;Salute;salute_cura;higher_better;exact;true;true;false;1.0;2026-07-15T08:36:55.635692+00:00;https://www.istat.it/comunicato-stampa/indicatori-demografici-anno-2025/;CC BY 3.0 IT;Normalized from existing Istat regional demographic atlas rows. No BES replacement is applied here.
istat_demografia;Indicatori demografici;913;913;Speranza di vita a 65 anni;regione;friuli-venezia-giulia;Friuli-Venezia Giulia;2025;21,8;anni;Salute;salute_cura;higher_better;exact;true;true;false;1.0;2026-07-15T08:36:55.635692+00:00;https://www.istat.it/comunicato-stampa/indicatori-demografici-anno-2025/;CC BY 3.0 IT;Normalized from existing Istat regional demographic atlas rows. No BES replacement is applied here.
istat_demografia;Indicatori demografici;913;913;Speranza di vita a 65 anni;regione;lazio;Lazio;2025;21,4;anni;Salute;salute_cura;higher_better;exact;true;true;false;1.0;2026-07-15T08:36:55.635692+00:00;https://www.istat.it/comunicato-stampa/indicatori-demografici-anno-2025/;CC BY 3.0 IT;Normalized from existing Istat regional demographic atlas rows. No BES replacement is applied here.
istat_demografia;Indicatori demografici;913;913;Speranza di vita a 65 anni;regione;liguria;Liguria;2025;21,4;anni;Salute;salute_cura;higher_better;exact;true;true;false;1.0;2026-07-15T08:36:55.635692+00:00;https://www.istat.it/comunicato-stampa/indicatori-demografici-anno-2025/;CC BY 3.0 IT;Normalized from existing Istat regional demographic atlas rows. No BES replacement is applied here.
istat_demografia;Indicatori demografici;913;913;Speranza di vita a 65 anni;regione;lombardia;Lombardia;2025;21,7;anni;Salute;salute_cura;higher_better;exact;true;true;false;1.0;2026-07-15T08:36:55.635692+00:00;https://www.istat.it/comunicato-stampa/indicatori-demografici-anno-2025/;CC BY 3.0 IT;Normalized from existing Istat regional demographic atlas rows. No BES replacement is applied here.
istat_demografia;Indicatori demografici;913;913;Speranza di vita a 65 anni;regione;marche;Marche;2025;22;anni;Salute;salute_cura;higher_better;exact;true;true;false;1.0;2026-07-15T08:36:55.635692+00:00;https://www.istat.it/comunicato-stampa/indicatori-demografici-anno-2025/;CC BY 3.0 IT;Normalized from existing Istat regional demographic atlas rows. No BES replacement is applied here.
istat_demografia;Indicatori demografici;913;913;Speranza di vita a 65 anni;regione;molise;Molise;2025;21,1;anni;Salute;salute_cura;higher_better;exact;true;true;false;1.0;2026-07-15T08:36:55.635692+00:00;https://www.istat.it/comunicato-stampa/indicatori-demografici-anno-2025/;CC BY 3.0 IT;Normalized from existing Istat regional demographic atlas rows. No BES replacement is applied here.
istat_demografia;Indicatori demografici;913;913;Speranza di vita a 65 anni;regione;piemonte;Piemonte;2025;21,3;anni;Salute;salute_cura;higher_better;exact;true;true;false;1.0;2026-07-15T08:36:55.635692+00:00;https://www.istat.it/comunicato-stampa/indicatori-demografici-anno-2025/;CC BY 3.0 IT;Normalized from existing Istat regional demographic atlas rows. No BES replacement is applied here.
istat_demografia;Indicatori demografici;913;913;Speranza di vita a 65 anni;regione;puglia;Puglia;2025;21,4;anni;Salute;salute_cura;higher_better;exact;true;true;false;1.0;2026-07-15T08:36:55.635692+00:00;https://www.istat.it/comunicato-stampa/indicatori-demografici-anno-2025/;CC BY 3.0 IT;Normalized from existing Istat regional demographic atlas rows. No BES replacement is applied here.
istat_demografia;Indicatori demografici;913;913;Speranza di vita a 65 anni;regione;sardegna;Sardegna;2025;21,4;anni;Salute;salute_cura;higher_better;exact;true;true;false;1.0;2026-07-15T08:36:55.635692+00:00;https://www.istat.it/comunicato-stampa/indicatori-demografici-anno-2025/;CC BY 3.0 IT;Normalized from existing Istat regional demographic atlas rows. No BES replacement is applied here.
istat_demografia;Indicatori demografici;913;913;Speranza di vita a 65 anni;regione;sicilia;Sicilia;2025;20,7;anni;Salute;salute_cura;higher_better;exact;true;true;false;1.0;2026-07-15T08:36:55.635692+00:00;https://www.istat.it/comunicato-stampa/indicatori-demografici-anno-2025/;CC BY 3.0 IT;Normalized from existing Istat regional demographic atlas rows. No BES replacement is applied here.
istat_demografia;Indicatori demografici;913;913;Speranza di vita a 65 anni;regione;toscana;Toscana;2025;21,8;anni;Salute;salute_cura;higher_better;exact;true;true;false;1.0;2026-07-15T08:36:55.635692+00:00;https://www.istat.it/comunicato-stampa/indicatori-demografici-anno-2025/;CC BY 3.0 IT;Normalized from existing Istat regional demographic atlas rows. No BES replacement is applied here.
istat_demografia;Indicatori demografici;913;913;Speranza di vita a 65 anni;regione;trentino-alto-adige;Trentino Alto Adige;2025;22,4;anni;Salute;salute_cura;higher_better;exact;true;true;false;1.0;2026-07-15T08:36:55.635692+00:00;https://www.istat.it/comunicato-stampa/indicatori-demografici-anno-2025/;CC BY 3.0 IT;Normalized from existing Istat regional demographic atlas rows. No BES replacement is applied here.
istat_demografia;Indicatori demografici;913;913;Speranza di vita a 65 anni;regione;umbria;Umbria;2025;22;anni;Salute;salute_cura;higher_better;exact;true;true;false;1.0;2026-07-15T08:36:55.635692+00:00;https://www.istat.it/comunicato-stampa/indicatori-demografici-anno-2025/;CC BY 3.0 IT;Normalized from existing Istat regional demographic atlas rows. No BES replacement is applied here.
istat_demografia;Indicatori demografici;913;913;Speranza di vita a 65 anni;regione;valle-d-aosta;Valle d'Aosta;2025;21,7;anni;Salute;salute_cura;higher_better;exact;true;true;false;1.0;2026-07-15T08:36:55.635692+00:00;https://www.istat.it/comunicato-stampa/indicatori-demografici-anno-2025/;CC BY 3.0 IT;Normalized from existing Istat regional demographic atlas rows. No BES replacement is applied here.
istat_demografia;Indicatori demografici;913;913;Speranza di vita a 65 anni;regione;veneto;Veneto;2025;22;anni;Salute;salute_cura;higher_better;exact;true;true;false;1.0;2026-07-15T08:36:55.635692+00:00;https://www.istat.it/comunicato-stampa/indicatori-demografici-anno-2025/;CC BY 3.0 IT;Normalized from existing Istat regional demographic atlas rows. No BES replacement is applied here.
istat_demografia;Indicatori demografici;920;920;Eta media della popolazione;regione;abruzzo;Abruzzo;2025;47,7;anni;Demografia e popolazione;salute_cura;contextual;compatible;true;true;false;1.0;2026-07-15T08:36:55.635692+00:00;https://www.istat.it/comunicato-stampa/indicatori-demografici-anno-2025/;CC BY 3.0 IT;Normalized from existing Istat regional demographic atlas rows. No BES replacement is applied here.
istat_demografia;Indicatori demografici;920;920;Eta media della popolazione;regione;basilicata;Basilicata;2025;47,6;anni;Demografia e popolazione;salute_cura;contextual;compatible;true;true;false;1.0;2026-07-15T08:36:55.635692+00:00;https://www.istat.it/comunicato-stampa/indicatori-demografici-anno-2025/;CC BY 3.0 IT;Normalized from existing Istat regional demographic atlas rows. No BES replacement is applied here.
istat_demografia;Indicatori demografici;920;920;Eta media della popolazione;regione;calabria;Calabria;2025;46,2;anni;Demografia e popolazione;salute_cura;contextual;compatible;true;true;false;1.0;2026-07-15T08:36:55.635692+00:00;https://www.istat.it/comunicato-stampa/indicatori-demografici-anno-2025/;CC BY 3.0 IT;Normalized from existing Istat regional demographic atlas rows. No BES replacement is applied here.
istat_demografia;Indicatori demografici;920;920;Eta media della popolazione;regione;campania;Campania;2025;44,5;anni;Demografia e popolazione;salute_cura;contextual;compatible;true;true;false;1.0;2026-07-15T08:36:55.635692+00:00;https://www.istat.it/comunicato-stampa/indicatori-demografici-anno-2025/;CC BY 3.0 IT;Normalized from existing Istat regional demographic atlas rows. No BES replacement is applied here.
istat_demografia;Indicatori demografici;920;920;Eta media della popolazione;regione;emilia-romagna;Emilia-Romagna;2025;47,1;anni;Demografia e popolazione;salute_cura;contextual;compatible;true;true;false;1.0;2026-07-15T08:36:55.635692+00:00;https://www.istat.it/comunicato-stampa/indicatori-demografici-anno-2025/;CC BY 3.0 IT;Normalized from existing Istat regional demographic atlas rows. No BES replacement is applied here.
istat_demografia;Indicatori demografici;920;920;Eta media della popolazione;regione;friuli-venezia-giulia;Friuli-Venezia Giulia;2025;48,7;anni;Demografia e popolazione;salute_cura;contextual;compatible;true;true;false;1.0;2026-07-15T08:36:55.635692+00:00;https://www.istat.it/comunicato-stampa/indicatori-demografici-anno-2025/;CC BY 3.0 IT;Normalized from existing Istat regional demographic atlas rows. No BES replacement is applied here.
istat_demografia;Indicatori demografici;920;920;Eta media della popolazione;regione;lazio;Lazio;2025;46,7;anni;Demografia e popolazione;salute_cura;contextual;compatible;true;true;false;1.0;2026-07-15T08:36:55.635692+00:00;https://www.istat.it/comunicato-stampa/indicatori-demografici-anno-2025/;CC BY 3.0 IT;Normalized from existing Istat regional demographic atlas rows. No BES replacement is applied here.
istat_demografia;Indicatori demografici;920;920;Eta media della popolazione;regione;liguria;Liguria;2025;49,6;anni;Demografia e popolazione;salute_cura;contextual;compatible;true;true;false;1.0;2026-07-15T08:36:55.635692+00:00;https://www.istat.it/comunicato-stampa/indicatori-demografici-anno-2025/;CC BY 3.0 IT;Normalized from existing Istat regional demographic atlas rows. No BES replacement is applied here.
istat_demografia;Indicatori demografici;920;920;Eta media della popolazione;regione;lombardia;Lombardia;2025;46,4;anni;Demografia e popolazione;salute_cura;contextual;compatible;true;true;false;1.0;2026-07-15T08:36:55.635692+00:00;https://www.istat.it/comunicato-stampa/indicatori-demografici-anno-2025/;CC BY 3.0 IT;Normalized from existing Istat regional demographic atlas rows. No BES replacement is applied here.
istat_demografia;Indicatori demografici;920;920;Eta media della popolazione;regione;marche;Marche;2025;47,9;anni;Demografia e popolazione;salute_cura;contextual;compatible;true;true;false;1.0;2026-07-15T08:36:55.635692+00:00;https://www.istat.it/comunicato-stampa/indicatori-demografici-anno-2025/;CC BY 3.0 IT;Normalized from existing Istat regional demographic atlas rows. No BES replacement is applied here.
istat_demografia;Indicatori demografici;920;920;Eta media della popolazione;regione;molise;Molise;2025;48,4;anni;Demografia e popolazione;salute_cura;contextual;compatible;true;true;false;1.0;2026-07-15T08:36:55.635692+00:00;https://www.istat.it/comunicato-stampa/indicatori-demografici-anno-2025/;CC BY 3.0 IT;Normalized from existing Istat regional demographic atlas rows. No BES replacement is applied here.
istat_demografia;Indicatori demografici;920;920;Eta media della popolazione;regione;piemonte;Piemonte;2025;48,1;anni;Demografia e popolazione;salute_cura;contextual;compatible;true;true;false;1.0;2026-07-15T08:36:55.635692+00:00;https://www.istat.it/comunicato-stampa/indicatori-demografici-anno-2025/;CC BY 3.0 IT;Normalized from existing Istat regional demographic atlas rows. No BES replacement is applied here.
istat_demografia;Indicatori demografici;920;920;Eta media della popolazione;regione;puglia;Puglia;2025;46,7;anni;Demografia e popolazione;salute_cura;contextual;compatible;true;true;false;1.0;2026-07-15T08:36:55.635692+00:00;https://www.istat.it/comunicato-stampa/indicatori-demografici-anno-2025/;CC BY 3.0 IT;Normalized from existing Istat regional demographic atlas rows. No BES replacement is applied here.
istat_demografia;Indicatori demografici;920;920;Eta media della popolazione;regione;sardegna;Sardegna;2025;49,2;anni;Demografia e popolazione;salute_cura;contextual;compatible;true;true;false;1.0;2026-07-15T08:36:55.635692+00:00;https://www.istat.it/comunicato-stampa/indicatori-demografici-anno-2025/;CC BY 3.0 IT;Normalized from existing Istat regional demographic atlas rows. No BES replacement is applied here.
istat_demografia;Indicatori demografici;920;920;Eta media della popolazione;regione;sicilia;Sicilia;2025;45,7;anni;Demografia e popolazione;salute_cura;contextual;compatible;true;true;false;1.0;2026-07-15T08:36:55.635692+00:00;https://www.istat.it/comunicato-stampa/indicatori-demografici-anno-2025/;CC BY 3.0 IT;Normalized from existing Istat regional demographic atlas rows. No BES replacement is applied here.
istat_demografia;Indicatori demografici;920;920;Eta media della popolazione;regione;toscana;Toscana;2025;48,2;anni;Demografia e popolazione;salute_cura;contextual;compatible;true;true;false;1.0;2026-07-15T08:36:55.635692+00:00;https://www.istat.it/comunicato-stampa/indicatori-demografici-anno-2025/;CC BY 3.0 IT;Normalized from existing Istat regional demographic atlas rows. No BES replacement is applied here.
istat_demografia;Indicatori demografici;920;920;Eta media della popolazione;regione;trentino-alto-adige;Trentino Alto Adige;2025;45;anni;Demografia e popolazione;salute_cura;contextual;compatible;true;true;false;1.0;2026-07-15T08:36:55.635692+00:00;https://www.istat.it/comunicato-stampa/indicatori-demografici-anno-2025/;CC BY 3.0 IT;Normalized from existing Istat regional demographic atlas rows. No BES replacement is applied here.
istat_demografia;Indicatori demografici;920;920;Eta media della popolazione;regione;umbria;Umbria;2025;48,4;anni;Demografia e popolazione;salute_cura;contextual;compatible;true;true;false;1.0;2026-07-15T08:36:55.635692+00:00;https://www.istat.it/comunicato-stampa/indicatori-demografici-anno-2025/;CC BY 3.0 IT;Normalized from existing Istat regional demographic atlas rows. No BES replacement is applied here.
istat_demografia;Indicatori demografici;920;920;Eta media della popolazione;regione;valle-d-aosta;Valle d'Aosta;2025;47,7;anni;Demografia e popolazione;salute_cura;contextual;compatible;true;true;false;1.0;2026-07-15T08:36:55.635692+00:00;https://www.istat.it/comunicato-stampa/indicatori-demografici-anno-2025/;CC BY 3.0 IT;Normalized from existing Istat regional demographic atlas rows. No BES replacement is applied here.
istat_demografia;Indicatori demografici;920;920;Eta media della popolazione;regione;veneto;Veneto;2025;47,1;anni;Demografia e popolazione;salute_cura;contextual;compatible;true;true;false;1.0;2026-07-15T08:36:55.635692+00:00;https://www.istat.it/comunicato-stampa/indicatori-demografici-anno-2025/;CC BY 3.0 IT;Normalized from existing Istat regional demographic atlas rows. No BES replacement is applied here.
istat_demografia;Indicatori demografici;920;920;Eta media della popolazione;regione;abruzzo;Abruzzo;2026;47,9;anni;Demografia e popolazione;salute_cura;contextual;compatible;true;true;false;1.0;2026-07-15T08:36:55.635692+00:00;https://www.istat.it/comunicato-stampa/indicatori-demografici-anno-2025/;CC BY 3.0 IT;Normalized from existing Istat regional demographic atlas rows. No BES replacement is applied here.
istat_demografia;Indicatori demografici;920;920;Eta media della popolazione;regione;basilicata;Basilicata;2026;47,9;anni;Demografia e popolazione;salute_cura;contextual;compatible;true;true;false;1.0;2026-07-15T08:36:55.635692+00:00;https://www.istat.it/comunicato-stampa/indicatori-demografici-anno-2025/;CC BY 3.0 IT;Normalized from existing Istat regional demographic atlas rows. No BES replacement is applied here.
istat_demografia;Indicatori demografici;920;920;Eta media della popolazione;regione;calabria;Calabria;2026;46,5;anni;Demografia e popolazione;salute_cura;contextual;compatible;true;true;false;1.0;2026-07-15T08:36:55.635692+00:00;https://www.istat.it/comunicato-stampa/indicatori-demografici-anno-2025/;CC BY 3.0 IT;Normalized from existing Istat regional demographic atlas rows. No BES replacement is applied here.
istat_demografia;Indicatori demografici;920;920;Eta media della popolazione;regione;campania;Campania;2026;44,8;anni;Demografia e popolazione;salute_cura;contextual;compatible;true;true;false;1.0;2026-07-15T08:36:55.635692+00:00;https://www.istat.it/comunicato-stampa/indicatori-demografici-anno-2025/;CC BY 3.0 IT;Normalized from existing Istat regional demographic atlas rows. No BES replacement is applied here.
istat_demografia;Indicatori demografici;920;920;Eta media della popolazione;regione;emilia-romagna;Emilia-Romagna;2026;47,3;anni;Demografia e popolazione;salute_cura;contextual;compatible;true;true;false;1.0;2026-07-15T08:36:55.635692+00:00;https://www.istat.it/comunicato-stampa/indicatori-demografici-anno-2025/;CC BY 3.0 IT;Normalized from existing Istat regional demographic atlas rows. No BES replacement is applied here.
istat_demografia;Indicatori demografici;920;920;Eta media della popolazione;regione;friuli-venezia-giulia;Friuli-Venezia Giulia;2026;48,8;anni;Demografia e popolazione;salute_cura;contextual;compatible;true;true;false;1.0;2026-07-15T08:36:55.635692+00:00;https://www.istat.it/comunicato-stampa/indicatori-demografici-anno-2025/;CC BY 3.0 IT;Normalized from existing Istat regional demographic atlas rows. No BES replacement is applied here.
istat_demografia;Indicatori demografici;920;920;Eta media della popolazione;regione;lazio;Lazio;2026;47;anni;Demografia e popolazione;salute_cura;contextual;compatible;true;true;false;1.0;2026-07-15T08:36:55.635692+00:00;https://www.istat.it/comunicato-stampa/indicatori-demografici-anno-2025/;CC BY 3.0 IT;Normalized from existing Istat regional demographic atlas rows. No BES replacement is applied here.
istat_demografia;Indicatori demografici;920;920;Eta media della popolazione;regione;liguria;Liguria;2026;49,7;anni;Demografia e popolazione;salute_cura;contextual;compatible;true;true;false;1.0;2026-07-15T08:36:55.635692+00:00;https://www.istat.it/comunicato-stampa/indicatori-demografici-anno-2025/;CC BY 3.0 IT;Normalized from existing Istat regional demographic atlas rows. No BES replacement is applied here.
istat_demografia;Indicatori demografici;920;920;Eta media della popolazione;regione;lombardia;Lombardia;2026;46,6;anni;Demografia e popolazione;salute_cura;contextual;compatible;true;true;false;1.0;2026-07-15T08:36:55.635692+00:00;https://www.istat.it/comunicato-stampa/indicatori-demografici-anno-2025/;CC BY 3.0 IT;Normalized from existing Istat regional demographic atlas rows. No BES replacement is applied here.
istat_demografia;Indicatori demografici;920;920;Eta media della popolazione;regione;marche;Marche;2026;48,1;anni;Demografia e popolazione;salute_cura;contextual;compatible;true;true;false;1.0;2026-07-15T08:36:55.635692+00:00;https://www.istat.it/comunicato-stampa/indicatori-demografici-anno-2025/;CC BY 3.0 IT;Normalized from existing Istat regional demographic atlas rows. No BES replacement is applied here.
istat_demografia;Indicatori demografici;920;920;Eta media della popolazione;regione;molise;Molise;2026;48,6;anni;Demografia e popolazione;salute_cura;contextual;compatible;true;true;false;1.0;2026-07-15T08:36:55.635692+00:00;https://www.istat.it/comunicato-stampa/indicatori-demografici-anno-2025/;CC BY 3.0 IT;Normalized from existing Istat regional demographic atlas rows. No BES replacement is applied here.
istat_demografia;Indicatori demografici;920;920;Eta media della popolazione;regione;piemonte;Piemonte;2026;48,3;anni;Demografia e popolazione;salute_cura;contextual;compatible;true;true;false;1.0;2026-07-15T08:36:55.635692+00:00;https://www.istat.it/comunicato-stampa/indicatori-demografici-anno-2025/;CC BY 3.0 IT;Normalized from existing Istat regional demographic atlas rows. No BES replacement is applied here.
istat_demografia;Indicatori demografici;920;920;Eta media della popolazione;regione;puglia;Puglia;2026;47;anni;Demografia e popolazione;salute_cura;contextual;compatible;true;true;false;1.0;2026-07-15T08:36:55.635692+00:00;https://www.istat.it/comunicato-stampa/indicatori-demografici-anno-2025/;CC BY 3.0 IT;Normalized from existing Istat regional demographic atlas rows. No BES replacement is applied here.
istat_demografia;Indicatori demografici;920;920;Eta media della popolazione;regione;sardegna;Sardegna;2026;49,6;anni;Demografia e popolazione;salute_cura;contextual;compatible;true;true;false;1.0;2026-07-15T08:36:55.635692+00:00;https://www.istat.it/comunicato-stampa/indicatori-demografici-anno-2025/;CC BY 3.0 IT;Normalized from existing Istat regional demographic atlas rows. No BES replacement is applied here.
istat_demografia;Indicatori demografici;920;920;Eta media della popolazione;regione;sicilia;Sicilia;2026;46;anni;Demografia e popolazione;salute_cura;contextual;compatible;true;true;false;1.0;2026-07-15T08:36:55.635692+00:00;https://www.istat.it/comunicato-stampa/indicatori-demografici-anno-2025/;CC BY 3.0 IT;Normalized from existing Istat regional demographic atlas rows. No BES replacement is applied here.
istat_demografia;Indicatori demografici;920;920;Eta media della popolazione;regione;toscana;Toscana;2026;48,4;anni;Demografia e popolazione;salute_cura;contextual;compatible;true;true;false;1.0;2026-07-15T08:36:55.635692+00:00;https://www.istat.it/comunicato-stampa/indicatori-demografici-anno-2025/;CC BY 3.0 IT;Normalized from existing Istat regional demographic atlas rows. No BES replacement is applied here.
istat_demografia;Indicatori demografici;920;920;Eta media della popolazione;regione;trentino-alto-adige;Trentino Alto Adige;2026;45,2;anni;Demografia e popolazione;salute_cura;contextual;compatible;true;true;false;1.0;2026-07-15T08:36:55.635692+00:00;https://www.istat.it/comunicato-stampa/indicatori-demografici-anno-2025/;CC BY 3.0 IT;Normalized from existing Istat regional demographic atlas rows. No BES replacement is applied here.
istat_demografia;Indicatori demografici;920;920;Eta media della popolazione;regione;umbria;Umbria;2026;48,6;anni;Demografia e popolazione;salute_cura;contextual;compatible;true;true;false;1.0;2026-07-15T08:36:55.635692+00:00;https://www.istat.it/comunicato-stampa/indicatori-demografici-anno-2025/;CC BY 3.0 IT;Normalized from existing Istat regional demographic atlas rows. No BES replacement is applied here.
istat_demografia;Indicatori demografici;920;920;Eta media della popolazione;regione;valle-d-aosta;Valle d'Aosta;2026;48;anni;Demografia e popolazione;salute_cura;contextual;compatible;true;true;false;1.0;2026-07-15T08:36:55.635692+00:00;https://www.istat.it/comunicato-stampa/indicatori-demografici-anno-2025/;CC BY 3.0 IT;Normalized from existing Istat regional demographic atlas rows. No BES replacement is applied here.
istat_demografia;Indicatori demografici;920;920;Eta media della popolazione;regione;veneto;Veneto;2026;47,4;anni;Demografia e popolazione;salute_cura;contextual;compatible;true;true;false;1.0;2026-07-15T08:36:55.635692+00:00;https://www.istat.it/comunicato-stampa/indicatori-demografici-anno-2025/;CC BY 3.0 IT;Normalized from existing Istat regional demographic atlas rows. No BES replacement is applied here.
istat_demografia;Indicatori demografici;921;921;Indice di vecchiaia;regione;abruzzo;Abruzzo;2025;228,9;percentuale;Demografia e popolazione;salute_cura;contextual;compatible;true;true;false;1.0;2026-07-15T08:36:55.635692+00:00;https://www.istat.it/comunicato-stampa/indicatori-demografici-anno-2025/;CC BY 3.0 IT;Normalized from existing Istat regional demographic atlas rows. No BES replacement is applied here.
istat_demografia;Indicatori demografici;921;921;Indice di vecchiaia;regione;basilicata;Basilicata;2025;240;percentuale;Demografia e popolazione;salute_cura;contextual;compatible;true;true;false;1.0;2026-07-15T08:36:55.635692+00:00;https://www.istat.it/comunicato-stampa/indicatori-demografici-anno-2025/;CC BY 3.0 IT;Normalized from existing Istat regional demographic atlas rows. No BES replacement is applied here.
istat_demografia;Indicatori demografici;921;921;Indice di vecchiaia;regione;calabria;Calabria;2025;196,7;percentuale;Demografia e popolazione;salute_cura;contextual;compatible;true;true;false;1.0;2026-07-15T08:36:55.635692+00:00;https://www.istat.it/comunicato-stampa/indicatori-demografici-anno-2025/;CC BY 3.0 IT;Normalized from existing Istat regional demographic atlas rows. No BES replacement is applied here.
istat_demografia;Indicatori demografici;921;921;Indice di vecchiaia;regione;campania;Campania;2025;161,2;percentuale;Demografia e popolazione;salute_cura;contextual;compatible;true;true;false;1.0;2026-07-15T08:36:55.635692+00:00;https://www.istat.it/comunicato-stampa/indicatori-demografici-anno-2025/;CC BY 3.0 IT;Normalized from existing Istat regional demographic atlas rows. No BES replacement is applied here.
istat_demografia;Indicatori demografici;921;921;Indice di vecchiaia;regione;emilia-romagna;Emilia-Romagna;2025;211,1;percentuale;Demografia e popolazione;salute_cura;contextual;compatible;true;true;false;1.0;2026-07-15T08:36:55.635692+00:00;https://www.istat.it/comunicato-stampa/indicatori-demografici-anno-2025/;CC BY 3.0 IT;Normalized from existing Istat regional demographic atlas rows. No BES replacement is applied here.
istat_demografia;Indicatori demografici;921;921;Indice di vecchiaia;regione;friuli-venezia-giulia;Friuli-Venezia Giulia;2025;252,9;percentuale;Demografia e popolazione;salute_cura;contextual;compatible;true;true;false;1.0;2026-07-15T08:36:55.635692+00:00;https://www.istat.it/comunicato-stampa/indicatori-demografici-anno-2025/;CC BY 3.0 IT;Normalized from existing Istat regional demographic atlas rows. No BES replacement is applied here.
istat_demografia;Indicatori demografici;921;921;Indice di vecchiaia;regione;lazio;Lazio;2025;199,5;percentuale;Demografia e popolazione;salute_cura;contextual;compatible;true;true;false;1.0;2026-07-15T08:36:55.635692+00:00;https://www.istat.it/comunicato-stampa/indicatori-demografici-anno-2025/;CC BY 3.0 IT;Normalized from existing Istat regional demographic atlas rows. No BES replacement is applied here.
istat_demografia;Indicatori demografici;921;921;Indice di vecchiaia;regione;liguria;Liguria;2025;283,3;percentuale;Demografia e popolazione;salute_cura;contextual;compatible;true;true;false;1.0;2026-07-15T08:36:55.635692+00:00;https://www.istat.it/comunicato-stampa/indicatori-demografici-anno-2025/;CC BY 3.0 IT;Normalized from existing Istat regional demographic atlas rows. No BES replacement is applied here.
istat_demografia;Indicatori demografici;921;921;Indice di vecchiaia;regione;lombardia;Lombardia;2025;195,4;percentuale;Demografia e popolazione;salute_cura;contextual;compatible;true;true;false;1.0;2026-07-15T08:36:55.635692+00:00;https://www.istat.it/comunicato-stampa/indicatori-demografici-anno-2025/;CC BY 3.0 IT;Normalized from existing Istat regional demographic atlas rows. No BES replacement is applied here.
istat_demografia;Indicatori demografici;921;921;Indice di vecchiaia;regione;marche;Marche;2025;235,4;percentuale;Demografia e popolazione;salute_cura;contextual;compatible;true;true;false;1.0;2026-07-15T08:36:55.635692+00:00;https://www.istat.it/comunicato-stampa/indicatori-demografici-anno-2025/;CC BY 3.0 IT;Normalized from existing Istat regional demographic atlas rows. No BES replacement is applied here.
istat_demografia;Indicatori demografici;921;921;Indice di vecchiaia;regione;molise;Molise;2025;261,9;percentuale;Demografia e popolazione;salute_cura;contextual;compatible;true;true;false;1.0;2026-07-15T08:36:55.635692+00:00;https://www.istat.it/comunicato-stampa/indicatori-demografici-anno-2025/;CC BY 3.0 IT;Normalized from existing Istat regional demographic atlas rows. No BES replacement is applied here.
istat_demografia;Indicatori demografici;921;921;Indice di vecchiaia;regione;piemonte;Piemonte;2025;240,3;percentuale;Demografia e popolazione;salute_cura;contextual;compatible;true;true;false;1.0;2026-07-15T08:36:55.635692+00:00;https://www.istat.it/comunicato-stampa/indicatori-demografici-anno-2025/;CC BY 3.0 IT;Normalized from existing Istat regional demographic atlas rows. No BES replacement is applied here.
istat_demografia;Indicatori demografici;921;921;Indice di vecchiaia;regione;puglia;Puglia;2025;209,4;percentuale;Demografia e popolazione;salute_cura;contextual;compatible;true;true;false;1.0;2026-07-15T08:36:55.635692+00:00;https://www.istat.it/comunicato-stampa/indicatori-demografici-anno-2025/;CC BY 3.0 IT;Normalized from existing Istat regional demographic atlas rows. No BES replacement is applied here.
istat_demografia;Indicatori demografici;921;921;Indice di vecchiaia;regione;sardegna;Sardegna;2025;282,5;percentuale;Demografia e popolazione;salute_cura;contextual;compatible;true;true;false;1.0;2026-07-15T08:36:55.635692+00:00;https://www.istat.it/comunicato-stampa/indicatori-demografici-anno-2025/;CC BY 3.0 IT;Normalized from existing Istat regional demographic atlas rows. No BES replacement is applied here.
istat_demografia;Indicatori demografici;921;921;Indice di vecchiaia;regione;sicilia;Sicilia;2025;184,2;percentuale;Demografia e popolazione;salute_cura;contextual;compatible;true;true;false;1.0;2026-07-15T08:36:55.635692+00:00;https://www.istat.it/comunicato-stampa/indicatori-demografici-anno-2025/;CC BY 3.0 IT;Normalized from existing Istat regional demographic atlas rows. No BES replacement is applied here.
istat_demografia;Indicatori demografici;921;921;Indice di vecchiaia;regione;toscana;Toscana;2025;242,5;percentuale;Demografia e popolazione;salute_cura;contextual;compatible;true;true;false;1.0;2026-07-15T08:36:55.635692+00:00;https://www.istat.it/comunicato-stampa/indicatori-demografici-anno-2025/;CC BY 3.0 IT;Normalized from existing Istat regional demographic atlas rows. No BES replacement is applied here.
istat_demografia;Indicatori demografici;921;921;Indice di vecchiaia;regione;trentino-alto-adige;Trentino Alto Adige;2025;162,2;percentuale;Demografia e popolazione;salute_cura;contextual;compatible;true;true;false;1.0;2026-07-15T08:36:55.635692+00:00;https://www.istat.it/comunicato-stampa/indicatori-demografici-anno-2025/;CC BY 3.0 IT;Normalized from existing Istat regional demographic atlas rows. No BES replacement is applied here.
istat_demografia;Indicatori demografici;921;921;Indice di vecchiaia;regione;umbria;Umbria;2025;247,4;percentuale;Demografia e popolazione;salute_cura;contextual;compatible;true;true;false;1.0;2026-07-15T08:36:55.635692+00:00;https://www.istat.it/comunicato-stampa/indicatori-demografici-anno-2025/;CC BY 3.0 IT;Normalized from existing Istat regional demographic atlas rows. No BES replacement is applied here.
istat_demografia;Indicatori demografici;921;921;Indice di vecchiaia;regione;valle-d-aosta;Valle d'Aosta;2025;227,1;percentuale;Demografia e popolazione;salute_cura;contextual;compatible;true;true;false;1.0;2026-07-15T08:36:55.635692+00:00;https://www.istat.it/comunicato-stampa/indicatori-demografici-anno-2025/;CC BY 3.0 IT;Normalized from existing Istat regional demographic atlas rows. No BES replacement is applied here.
istat_demografia;Indicatori demografici;921;921;Indice di vecchiaia;regione;veneto;Veneto;2025;212;percentuale;Demografia e popolazione;salute_cura;contextual;compatible;true;true;false;1.0;2026-07-15T08:36:55.635692+00:00;https://www.istat.it/comunicato-stampa/indicatori-demografici-anno-2025/;CC BY 3.0 IT;Normalized from existing Istat regional demographic atlas rows. No BES replacement is applied here.
istat_demografia;Indicatori demografici;921;921;Indice di vecchiaia;regione;abruzzo;Abruzzo;2026;238,6;percentuale;Demografia e popolazione;salute_cura;contextual;compatible;true;true;false;1.0;2026-07-15T08:36:55.635692+00:00;https://www.istat.it/comunicato-stampa/indicatori-demografici-anno-2025/;CC BY 3.0 IT;Normalized from existing Istat regional demographic atlas rows. No BES replacement is applied here.
istat_demografia;Indicatori demografici;921;921;Indice di vecchiaia;regione;basilicata;Basilicata;2026;250,2;percentuale;Demografia e popolazione;salute_cura;contextual;compatible;true;true;false;1.0;2026-07-15T08:36:55.635692+00:00;https://www.istat.it/comunicato-stampa/indicatori-demografici-anno-2025/;CC BY 3.0 IT;Normalized from existing Istat regional demographic atlas rows. No BES replacement is applied here.
istat_demografia;Indicatori demografici;921;921;Indice di vecchiaia;regione;calabria;Calabria;2026;205,1;percentuale;Demografia e popolazione;salute_cura;contextual;compatible;true;true;false;1.0;2026-07-15T08:36:55.635692+00:00;https://www.istat.it/comunicato-stampa/indicatori-demografici-anno-2025/;CC BY 3.0 IT;Normalized from existing Istat regional demographic atlas rows. No BES replacement is applied here.
istat_demografia;Indicatori demografici;921;921;Indice di vecchiaia;regione;campania;Campania;2026;168,8;percentuale;Demografia e popolazione;salute_cura;contextual;compatible;true;true;false;1.0;2026-07-15T08:36:55.635692+00:00;https://www.istat.it/comunicato-stampa/indicatori-demografici-anno-2025/;CC BY 3.0 IT;Normalized from existing Istat regional demographic atlas rows. No BES replacement is applied here.
istat_demografia;Indicatori demografici;921;921;Indice di vecchiaia;regione;emilia-romagna;Emilia-Romagna;2026;218,6;percentuale;Demografia e popolazione;salute_cura;contextual;compatible;true;true;false;1.0;2026-07-15T08:36:55.635692+00:00;https://www.istat.it/comunicato-stampa/indicatori-demografici-anno-2025/;CC BY 3.0 IT;Normalized from existing Istat regional demographic atlas rows. No BES replacement is applied here.
istat_demografia;Indicatori demografici;921;921;Indice di vecchiaia;regione;friuli-venezia-giulia;Friuli-Venezia Giulia;2026;262;percentuale;Demografia e popolazione;salute_cura;contextual;compatible;true;true;false;1.0;2026-07-15T08:36:55.635692+00:00;https://www.istat.it/comunicato-stampa/indicatori-demografici-anno-2025/;CC BY 3.0 IT;Normalized from existing Istat regional demographic atlas rows. No BES replacement is applied here.
istat_demografia;Indicatori demografici;921;921;Indice di vecchiaia;regione;lazio;Lazio;2026;209,6;percentuale;Demografia e popolazione;salute_cura;contextual;compatible;true;true;false;1.0;2026-07-15T08:36:55.635692+00:00;https://www.istat.it/comunicato-stampa/indicatori-demografici-anno-2025/;CC BY 3.0 IT;Normalized from existing Istat regional demographic atlas rows. No BES replacement is applied here.
istat_demografia;Indicatori demografici;921;921;Indice di vecchiaia;regione;liguria;Liguria;2026;290,2;percentuale;Demografia e popolazione;salute_cura;contextual;compatible;true;true;false;1.0;2026-07-15T08:36:55.635692+00:00;https://www.istat.it/comunicato-stampa/indicatori-demografici-anno-2025/;CC BY 3.0 IT;Normalized from existing Istat regional demographic atlas rows. No BES replacement is applied here.
istat_demografia;Indicatori demografici;921;921;Indice di vecchiaia;regione;lombardia;Lombardia;2026;203;percentuale;Demografia e popolazione;salute_cura;contextual;compatible;true;true;false;1.0;2026-07-15T08:36:55.635692+00:00;https://www.istat.it/comunicato-stampa/indicatori-demografici-anno-2025/;CC BY 3.0 IT;Normalized from existing Istat regional demographic atlas rows. No BES replacement is applied here.
istat_demografia;Indicatori demografici;921;921;Indice di vecchiaia;regione;marche;Marche;2026;245;percentuale;Demografia e popolazione;salute_cura;contextual;compatible;true;true;false;1.0;2026-07-15T08:36:55.635692+00:00;https://www.istat.it/comunicato-stampa/indicatori-demografici-anno-2025/;CC BY 3.0 IT;Normalized from existing Istat regional demographic atlas rows. No BES replacement is applied here.
istat_demografia;Indicatori demografici;921;921;Indice di vecchiaia;regione;molise;Molise;2026;272,4;percentuale;Demografia e popolazione;salute_cura;contextual;compatible;true;true;false;1.0;2026-07-15T08:36:55.635692+00:00;https://www.istat.it/comunicato-stampa/indicatori-demografici-anno-2025/;CC BY 3.0 IT;Normalized from existing Istat regional demographic atlas rows. No BES replacement is applied here.
istat_demografia;Indicatori demografici;921;921;Indice di vecchiaia;regione;piemonte;Piemonte;2026;248,3;percentuale;Demografia e popolazione;salute_cura;contextual;compatible;true;true;false;1.0;2026-07-15T08:36:55.635692+00:00;https://www.istat.it/comunicato-stampa/indicatori-demografici-anno-2025/;CC BY 3.0 IT;Normalized from existing Istat regional demographic atlas rows. No BES replacement is applied here.
istat_demografia;Indicatori demografici;921;921;Indice di vecchiaia;regione;puglia;Puglia;2026;219,7;percentuale;Demografia e popolazione;salute_cura;contextual;compatible;true;true;false;1.0;2026-07-15T08:36:55.635692+00:00;https://www.istat.it/comunicato-stampa/indicatori-demografici-anno-2025/;CC BY 3.0 IT;Normalized from existing Istat regional demographic atlas rows. No BES replacement is applied here.
istat_demografia;Indicatori demografici;921;921;Indice di vecchiaia;regione;sardegna;Sardegna;2026;299,7;percentuale;Demografia e popolazione;salute_cura;contextual;compatible;true;true;false;1.0;2026-07-15T08:36:55.635692+00:00;https://www.istat.it/comunicato-stampa/indicatori-demografici-anno-2025/;CC BY 3.0 IT;Normalized from existing Istat regional demographic atlas rows. No BES replacement is applied here.
istat_demografia;Indicatori demografici;921;921;Indice di vecchiaia;regione;sicilia;Sicilia;2026;192;percentuale;Demografia e popolazione;salute_cura;contextual;compatible;true;true;false;1.0;2026-07-15T08:36:55.635692+00:00;https://www.istat.it/comunicato-stampa/indicatori-demografici-anno-2025/;CC BY 3.0 IT;Normalized from existing Istat regional demographic atlas rows. No BES replacement is applied here.
istat_demografia;Indicatori demografici;921;921;Indice di vecchiaia;regione;toscana;Toscana;2026;251,7;percentuale;Demografia e popolazione;salute_cura;contextual;compatible;true;true;false;1.0;2026-07-15T08:36:55.635692+00:00;https://www.istat.it/comunicato-stampa/indicatori-demografici-anno-2025/;CC BY 3.0 IT;Normalized from existing Istat regional demographic atlas rows. No BES replacement is applied here.
istat_demografia;Indicatori demografici;921;921;Indice di vecchiaia;regione;trentino-alto-adige;Trentino Alto Adige;2026;168,5;percentuale;Demografia e popolazione;salute_cura;contextual;compatible;true;true;false;1.0;2026-07-15T08:36:55.635692+00:00;https://www.istat.it/comunicato-stampa/indicatori-demografici-anno-2025/;CC BY 3.0 IT;Normalized from existing Istat regional demographic atlas rows. No BES replacement is applied here.
istat_demografia;Indicatori demografici;921;921;Indice di vecchiaia;regione;umbria;Umbria;2026;257,6;percentuale;Demografia e popolazione;salute_cura;contextual;compatible;true;true;false;1.0;2026-07-15T08:36:55.635692+00:00;https://www.istat.it/comunicato-stampa/indicatori-demografici-anno-2025/;CC BY 3.0 IT;Normalized from existing Istat regional demographic atlas rows. No BES replacement is applied here.
istat_demografia;Indicatori demografici;921;921;Indice di vecchiaia;regione;valle-d-aosta;Valle d'Aosta;2026;237,4;percentuale;Demografia e popolazione;salute_cura;contextual;compatible;true;true;false;1.0;2026-07-15T08:36:55.635692+00:00;https://www.istat.it/comunicato-stampa/indicatori-demografici-anno-2025/;CC BY 3.0 IT;Normalized from existing Istat regional demographic atlas rows. No BES replacement is applied here.
istat_demografia;Indicatori demografici;921;921;Indice di vecchiaia;regione;veneto;Veneto;2026;221,4;percentuale;Demografia e popolazione;salute_cura;contextual;compatible;true;true;false;1.0;2026-07-15T08:36:55.635692+00:00;https://www.istat.it/comunicato-stampa/indicatori-demografici-anno-2025/;CC BY 3.0 IT;Normalized from existing Istat regional demographic atlas rows. No BES replacement is applied here.
istat_demografia;Indicatori demografici;922;922;Numero medio di figli per donna;regione;abruzzo;Abruzzo;2025;1,07;numero medio;Demografia e popolazione;salute_cura;contextual;compatible;true;true;false;1.0;2026-07-15T08:36:55.635692+00:00;https://www.istat.it/comunicato-stampa/indicatori-demografici-anno-2025/;CC BY 3.0 IT;Normalized from existing Istat regional demographic atlas rows. No BES replacement is applied here.
istat_demografia;Indicatori demografici;922;922;Numero medio di figli per donna;regione;basilicata;Basilicata;2025;1,08;numero medio;Demografia e popolazione;salute_cura;contextual;compatible;true;true;false;1.0;2026-07-15T08:36:55.635692+00:00;https://www.istat.it/comunicato-stampa/indicatori-demografici-anno-2025/;CC BY 3.0 IT;Normalized from existing Istat regional demographic atlas rows. No BES replacement is applied here.
istat_demografia;Indicatori demografici;922;922;Numero medio di figli per donna;regione;calabria;Calabria;2025;1,19;numero medio;Demografia e popolazione;salute_cura;contextual;compatible;true;true;false;1.0;2026-07-15T08:36:55.635692+00:00;https://www.istat.it/comunicato-stampa/indicatori-demografici-anno-2025/;CC BY 3.0 IT;Normalized from existing Istat regional demographic atlas rows. No BES replacement is applied here.
istat_demografia;Indicatori demografici;922;922;Numero medio di figli per donna;regione;campania;Campania;2025;1,22;numero medio;Demografia e popolazione;salute_cura;contextual;compatible;true;true;false;1.0;2026-07-15T08:36:55.635692+00:00;https://www.istat.it/comunicato-stampa/indicatori-demografici-anno-2025/;CC BY 3.0 IT;Normalized from existing Istat regional demographic atlas rows. No BES replacement is applied here.
istat_demografia;Indicatori demografici;922;922;Numero medio di figli per donna;regione;emilia-romagna;Emilia-Romagna;2025;1,14;numero medio;Demografia e popolazione;salute_cura;contextual;compatible;true;true;false;1.0;2026-07-15T08:36:55.635692+00:00;https://www.istat.it/comunicato-stampa/indicatori-demografici-anno-2025/;CC BY 3.0 IT;Normalized from existing Istat regional demographic atlas rows. No BES replacement is applied here.
istat_demografia;Indicatori demografici;922;922;Numero medio di figli per donna;regione;friuli-venezia-giulia;Friuli-Venezia Giulia;2025;1,15;numero medio;Demografia e popolazione;salute_cura;contextual;compatible;true;true;false;1.0;2026-07-15T08:36:55.635692+00:00;https://www.istat.it/comunicato-stampa/indicatori-demografici-anno-2025/;CC BY 3.0 IT;Normalized from existing Istat regional demographic atlas rows. No BES replacement is applied here.
istat_demografia;Indicatori demografici;922;922;Numero medio di figli per donna;regione;lazio;Lazio;2025;1,05;numero medio;Demografia e popolazione;salute_cura;contextual;compatible;true;true;false;1.0;2026-07-15T08:36:55.635692+00:00;https://www.istat.it/comunicato-stampa/indicatori-demografici-anno-2025/;CC BY 3.0 IT;Normalized from existing Istat regional demographic atlas rows. No BES replacement is applied here.
istat_demografia;Indicatori demografici;922;922;Numero medio di figli per donna;regione;liguria;Liguria;2025;1,11;numero medio;Demografia e popolazione;salute_cura;contextual;compatible;true;true;false;1.0;2026-07-15T08:36:55.635692+00:00;https://www.istat.it/comunicato-stampa/indicatori-demografici-anno-2025/;CC BY 3.0 IT;Normalized from existing Istat regional demographic atlas rows. No BES replacement is applied here.
istat_demografia;Indicatori demografici;922;922;Numero medio di figli per donna;regione;lombardia;Lombardia;2025;1,16;numero medio;Demografia e popolazione;salute_cura;contextual;compatible;true;true;false;1.0;2026-07-15T08:36:55.635692+00:00;https://www.istat.it/comunicato-stampa/indicatori-demografici-anno-2025/;CC BY 3.0 IT;Normalized from existing Istat regional demographic atlas rows. No BES replacement is applied here.
istat_demografia;Indicatori demografici;922;922;Numero medio di figli per donna;regione;marche;Marche;2025;1,11;numero medio;Demografia e popolazione;salute_cura;contextual;compatible;true;true;false;1.0;2026-07-15T08:36:55.635692+00:00;https://www.istat.it/comunicato-stampa/indicatori-demografici-anno-2025/;CC BY 3.0 IT;Normalized from existing Istat regional demographic atlas rows. No BES replacement is applied here.
istat_demografia;Indicatori demografici;922;922;Numero medio di figli per donna;regione;molise;Molise;2025;1,02;numero medio;Demografia e popolazione;salute_cura;contextual;compatible;true;true;false;1.0;2026-07-15T08:36:55.635692+00:00;https://www.istat.it/comunicato-stampa/indicatori-demografici-anno-2025/;CC BY 3.0 IT;Normalized from existing Istat regional demographic atlas rows. No BES replacement is applied here.
istat_demografia;Indicatori demografici;922;922;Numero medio di figli per donna;regione;piemonte;Piemonte;2025;1,1;numero medio;Demografia e popolazione;salute_cura;contextual;compatible;true;true;false;1.0;2026-07-15T08:36:55.635692+00:00;https://www.istat.it/comunicato-stampa/indicatori-demografici-anno-2025/;CC BY 3.0 IT;Normalized from existing Istat regional demographic atlas rows. No BES replacement is applied here.
istat_demografia;Indicatori demografici;922;922;Numero medio di figli per donna;regione;puglia;Puglia;2025;1,11;numero medio;Demografia e popolazione;salute_cura;contextual;compatible;true;true;false;1.0;2026-07-15T08:36:55.635692+00:00;https://www.istat.it/comunicato-stampa/indicatori-demografici-anno-2025/;CC BY 3.0 IT;Normalized from existing Istat regional demographic atlas rows. No BES replacement is applied here.
istat_demografia;Indicatori demografici;922;922;Numero medio di figli per donna;regione;sardegna;Sardegna;2025;0,85;numero medio;Demografia e popolazione;salute_cura;contextual;compatible;true;true;false;1.0;2026-07-15T08:36:55.635692+00:00;https://www.istat.it/comunicato-stampa/indicatori-demografici-anno-2025/;CC BY 3.0 IT;Normalized from existing Istat regional demographic atlas rows. No BES replacement is applied here.
istat_demografia;Indicatori demografici;922;922;Numero medio di figli per donna;regione;sicilia;Sicilia;2025;1,23;numero medio;Demografia e popolazione;salute_cura;contextual;compatible;true;true;false;1.0;2026-07-15T08:36:55.635692+00:00;https://www.istat.it/comunicato-stampa/indicatori-demografici-anno-2025/;CC BY 3.0 IT;Normalized from existing Istat regional demographic atlas rows. No BES replacement is applied here.
istat_demografia;Indicatori demografici;922;922;Numero medio di figli per donna;regione;toscana;Toscana;2025;1,08;numero medio;Demografia e popolazione;salute_cura;contextual;compatible;true;true;false;1.0;2026-07-15T08:36:55.635692+00:00;https://www.istat.it/comunicato-stampa/indicatori-demografici-anno-2025/;CC BY 3.0 IT;Normalized from existing Istat regional demographic atlas rows. No BES replacement is applied here.
istat_demografia;Indicatori demografici;922;922;Numero medio di figli per donna;regione;trentino-alto-adige;Trentino Alto Adige;2025;1,4;numero medio;Demografia e popolazione;salute_cura;contextual;compatible;true;true;false;1.0;2026-07-15T08:36:55.635692+00:00;https://www.istat.it/comunicato-stampa/indicatori-demografici-anno-2025/;CC BY 3.0 IT;Normalized from existing Istat regional demographic atlas rows. No BES replacement is applied here.
istat_demografia;Indicatori demografici;922;922;Numero medio di figli per donna;regione;umbria;Umbria;2025;1,06;numero medio;Demografia e popolazione;salute_cura;contextual;compatible;true;true;false;1.0;2026-07-15T08:36:55.635692+00:00;https://www.istat.it/comunicato-stampa/indicatori-demografici-anno-2025/;CC BY 3.0 IT;Normalized from existing Istat regional demographic atlas rows. No BES replacement is applied here.
istat_demografia;Indicatori demografici;922;922;Numero medio di figli per donna;regione;valle-d-aosta;Valle d'Aosta;2025;1,12;numero medio;Demografia e popolazione;salute_cura;contextual;compatible;true;true;false;1.0;2026-07-15T08:36:55.635692+00:00;https://www.istat.it/comunicato-stampa/indicatori-demografici-anno-2025/;CC BY 3.0 IT;Normalized from existing Istat regional demographic atlas rows. No BES replacement is applied here.
istat_demografia;Indicatori demografici;922;922;Numero medio di figli per donna;regione;veneto;Veneto;2025;1,16;numero medio;Demografia e popolazione;salute_cura;contextual;compatible;true;true;false;1.0;2026-07-15T08:36:55.635692+00:00;https://www.istat.it/comunicato-stampa/indicatori-demografici-anno-2025/;CC BY 3.0 IT;Normalized from existing Istat regional demographic atlas rows. No BES replacement is applied here.
istat_demografia;Indicatori demografici;923;923;Saldo migratorio totale;regione;abruzzo;Abruzzo;2025;4,8;per mille abitanti;Demografia e popolazione;salute_cura;contextual;compatible;true;true;false;1.0;2026-07-15T08:36:55.635692+00:00;https://www.istat.it/comunicato-stampa/indicatori-demografici-anno-2025/;CC BY 3.0 IT;Normalized from existing Istat regional demographic atlas rows. No BES replacement is applied here.
istat_demografia;Indicatori demografici;923;923;Saldo migratorio totale;regione;basilicata;Basilicata;2025;-2,3;per mille abitanti;Demografia e popolazione;salute_cura;contextual;compatible;true;true;false;1.0;2026-07-15T08:36:55.635692+00:00;https://www.istat.it/comunicato-stampa/indicatori-demografici-anno-2025/;CC BY 3.0 IT;Normalized from existing Istat regional demographic atlas rows. No BES replacement is applied here.
istat_demografia;Indicatori demografici;923;923;Saldo migratorio totale;regione;calabria;Calabria;2025;0,7;per mille abitanti;Demografia e popolazione;salute_cura;contextual;compatible;true;true;false;1.0;2026-07-15T08:36:55.635692+00:00;https://www.istat.it/comunicato-stampa/indicatori-demografici-anno-2025/;CC BY 3.0 IT;Normalized from existing Istat regional demographic atlas rows. No BES replacement is applied here.
istat_demografia;Indicatori demografici;923;923;Saldo migratorio totale;regione;campania;Campania;2025;0,6;per mille abitanti;Demografia e popolazione;salute_cura;contextual;compatible;true;true;false;1.0;2026-07-15T08:36:55.635692+00:00;https://www.istat.it/comunicato-stampa/indicatori-demografici-anno-2025/;CC BY 3.0 IT;Normalized from existing Istat regional demographic atlas rows. No BES replacement is applied here.
istat_demografia;Indicatori demografici;923;923;Saldo migratorio totale;regione;emilia-romagna;Emilia-Romagna;2025;8,6;per mille abitanti;Demografia e popolazione;salute_cura;contextual;compatible;true;true;false;1.0;2026-07-15T08:36:55.635692+00:00;https://www.istat.it/comunicato-stampa/indicatori-demografici-anno-2025/;CC BY 3.0 IT;Normalized from existing Istat regional demographic atlas rows. No BES replacement is applied here.
istat_demografia;Indicatori demografici;923;923;Saldo migratorio totale;regione;friuli-venezia-giulia;Friuli-Venezia Giulia;2025;6,7;per mille abitanti;Demografia e popolazione;salute_cura;contextual;compatible;true;true;false;1.0;2026-07-15T08:36:55.635692+00:00;https://www.istat.it/comunicato-stampa/indicatori-demografici-anno-2025/;CC BY 3.0 IT;Normalized from existing Istat regional demographic atlas rows. No BES replacement is applied here.
istat_demografia;Indicatori demografici;923;923;Saldo migratorio totale;regione;lazio;Lazio;2025;5;per mille abitanti;Demografia e popolazione;salute_cura;contextual;compatible;true;true;false;1.0;2026-07-15T08:36:55.635692+00:00;https://www.istat.it/comunicato-stampa/indicatori-demografici-anno-2025/;CC BY 3.0 IT;Normalized from existing Istat regional demographic atlas rows. No BES replacement is applied here.
istat_demografia;Indicatori demografici;923;923;Saldo migratorio totale;regione;liguria;Liguria;2025;9,8;per mille abitanti;Demografia e popolazione;salute_cura;contextual;compatible;true;true;false;1.0;2026-07-15T08:36:55.635692+00:00;https://www.istat.it/comunicato-stampa/indicatori-demografici-anno-2025/;CC BY 3.0 IT;Normalized from existing Istat regional demographic atlas rows. No BES replacement is applied here.
istat_demografia;Indicatori demografici;923;923;Saldo migratorio totale;regione;lombardia;Lombardia;2025;7,3;per mille abitanti;Demografia e popolazione;salute_cura;contextual;compatible;true;true;false;1.0;2026-07-15T08:36:55.635692+00:00;https://www.istat.it/comunicato-stampa/indicatori-demografici-anno-2025/;CC BY 3.0 IT;Normalized from existing Istat regional demographic atlas rows. No BES replacement is applied here.
istat_demografia;Indicatori demografici;923;923;Saldo migratorio totale;regione;marche;Marche;2025;5,7;per mille abitanti;Demografia e popolazione;salute_cura;contextual;compatible;true;true;false;1.0;2026-07-15T08:36:55.635692+00:00;https://www.istat.it/comunicato-stampa/indicatori-demografici-anno-2025/;CC BY 3.0 IT;Normalized from existing Istat regional demographic atlas rows. No BES replacement is applied here.
istat_demografia;Indicatori demografici;923;923;Saldo migratorio totale;regione;molise;Molise;2025;1,4;per mille abitanti;Demografia e popolazione;salute_cura;contextual;compatible;true;true;false;1.0;2026-07-15T08:36:55.635692+00:00;https://www.istat.it/comunicato-stampa/indicatori-demografici-anno-2025/;CC BY 3.0 IT;Normalized from existing Istat regional demographic atlas rows. No BES replacement is applied here.
istat_demografia;Indicatori demografici;923;923;Saldo migratorio totale;regione;piemonte;Piemonte;2025;7,6;per mille abitanti;Demografia e popolazione;salute_cura;contextual;compatible;true;true;false;1.0;2026-07-15T08:36:55.635692+00:00;https://www.istat.it/comunicato-stampa/indicatori-demografici-anno-2025/;CC BY 3.0 IT;Normalized from existing Istat regional demographic atlas rows. No BES replacement is applied here.
istat_demografia;Indicatori demografici;923;923;Saldo migratorio totale;regione;puglia;Puglia;2025;1,7;per mille abitanti;Demografia e popolazione;salute_cura;contextual;compatible;true;true;false;1.0;2026-07-15T08:36:55.635692+00:00;https://www.istat.it/comunicato-stampa/indicatori-demografici-anno-2025/;CC BY 3.0 IT;Normalized from existing Istat regional demographic atlas rows. No BES replacement is applied here.
istat_demografia;Indicatori demografici;923;923;Saldo migratorio totale;regione;sardegna;Sardegna;2025;2,9;per mille abitanti;Demografia e popolazione;salute_cura;contextual;compatible;true;true;false;1.0;2026-07-15T08:36:55.635692+00:00;https://www.istat.it/comunicato-stampa/indicatori-demografici-anno-2025/;CC BY 3.0 IT;Normalized from existing Istat regional demographic atlas rows. No BES replacement is applied here.
istat_demografia;Indicatori demografici;923;923;Saldo migratorio totale;regione;sicilia;Sicilia;2025;1,6;per mille abitanti;Demografia e popolazione;salute_cura;contextual;compatible;true;true;false;1.0;2026-07-15T08:36:55.635692+00:00;https://www.istat.it/comunicato-stampa/indicatori-demografici-anno-2025/;CC BY 3.0 IT;Normalized from existing Istat regional demographic atlas rows. No BES replacement is applied here.
istat_demografia;Indicatori demografici;923;923;Saldo migratorio totale;regione;toscana;Toscana;2025;6,9;per mille abitanti;Demografia e popolazione;salute_cura;contextual;compatible;true;true;false;1.0;2026-07-15T08:36:55.635692+00:00;https://www.istat.it/comunicato-stampa/indicatori-demografici-anno-2025/;CC BY 3.0 IT;Normalized from existing Istat regional demographic atlas rows. No BES replacement is applied here.
istat_demografia;Indicatori demografici;923;923;Saldo migratorio totale;regione;trentino-alto-adige;Trentino Alto Adige;2025;5,7;per mille abitanti;Demografia e popolazione;salute_cura;contextual;compatible;true;true;false;1.0;2026-07-15T08:36:55.635692+00:00;https://www.istat.it/comunicato-stampa/indicatori-demografici-anno-2025/;CC BY 3.0 IT;Normalized from existing Istat regional demographic atlas rows. No BES replacement is applied here.
istat_demografia;Indicatori demografici;923;923;Saldo migratorio totale;regione;umbria;Umbria;2025;5,9;per mille abitanti;Demografia e popolazione;salute_cura;contextual;compatible;true;true;false;1.0;2026-07-15T08:36:55.635692+00:00;https://www.istat.it/comunicato-stampa/indicatori-demografici-anno-2025/;CC BY 3.0 IT;Normalized from existing Istat regional demographic atlas rows. No BES replacement is applied here.
istat_demografia;Indicatori demografici;923;923;Saldo migratorio totale;regione;valle-d-aosta;Valle d'Aosta;2025;5,7;per mille abitanti;Demografia e popolazione;salute_cura;contextual;compatible;true;true;false;1.0;2026-07-15T08:36:55.635692+00:00;https://www.istat.it/comunicato-stampa/indicatori-demografici-anno-2025/;CC BY 3.0 IT;Normalized from existing Istat regional demographic atlas rows. No BES replacement is applied here.
istat_demografia;Indicatori demografici;923;923;Saldo migratorio totale;regione;veneto;Veneto;2025;5,4;per mille abitanti;Demografia e popolazione;salute_cura;contextual;compatible;true;true;false;1.0;2026-07-15T08:36:55.635692+00:00;https://www.istat.it/comunicato-stampa/indicatori-demografici-anno-2025/;CC BY 3.0 IT;Normalized from existing Istat regional demographic atlas rows. No BES replacement is applied here.
