id;name;domain;domain_name;proposed_category;proposed_direction;unit;year_min;year_max;n_region;coverage;n_region_latest;coverage_latest;source_dataflow
10AMB002;Consumo materiale interno;Ambiente;Ambiente;ambiente_mobilita_servizi;contextual;Milioni di tonnellate;2015;2022;20;1.0;20;1.0;BES nazionale, appendice statistica regionale
10AMB003;Dispersione da rete idrica comunale;Ambiente;Ambiente;ambiente_mobilita_servizi;contextual;Valori percentuali;2005;2022;20;1.0;20;1.0;BES nazionale, appendice statistica regionale
10AMB004;Conferimento dei rifiuti urbani in discarica;Ambiente;Ambiente;ambiente_mobilita_servizi;contextual;Valori percentuali;2004;2024;20;1.0;20;1.0;BES nazionale, appendice statistica regionale
10AMB007;Coste marine balneabili;Ambiente;Ambiente;ambiente_mobilita_servizi;contextual;Valori percentuali;2013;2019;15;0.75;15;0.75;BES nazionale, appendice statistica regionale
10AMB008;Disponibilità di verde urbano;Ambiente;Ambiente;ambiente_mobilita_servizi;contextual;M2 per abitante;2011;2023;20;1.0;20;1.0;BES nazionale, appendice statistica regionale
10AMB009;Soddisfazione per la situazione ambientale;Ambiente;Ambiente;ambiente_mobilita_servizi;higher_better;Valori percentuali;2005;2025;20;1.0;20;1.0;BES nazionale, appendice statistica regionale
10AMB010;Siti contaminati;Ambiente;Ambiente;ambiente_mobilita_servizi;contextual;Valori per 1.000;2018;2021;20;1.0;20;1.0;BES nazionale, appendice statistica regionale
10AMB011;Popolazione esposta al rischio di frane;Ambiente;Ambiente;ambiente_mobilita_servizi;contextual;Valori percentuali;2015;2024;20;1.0;20;1.0;BES nazionale, appendice statistica regionale
10AMB012;Popolazione esposta al rischio di alluvioni;Ambiente;Ambiente;ambiente_mobilita_servizi;contextual;Valori percentuali;2015;2020;20;1.0;20;1.0;BES nazionale, appendice statistica regionale
10AMB013;Trattamento delle acque reflue;Ambiente;Ambiente;ambiente_mobilita_servizi;contextual;Valori percentuali;2005;2015;20;1.0;20;1.0;BES nazionale, appendice statistica regionale
10AMB014;Aree protette;Ambiente;Ambiente;ambiente_mobilita_servizi;contextual;Valori percentuali;2012;2022;20;1.0;20;1.0;BES nazionale, appendice statistica regionale
10AMB015;Preoccupazione per la perdita di biodiversità;Ambiente;Ambiente;ambiente_mobilita_servizi;contextual;Valori percentuali;2012;2024;20;1.0;20;1.0;BES nazionale, appendice statistica regionale
10AMB016;Energia elettrica da fonti rinnovabili;Ambiente;Ambiente;ambiente_mobilita_servizi;higher_better;Valori percentuali;2004;2024;20;1.0;20;1.0;BES nazionale, appendice statistica regionale
10AMB018;Impermeabilizzazione del suolo da copertura artificiale;Ambiente;Ambiente;ambiente_mobilita_servizi;contextual;Valori percentuali;2012;2024;20;1.0;20;1.0;BES nazionale, appendice statistica regionale
10AMB020;Qualità dell'aria - PM2.5;Ambiente;Ambiente;ambiente_mobilita_servizi;contextual;Valori percentuali;2010;2024;20;1.0;20;1.0;BES nazionale, appendice statistica regionale
10AMB023;Preoccupazione per cambiamenti climatici ed effetto serra;Ambiente;Ambiente;ambiente_mobilita_servizi;contextual;Valori percentuali;2012;2024;20;1.0;20;1.0;BES nazionale, appendice statistica regionale
10AMB024;Rifiuti urbani prodotti;Ambiente;Ambiente;ambiente_mobilita_servizi;contextual;Kg per abitante;2010;2024;20;1.0;20;1.0;BES nazionale, appendice statistica regionale
10AMB025;Indice di durata dei periodi di caldo;Ambiente;Ambiente;ambiente_mobilita_servizi;contextual;Numero di giorni;2011;2023;20;1.0;20;1.0;BES nazionale, appendice statistica regionale
10AMB026;Giorni con precipitazione estremamente intensa;Ambiente;Ambiente;ambiente_mobilita_servizi;contextual;Numero di giorni;2011;2023;20;1.0;20;1.0;BES nazionale, appendice statistica regionale
10AMB027;Giorni consecutivi senza pioggia;Ambiente;Ambiente;ambiente_mobilita_servizi;contextual;Numero di giorni;2011;2023;20;1.0;20;1.0;BES nazionale, appendice statistica regionale
04BEC001;Reddito disponibile lordo pro capite;Benessere economico;Benessere economico;reddito_accessibilita;contextual;Euro (prezzi correnti);2004;2024;20;1.0;20;1.0;BES nazionale, appendice statistica regionale
04BEC002;Disuguaglianza del reddito netto (s80/s20);Benessere economico;Benessere economico;reddito_accessibilita;contextual;Numero puro - rapporto tra redditi;2004;2024;20;1.0;20;1.0;BES nazionale, appendice statistica regionale
04BEC003;Rischio di povertà;Benessere economico;Benessere economico;reddito_accessibilita;lower_better;Valori percentuali;2004;2025;20;1.0;19;0.95;BES nazionale, appendice statistica regionale
04BEC007-N23;Grave deprivazione materiale e sociale - Europa 2030;Benessere economico;Benessere economico;reddito_accessibilita;lower_better;Valori percentuali;2021;2025;14;0.7;11;0.55;BES nazionale, appendice statistica regionale
04BEC008;Grave deprivazione abitativa;Benessere economico;Benessere economico;reddito_accessibilita;lower_better;Valori percentuali;2004;2025;20;1.0;16;0.8;BES nazionale, appendice statistica regionale
04BEC009;Grande difficoltà ad arrivare a fine mese;Benessere economico;Benessere economico;reddito_accessibilita;lower_better;Valori percentuali;2004;2025;20;1.0;16;0.8;BES nazionale, appendice statistica regionale
04BEC010-N23;Bassa intensità di lavoro - Europa 2030;Benessere economico;Benessere economico;reddito_accessibilita;lower_better;Valori percentuali;2021;2025;19;0.95;15;0.75;BES nazionale, appendice statistica regionale
04BEC020;Situazione economica della famiglia;Benessere economico;Benessere economico;reddito_accessibilita;contextual;Valori percentuali;2016;2025;20;1.0;20;1.0;BES nazionale, appendice statistica regionale
SDG-222;Sovraccarico del costo dell'abitazione;Benessere economico;Benessere economico;reddito_accessibilita;lower_better;Valori percentuali;2004;2025;20;1.0;14;0.7;BES nazionale, appendice statistica regionale
08BSO001;Soddisfazione per la propria vita;Benessere soggettivo;Benessere soggettivo;benessere_soggettivo;higher_better;Valori percentuali;2010;2025;20;1.0;20;1.0;BES nazionale, appendice statistica regionale
08BSO002;Soddisfazione per il tempo libero;Benessere soggettivo;Benessere soggettivo;benessere_soggettivo;higher_better;Valori percentuali;2005;2025;20;1.0;20;1.0;BES nazionale, appendice statistica regionale
08BSO003;Giudizio positivo sulle prospettive future;Benessere soggettivo;Benessere soggettivo;benessere_soggettivo;higher_better;Valori percentuali;2012;2025;20;1.0;20;1.0;BES nazionale, appendice statistica regionale
08BSO004;Giudizio negativo sulle prospettive future;Benessere soggettivo;Benessere soggettivo;benessere_soggettivo;lower_better;Valori percentuali;2012;2025;20;1.0;20;1.0;BES nazionale, appendice statistica regionale
11RIC001;Intensità di ricerca;Innovazione, ricerca e creatività;Innovazione, ricerca e creatività;istruzione_capitale_umano;contextual;Valori percentuali;2004;2023;20;1.0;20;1.0;BES nazionale, appendice statistica regionale
11RIC002;Propensione alla brevettazione;Innovazione, ricerca e creatività;Innovazione, ricerca e creatività;istruzione_capitale_umano;contextual;Per milione di abitanti;2004;2022;20;1.0;20;1.0;BES nazionale, appendice statistica regionale
11RIC003-N22;Lavoratori della conoscenza;Innovazione, ricerca e creatività;Innovazione, ricerca e creatività;istruzione_capitale_umano;higher_better;Per 100 occupati;2018;2025;20;1.0;20;1.0;BES nazionale, appendice statistica regionale
11RIC004;Innovazione del sistema produttivo;Innovazione, ricerca e creatività;Innovazione, ricerca e creatività;istruzione_capitale_umano;contextual;Valori percentuali;2022;2022;20;1.0;20;1.0;BES nazionale, appendice statistica regionale
11RIC006-N22;Occupazione culturale e creativa;Innovazione, ricerca e creatività;Innovazione, ricerca e creatività;istruzione_capitale_umano;higher_better;Per 100 occupati;2018;2025;20;1.0;20;1.0;BES nazionale, appendice statistica regionale
11RIC020;Utenti regolari di internet;Innovazione, ricerca e creatività;Innovazione, ricerca e creatività;istruzione_capitale_umano;contextual;Valori percentuali;2005;2024;20;1.0;20;1.0;BES nazionale, appendice statistica regionale
11RIC021;Disponibilità in famiglia di almeno un computer e della connessione a Internet;Innovazione, ricerca e creatività;Innovazione, ricerca e creatività;istruzione_capitale_umano;contextual;Valori percentuali;2005;2024;20;1.0;20;1.0;BES nazionale, appendice statistica regionale
11RIC022;Comuni con servizi per le famiglie interamente online;Innovazione, ricerca e creatività;Innovazione, ricerca e creatività;istruzione_capitale_umano;higher_better;Valori percentuali;2012;2022;20;1.0;20;1.0;BES nazionale, appendice statistica regionale
11RIC023;Imprese con almeno 10 addetti con vendite via web a clienti finali;Innovazione, ricerca e creatività;Innovazione, ricerca e creatività;istruzione_capitale_umano;higher_better;Valori percentuali;2013;2025;20;1.0;20;1.0;BES nazionale, appendice statistica regionale
11RIC025;Mobilità dei laureati italiani (25-39 anni);Innovazione, ricerca e creatività;Innovazione, ricerca e creatività;istruzione_capitale_umano;contextual;Per 1.000 laureati residenti;2019;2023;20;1.0;20;1.0;BES nazionale, appendice statistica regionale
02IST001;Partecipazione al sistema scolastico dei bambini di 4-5 anni;Istruzione e formazione;Istruzione e formazione;istruzione_capitale_umano;contextual;Valori percentuali;2013;2024;20;1.0;20;1.0;BES nazionale, appendice statistica regionale
02IST002-N22;Persone con almeno il diploma (25-64 anni);Istruzione e formazione;Istruzione e formazione;istruzione_capitale_umano;higher_better;Valori percentuali;2018;2025;20;1.0;20;1.0;BES nazionale, appendice statistica regionale
02IST004;Passaggio all'università;Istruzione e formazione;Istruzione e formazione;istruzione_capitale_umano;contextual;Tasso specifico di coorte;2013;2023;20;1.0;20;1.0;BES nazionale, appendice statistica regionale
02IST005-N22;Uscita precoce dal sistema di istruzione e formazione;Istruzione e formazione;Istruzione e formazione;istruzione_capitale_umano;lower_better;Valori percentuali;2018;2025;20;1.0;20;1.0;BES nazionale, appendice statistica regionale
02IST006-N22;Giovani che non lavorano e non studiano (NEET);Istruzione e formazione;Istruzione e formazione;istruzione_capitale_umano;lower_better;Valori percentuali;2018;2025;20;1.0;20;1.0;BES nazionale, appendice statistica regionale
02IST007-N22;Partecipazione alla formazione continua;Istruzione e formazione;Istruzione e formazione;istruzione_capitale_umano;higher_better;Valori percentuali;2018;2025;20;1.0;20;1.0;BES nazionale, appendice statistica regionale
02IST020;Bambini di 0-2 anni iscritti al nido;Istruzione e formazione;Istruzione e formazione;istruzione_capitale_umano;contextual;Valori percentuali;2006;2024;20;1.0;20;1.0;BES nazionale, appendice statistica regionale
02IST021;Persone che conseguono un titolo terziario STEM nell'anno;Istruzione e formazione;Istruzione e formazione;istruzione_capitale_umano;contextual;Per 1.000 residenti di 20-29 anni;2012;2022;20;1.0;20;1.0;BES nazionale, appendice statistica regionale
02IST022;Partecipazione culturale fuori casa;Istruzione e formazione;Istruzione e formazione;istruzione_capitale_umano;higher_better;Valori percentuali;2005;2025;20;1.0;20;1.0;BES nazionale, appendice statistica regionale
02IST023;Lettura di libri e quotidiani;Istruzione e formazione;Istruzione e formazione;istruzione_capitale_umano;higher_better;Valori percentuali;2005;2025;20;1.0;20;1.0;BES nazionale, appendice statistica regionale
02IST024;Fruizione delle biblioteche;Istruzione e formazione;Istruzione e formazione;istruzione_capitale_umano;higher_better;Valori percentuali;2019;2025;20;1.0;20;1.0;BES nazionale, appendice statistica regionale
02IST025;Competenze digitali almeno di base;Istruzione e formazione;Istruzione e formazione;istruzione_capitale_umano;contextual;Valori percentuali;2021;2023;20;1.0;20;1.0;BES nazionale, appendice statistica regionale
02IST026-N22;Laureati e altri titoli terziari (25-34 anni);Istruzione e formazione;Istruzione e formazione;istruzione_capitale_umano;higher_better;Valori percentuali;2018;2025;20;1.0;20;1.0;BES nazionale, appendice statistica regionale
SDG-310;Competenza numerica non adeguata (studenti classi III scuola secondaria primo grado);Istruzione e formazione;Istruzione e formazione;istruzione_capitale_umano;lower_better;Valori percentuali;2018;2025;19;0.95;19;0.95;BES nazionale, appendice statistica regionale
SDG-311;Competenza alfabetica non adeguata (studenti classi III scuola secondaria primo grado);Istruzione e formazione;Istruzione e formazione;istruzione_capitale_umano;lower_better;Valori percentuali;2018;2025;19;0.95;19;0.95;BES nazionale, appendice statistica regionale
03LAV001-N22;Tasso di occupazione (20-64 anni);Lavoro e conciliazione dei tempi di vita;Lavoro e conciliazione dei tempi di vita;lavoro_opportunita;higher_better;Valori percentuali;2018;2025;20;1.0;20;1.0;BES nazionale, appendice statistica regionale
03LAV002-N22;Tasso di mancata partecipazione al lavoro;Lavoro e conciliazione dei tempi di vita;Lavoro e conciliazione dei tempi di vita;lavoro_opportunita;lower_better;Valori percentuali;2018;2025;20;1.0;20;1.0;BES nazionale, appendice statistica regionale
03LAV003;Trasformazioni da lavori instabili a lavori stabili;Lavoro e conciliazione dei tempi di vita;Lavoro e conciliazione dei tempi di vita;lavoro_opportunita;higher_better;Valori percentuali;2022;2025;20;1.0;20;1.0;BES nazionale, appendice statistica regionale
03LAV004-N22;Occupati in lavori a termine da almeno 5 anni;Lavoro e conciliazione dei tempi di vita;Lavoro e conciliazione dei tempi di vita;lavoro_opportunita;lower_better;Valori percentuali;2018;2025;20;1.0;20;1.0;BES nazionale, appendice statistica regionale
03LAV005;Dipendenti con bassa paga;Lavoro e conciliazione dei tempi di vita;Lavoro e conciliazione dei tempi di vita;lavoro_opportunita;contextual;Valori percentuali;2008;2020;20;1.0;20;1.0;BES nazionale, appendice statistica regionale
03LAV006-N25;Occupati sovraistruiti tra i laureati (25-64 anni);Lavoro e conciliazione dei tempi di vita;Lavoro e conciliazione dei tempi di vita;lavoro_opportunita;lower_better;Valori percentuali;2018;2025;20;1.0;20;1.0;BES nazionale, appendice statistica regionale
03LAV007;Tasso di infortuni sul lavoro mortali e con inabilità permanente;Lavoro e conciliazione dei tempi di vita;Lavoro e conciliazione dei tempi di vita;lavoro_opportunita;contextual;Per 10.000 occupati;2018;2022;20;1.0;20;1.0;BES nazionale, appendice statistica regionale
03LAV008;Occupati non regolari;Lavoro e conciliazione dei tempi di vita;Lavoro e conciliazione dei tempi di vita;lavoro_opportunita;contextual;Valori percentuali;2021;2022;20;1.0;20;1.0;BES nazionale, appendice statistica regionale
03LAV009-N22;Rapporto tra i tassi di occupazione (25-49 anni) delle donne con figli in età prescolare e delle donne senza figli;Lavoro e conciliazione dei tempi di vita;Lavoro e conciliazione dei tempi di vita;lavoro_opportunita;higher_better;Valori percentuali;2018;2025;20;1.0;20;1.0;BES nazionale, appendice statistica regionale
03LAV010;Occupati (15-64 anni) che svolgono più di 60 ore settimanali di lavoro retribuito e/o familiare;Lavoro e conciliazione dei tempi di vita;Lavoro e conciliazione dei tempi di vita;lavoro_opportunita;contextual;Valori percentuali;2009;2014;20;1.0;20;1.0;BES nazionale, appendice statistica regionale
03LAV013-N22;Percezione di insicurezza dell'occupazione;Lavoro e conciliazione dei tempi di vita;Lavoro e conciliazione dei tempi di vita;lavoro_opportunita;lower_better;Valori percentuali;2018;2025;20;1.0;20;1.0;BES nazionale, appendice statistica regionale
03LAV014-N22;Part time involontario;Lavoro e conciliazione dei tempi di vita;Lavoro e conciliazione dei tempi di vita;lavoro_opportunita;lower_better;Valori percentuali;2018;2025;20;1.0;20;1.0;BES nazionale, appendice statistica regionale
03LAV021-N22;Occupati che lavorano da casa;Lavoro e conciliazione dei tempi di vita;Lavoro e conciliazione dei tempi di vita;lavoro_opportunita;contextual;Valori percentuali;2018;2025;20;1.0;20;1.0;BES nazionale, appendice statistica regionale
03LAV022-N22;Soddisfazione per il lavoro svolto;Lavoro e conciliazione dei tempi di vita;Lavoro e conciliazione dei tempi di vita;lavoro_opportunita;higher_better;Per 100 occupati;2018;2025;20;1.0;20;1.0;BES nazionale, appendice statistica regionale
09PAE001;Spesa corrente dei Comuni per la cultura;Paesaggio e patrimonio culturale;Paesaggio e patrimonio culturale;cultura_digitale;contextual;Euro pro capite;2010;2023;20;1.0;20;1.0;BES nazionale, appendice statistica regionale
09PAE002;Densità e rilevanza del patrimonio museale;Paesaggio e patrimonio culturale;Paesaggio e patrimonio culturale;cultura_digitale;higher_better;Per 100 km2;2015;2022;20;1.0;20;1.0;BES nazionale, appendice statistica regionale
09PAE003;Abusivismo edilizio;Paesaggio e patrimonio culturale;Paesaggio e patrimonio culturale;cultura_digitale;contextual;Per 100 costruzioni autorizzate;2004;2022;20;1.0;20;1.0;BES nazionale, appendice statistica regionale
09PAE004;Erosione dello spazio rurale da dispersione urbana (urban sprawl);Paesaggio e patrimonio culturale;Paesaggio e patrimonio culturale;cultura_digitale;contextual;Valori percentuali;2011;2021;17;0.85;17;0.85;BES nazionale, appendice statistica regionale
09PAE005;Erosione dello spazio rurale da abbandono;Paesaggio e patrimonio culturale;Paesaggio e patrimonio culturale;cultura_digitale;contextual;Valori percentuali;2011;2021;20;1.0;20;1.0;BES nazionale, appendice statistica regionale
09PAE006;Pressione delle attività estrattive;Paesaggio e patrimonio culturale;Paesaggio e patrimonio culturale;cultura_digitale;contextual;M3 per km2;2013;2023;20;1.0;20;1.0;BES nazionale, appendice statistica regionale
09PAE007;Impatto degli incendi boschivi;Paesaggio e patrimonio culturale;Paesaggio e patrimonio culturale;cultura_digitale;contextual;Per 1.000 km2;2005;2024;20;1.0;16;0.8;BES nazionale, appendice statistica regionale
09PAE008;Diffusione delle aziende agrituristiche;Paesaggio e patrimonio culturale;Paesaggio e patrimonio culturale;cultura_digitale;higher_better;Per 100 km2;2004;2024;20;1.0;20;1.0;BES nazionale, appendice statistica regionale
09PAE009-N25;Densità di verde storico;Paesaggio e patrimonio culturale;Paesaggio e patrimonio culturale;cultura_digitale;higher_better;Per 100 m2;2021;2023;20;1.0;20;1.0;BES nazionale, appendice statistica regionale
09PAE010;Insoddisfazione per il paesaggio del luogo di vita;Paesaggio e patrimonio culturale;Paesaggio e patrimonio culturale;cultura_digitale;lower_better;Valori percentuali;2012;2025;20;1.0;20;1.0;BES nazionale, appendice statistica regionale
09PAE011;Preoccupazione per il deterioramento del paesaggio;Paesaggio e patrimonio culturale;Paesaggio e patrimonio culturale;cultura_digitale;contextual;Valori percentuali;2013;2024;20;1.0;20;1.0;BES nazionale, appendice statistica regionale
06POL001;Partecipazione elettorale;Politica e istituzioni;Politica e istituzioni;sicurezza_istituzioni;contextual;Valori percentuali;2004;2024;20;1.0;20;1.0;BES nazionale, appendice statistica regionale
06POL002;Fiducia nel Parlamento italiano;Politica e istituzioni;Politica e istituzioni;sicurezza_istituzioni;higher_better;Valore medio;2011;2025;20;1.0;20;1.0;BES nazionale, appendice statistica regionale
06POL003;Fiducia nel sistema giudiziario;Politica e istituzioni;Politica e istituzioni;sicurezza_istituzioni;higher_better;Valore medio;2011;2025;20;1.0;20;1.0;BES nazionale, appendice statistica regionale
06POL004;Fiducia nei partiti;Politica e istituzioni;Politica e istituzioni;sicurezza_istituzioni;higher_better;Valore medio;2011;2025;20;1.0;20;1.0;BES nazionale, appendice statistica regionale
06POL005;Fiducia nelle Forze dell'ordine e nei Vigili del fuoco;Politica e istituzioni;Politica e istituzioni;sicurezza_istituzioni;higher_better;Valore medio;2012;2025;20;1.0;20;1.0;BES nazionale, appendice statistica regionale
06POL006;Donne e rappresentanza politica in Parlamento;Politica e istituzioni;Politica e istituzioni;sicurezza_istituzioni;contextual;Valori percentuali;2008;2022;20;1.0;20;1.0;BES nazionale, appendice statistica regionale
06POL007;Donne e rappresentanza politica a livello locale;Politica e istituzioni;Politica e istituzioni;sicurezza_istituzioni;higher_better;Valori percentuali;2012;2025;20;1.0;19;0.95;BES nazionale, appendice statistica regionale
06POL010;Età media dei parlamentari italiani;Politica e istituzioni;Politica e istituzioni;sicurezza_istituzioni;contextual;Età media;2014;2022;20;1.0;20;1.0;BES nazionale, appendice statistica regionale
06POL011;Durata dei procedimenti civili;Politica e istituzioni;Politica e istituzioni;sicurezza_istituzioni;lower_better;Numero di giorni;2012;2025;20;1.0;20;1.0;BES nazionale, appendice statistica regionale
06POL012;Affollamento degli istituti di pena;Politica e istituzioni;Politica e istituzioni;sicurezza_istituzioni;contextual;Valori percentuali;2004;2024;20;1.0;20;1.0;BES nazionale, appendice statistica regionale
12SER003;Anziani trattati in assistenza domiciliare integrata;Qualità dei servizi;Qualità dei servizi;ambiente_mobilita_servizi;contextual;Valori percentuali;2015;2024;20;1.0;20;1.0;BES nazionale, appendice statistica regionale
12SER004;Difficoltà di accesso ad alcuni servizi;Qualità dei servizi;Qualità dei servizi;ambiente_mobilita_servizi;contextual;Valori percentuali;2006;2024;20;1.0;20;1.0;BES nazionale, appendice statistica regionale
12SER006;Irregolarità nella distribuzione dell'acqua;Qualità dei servizi;Qualità dei servizi;ambiente_mobilita_servizi;lower_better;Valori percentuali;2006;2025;20;1.0;20;1.0;BES nazionale, appendice statistica regionale
12SER007;Irregolarità del servizio elettrico;Qualità dei servizi;Qualità dei servizi;ambiente_mobilita_servizi;contextual;Numero medio per utente;2004;2024;20;1.0;20;1.0;BES nazionale, appendice statistica regionale
12SER008;Posti-km offerti dal Tpl;Qualità dei servizi;Qualità dei servizi;ambiente_mobilita_servizi;higher_better;Valori per abitante;2004;2023;20;1.0;20;1.0;BES nazionale, appendice statistica regionale
12SER010;Soddisfazione per i servizi di trasporto pubblico;Qualità dei servizi;Qualità dei servizi;ambiente_mobilita_servizi;contextual;Valori percentuali;2005;2024;20;1.0;20;1.0;BES nazionale, appendice statistica regionale
12SER020;Copertura della rete fissa di accesso ultra veloce a internet;Qualità dei servizi;Qualità dei servizi;ambiente_mobilita_servizi;higher_better;Valori percentuali;2018;2025;20;1.0;20;1.0;BES nazionale, appendice statistica regionale
12SER021;Utenti assidui dei mezzi pubblici;Qualità dei servizi;Qualità dei servizi;ambiente_mobilita_servizi;contextual;Valori percentuali;2005;2024;20;1.0;20;1.0;BES nazionale, appendice statistica regionale
12SER022;Posti letto per specialità a elevata assistenza;Qualità dei servizi;Qualità dei servizi;ambiente_mobilita_servizi;contextual;Per 10.000 abitanti;2004;2023;20;1.0;20;1.0;BES nazionale, appendice statistica regionale
12SER024;Servizio di raccolta differenziata dei rifiuti urbani;Qualità dei servizi;Qualità dei servizi;ambiente_mobilita_servizi;higher_better;Valori percentuali;2010;2024;20;1.0;20;1.0;BES nazionale, appendice statistica regionale
12SER025;Emigrazione ospedaliera in altra regione;Qualità dei servizi;Qualità dei servizi;ambiente_mobilita_servizi;lower_better;Valori percentuali;2004;2024;20;1.0;20;1.0;BES nazionale, appendice statistica regionale
12SER026;Rinuncia a prestazioni sanitarie;Qualità dei servizi;Qualità dei servizi;ambiente_mobilita_servizi;contextual;Valori percentuali;2017;2024;20;1.0;20;1.0;BES nazionale, appendice statistica regionale
12SER027;Medici di medicina generale con un numero di assistiti oltre soglia;Qualità dei servizi;Qualità dei servizi;ambiente_mobilita_servizi;contextual;Valori percentuali;2004;2023;20;1.0;20;1.0;BES nazionale, appendice statistica regionale
SDG-3;Medici;Qualità dei servizi;Qualità dei servizi;ambiente_mobilita_servizi;contextual;Per 1.000 abitanti;2021;2023;20;1.0;20;1.0;BES nazionale, appendice statistica regionale
SDG-4;Infermieri e ostetriche;Qualità dei servizi;Qualità dei servizi;ambiente_mobilita_servizi;contextual;Per 1.000 abitanti;2021;2023;20;1.0;20;1.0;BES nazionale, appendice statistica regionale
SDG-405;Posti letto nei presidi residenziali socio-assistenziali e socio-sanitari;Qualità dei servizi;Qualità dei servizi;ambiente_mobilita_servizi;contextual;Per 10.000 abitanti;2009;2023;20;1.0;20;1.0;BES nazionale, appendice statistica regionale
05REL001;Soddisfazione per le relazioni familiari;Relazioni sociali;Relazioni sociali;sicurezza_istituzioni;higher_better;Valori percentuali;2005;2025;20;1.0;20;1.0;BES nazionale, appendice statistica regionale
05REL002;Soddisfazione per le relazioni amicali;Relazioni sociali;Relazioni sociali;sicurezza_istituzioni;higher_better;Valori percentuali;2005;2025;20;1.0;20;1.0;BES nazionale, appendice statistica regionale
05REL003;Persone su cui contare;Relazioni sociali;Relazioni sociali;sicurezza_istituzioni;higher_better;Valori percentuali;2009;2025;20;1.0;20;1.0;BES nazionale, appendice statistica regionale
05REL005;Partecipazione civica e politica;Relazioni sociali;Relazioni sociali;sicurezza_istituzioni;contextual;Valori percentuali;2011;2024;20;1.0;20;1.0;BES nazionale, appendice statistica regionale
05REL006;Attività di volontariato;Relazioni sociali;Relazioni sociali;sicurezza_istituzioni;higher_better;Valori percentuali;2005;2025;20;1.0;20;1.0;BES nazionale, appendice statistica regionale
05REL007;Finanziamento delle associazioni;Relazioni sociali;Relazioni sociali;sicurezza_istituzioni;higher_better;Valori percentuali;2005;2025;20;1.0;20;1.0;BES nazionale, appendice statistica regionale
05REL008;Organizzazioni non profit;Relazioni sociali;Relazioni sociali;sicurezza_istituzioni;higher_better;Per 10.000 abitanti;2011;2023;20;1.0;20;1.0;BES nazionale, appendice statistica regionale
05REL009;Fiducia generalizzata;Relazioni sociali;Relazioni sociali;sicurezza_istituzioni;higher_better;Valori percentuali;2010;2025;20;1.0;20;1.0;BES nazionale, appendice statistica regionale
05REL010;Partecipazione sociale;Relazioni sociali;Relazioni sociali;sicurezza_istituzioni;higher_better;Valori percentuali;2013;2025;20;1.0;20;1.0;BES nazionale, appendice statistica regionale
01SAL001;Speranza di vita alla nascita;Salute;Salute;salute_cura;higher_better;Numero medio di anni;2004;2025;20;1.0;20;1.0;BES nazionale, appendice statistica regionale
01SAL002;Speranza di vita in buona salute alla nascita;Salute;Salute;salute_cura;higher_better;Numero medio di anni;2009;2025;20;1.0;20;1.0;BES nazionale, appendice statistica regionale
01SAL003;Indice di salute mentale (MH);Salute;Salute;salute_cura;higher_better;Punteggi medi standardizzati;2016;2025;20;1.0;20;1.0;BES nazionale, appendice statistica regionale
01SAL004;Mortalità infantile;Salute;Salute;salute_cura;contextual;Per 1.000 nati vivi;2004;2022;20;1.0;20;1.0;BES nazionale, appendice statistica regionale
01SAL005;Mortalità per incidenti stradali (15-34 anni);Salute;Salute;salute_cura;contextual;Tassi standardizzati per 10.000 residenti;2004;2024;20;1.0;20;1.0;BES nazionale, appendice statistica regionale
01SAL006;Mortalità per tumore (20-64 anni);Salute;Salute;salute_cura;contextual;Tassi standardizzati per 10.000 residenti;2004;2022;20;1.0;20;1.0;BES nazionale, appendice statistica regionale
01SAL007;Mortalità per demenze e malattie del sistema nervoso (65 anni e più);Salute;Salute;salute_cura;contextual;Tassi standardizzati per 10.000 residenti;2004;2022;20;1.0;20;1.0;BES nazionale, appendice statistica regionale
01SAL008;Speranza di vita senza limitazioni nelle attività a 65 anni;Salute;Salute;salute_cura;higher_better;Numero medio di anni;2008;2025;20;1.0;20;1.0;BES nazionale, appendice statistica regionale
01SAL009;Eccesso di peso (tassi standardizzati);Salute;Salute;salute_cura;lower_better;Tassi standardizzati per 100 persone;2005;2025;20;1.0;20;1.0;BES nazionale, appendice statistica regionale
01SAL010;Fumo (tassi standardizzati);Salute;Salute;salute_cura;lower_better;Tassi standardizzati per 100 persone;2005;2025;20;1.0;20;1.0;BES nazionale, appendice statistica regionale
01SAL011;Alcol (tassi standardizzati);Salute;Salute;salute_cura;lower_better;Tassi standardizzati per 100 persone;2007;2025;20;1.0;20;1.0;BES nazionale, appendice statistica regionale
01SAL012;Sedentarietà (tassi standardizzati);Salute;Salute;salute_cura;lower_better;Tassi standardizzati per 100 persone;2005;2025;20;1.0;20;1.0;BES nazionale, appendice statistica regionale
01SAL013;Adeguata alimentazione (tassi standardizzati);Salute;Salute;salute_cura;higher_better;Tassi standardizzati per 100 persone;2005;2025;20;1.0;20;1.0;BES nazionale, appendice statistica regionale
01SAL020;Mortalità evitabile (0-74 anni);Salute;Salute;salute_cura;contextual;Tassi standardizzati per 10.000 residenti;2004;2022;20;1.0;20;1.0;BES nazionale, appendice statistica regionale
01SAL021;Multicronicità e limitazioni gravi (75 anni e più);Salute;Salute;salute_cura;lower_better;Valori percentuali;2008;2025;20;1.0;20;1.0;BES nazionale, appendice statistica regionale
07SIC001;Omicidi volontari;Sicurezza;Sicurezza;sicurezza_istituzioni;contextual;Per 100.000 abitanti;2004;2023;20;1.0;20;1.0;BES nazionale, appendice statistica regionale
07SIC002;Furti in abitazione;Sicurezza;Sicurezza;sicurezza_istituzioni;lower_better;Per 1.000 famiglie;2004;2025;20;1.0;20;1.0;BES nazionale, appendice statistica regionale
07SIC003;Borseggi;Sicurezza;Sicurezza;sicurezza_istituzioni;lower_better;Per 1.000 abitanti;2004;2025;20;1.0;20;1.0;BES nazionale, appendice statistica regionale
07SIC004;Rapine;Sicurezza;Sicurezza;sicurezza_istituzioni;lower_better;Per 1.000 abitanti;2004;2025;20;1.0;20;1.0;BES nazionale, appendice statistica regionale
07SIC005;Violenza fisica sulle donne;Sicurezza;Sicurezza;sicurezza_istituzioni;contextual;Valori percentuali;2006;2014;20;1.0;20;1.0;BES nazionale, appendice statistica regionale
07SIC006;Violenza sessuale sulle donne;Sicurezza;Sicurezza;sicurezza_istituzioni;contextual;Valori percentuali;2006;2014;20;1.0;20;1.0;BES nazionale, appendice statistica regionale
07SIC007;Violenza nella coppia;Sicurezza;Sicurezza;sicurezza_istituzioni;contextual;Valori percentuali;2006;2014;20;1.0;20;1.0;BES nazionale, appendice statistica regionale
07SIC008;Preoccupazione di subire una violenza sessuale;Sicurezza;Sicurezza;sicurezza_istituzioni;contextual;Valori percentuali;2009;2023;20;1.0;20;1.0;BES nazionale, appendice statistica regionale
07SIC010;Paura di stare per subire un reato;Sicurezza;Sicurezza;sicurezza_istituzioni;contextual;Valori percentuali;2009;2023;20;1.0;20;1.0;BES nazionale, appendice statistica regionale
07SIC020;Percezione di sicurezza camminando da soli quando è buio;Sicurezza;Sicurezza;sicurezza_istituzioni;higher_better;Valori percentuali;2010;2025;20;1.0;20;1.0;BES nazionale, appendice statistica regionale
07SIC021;Presenza di elementi di degrado nella zona in cui si vive;Sicurezza;Sicurezza;sicurezza_istituzioni;lower_better;Valori percentuali;2009;2025;20;1.0;20;1.0;BES nazionale, appendice statistica regionale
07SIC022;Percezione del rischio di criminalità;Sicurezza;Sicurezza;sicurezza_istituzioni;lower_better;Valori percentuali;2005;2025;20;1.0;20;1.0;BES nazionale, appendice statistica regionale
