target_indicator_id;target_indicator_name;source;source_indicator_id;definition_match;current_year;new_year;territory_level;unit_match;coverage;direction;score_eligible;status;review_notes
1;Produttività del lavoro in agricoltura;;;different;2023;;regione;false;1.0;higher_better;false;unavailable;Nessuna fonte prioritaria 2025 mappata automaticamente sul nome indicatore.
10;Popolazione regionale servita da impianti di depurazione completa delle acque reflue;;;different;2008;;regione;false;1.0;higher_better;false;unavailable;Nessuna fonte prioritaria 2025 mappata automaticamente sul nome indicatore.
100;Grado di dipendenza economica;;;different;2021;;regione;false;1.0;contextual;false;unavailable;Nessuna fonte prioritaria 2025 mappata automaticamente sul nome indicatore.
101;Tasso di scolarizzazione superiore;;;different;2024;;regione;false;1.0;higher_better;false;unavailable;Nessuna fonte prioritaria 2025 mappata automaticamente sul nome indicatore.
102;Giovani che abbandonano prematuramente i percorsi di istruzione e formazione professionale (totale);;;different;2024;;regione;false;1.0;lower_better;false;unavailable;Nessuna fonte prioritaria 2025 mappata automaticamente sul nome indicatore.
103;Inquinamento causato dai mezzi di trasporto;;;different;2019;;regione;false;0.8667;contextual;false;unavailable;Nessuna fonte prioritaria 2025 mappata automaticamente sul nome indicatore.
104;Livello di istruzione della popolazione adulta;;;different;2024;;regione;false;1.0;lower_better;false;unavailable;Nessuna fonte prioritaria 2025 mappata automaticamente sul nome indicatore.
105;Tasso di turisticità;;;different;2024;;regione;false;1.0;contextual;false;unavailable;Nessuna fonte prioritaria 2025 mappata automaticamente sul nome indicatore.
106;Studenti con scarse competenze in lettura;;;different;2012;;regione;false;0.53;lower_better;false;unavailable;Nessuna fonte prioritaria 2025 mappata automaticamente sul nome indicatore.
107;Produttività del lavoro nell'industria alimentare;;;different;2023;;regione;false;1.0;higher_better;false;unavailable;Nessuna fonte prioritaria 2025 mappata automaticamente sul nome indicatore.
108;Partecipazione della popolazione al mercato del lavoro;;;different;2025;;regione;false;1.0;higher_better;false;unavailable;Nessuna fonte prioritaria 2025 mappata automaticamente sul nome indicatore.
109;Produttività del settore della pesca;;;different;2023;;regione;false;0.9598;contextual;false;unavailable;Nessuna fonte prioritaria 2025 mappata automaticamente sul nome indicatore.
11;Quota di popolazione equivalente servita da depurazione;;;different;2015;;regione;false;1.0;higher_better;false;unavailable;Nessuna fonte prioritaria 2025 mappata automaticamente sul nome indicatore.
110;Studenti con scarse competenze in matematica;;;different;2012;;regione;false;0.6625;lower_better;false;unavailable;Nessuna fonte prioritaria 2025 mappata automaticamente sul nome indicatore.
111;Studenti con elevate competenze in lettura;;;different;2012;;regione;false;0.53;higher_better;false;unavailable;Nessuna fonte prioritaria 2025 mappata automaticamente sul nome indicatore.
112;Studenti con elevate competenze in matematica;;;different;2012;;regione;false;0.6625;higher_better;false;unavailable;Nessuna fonte prioritaria 2025 mappata automaticamente sul nome indicatore.
113;Tasso di irregolarità del lavoro;;;different;2012;;regione;false;1.0;lower_better;false;unavailable;Nessuna fonte prioritaria 2025 mappata automaticamente sul nome indicatore.
114;Incidenza della spesa totale per R&S sul PIL;;;different;2022;;regione;false;0.9911;higher_better;false;unavailable;Nessuna fonte prioritaria 2025 mappata automaticamente sul nome indicatore.
115;Capacità di sviluppo dei servizi alle imprese;movimprese;115;proxy;2022;;regione;true;1.0;higher_better;false;needs_review;Fonte candidata. Servono verifica di definizione, unita, popolazione, sesso totale e copertura prima di integrare.
116;Capacità di sviluppo dei servizi sociali;;;different;2018;;regione;false;0.9583;contextual;false;unavailable;Nessuna fonte prioritaria 2025 mappata automaticamente sul nome indicatore.
118;Indice del traffico merci su strada;;;different;2023;;regione;false;1.0;contextual;false;unavailable;Nessuna fonte prioritaria 2025 mappata automaticamente sul nome indicatore.
119;Indice del traffico delle merci in navigazione di cabotaggio;;;different;2023;;regione;false;0.7;contextual;false;unavailable;Nessuna fonte prioritaria 2025 mappata automaticamente sul nome indicatore.
12;Tasso di disoccupazione;istat_lavoro;12;exact;2025;2025;regione;true;1.0;lower_better;true;integrated;Dato normalizzato nel layer esterno. Lo schema legacy non viene modificato.
120;Peso delle società cooperative;;;different;2019;;regione;false;1.0;contextual;false;unavailable;Nessuna fonte prioritaria 2025 mappata automaticamente sul nome indicatore.
122;Importanza economica del settore della pesca;;;different;2023;;regione;false;1.0;contextual;false;unavailable;Nessuna fonte prioritaria 2025 mappata automaticamente sul nome indicatore.
123;Produttività del lavoro nell'industria in senso stretto;;;different;2023;;regione;false;1.0;higher_better;false;unavailable;Nessuna fonte prioritaria 2025 mappata automaticamente sul nome indicatore.
124;Produttività del lavoro nell'industria manifatturiera;;;different;2023;;regione;false;1.0;higher_better;false;unavailable;Nessuna fonte prioritaria 2025 mappata automaticamente sul nome indicatore.
125;Diffusione della pratica sportiva;;;different;2025;;regione;false;0.9355;contextual;false;unavailable;Nessuna fonte prioritaria 2025 mappata automaticamente sul nome indicatore.
126;Difficoltà delle famiglie nel raggiungere negozi alimentari e/o mercati;;;different;2024;;regione;false;0.9667;lower_better;false;unavailable;Nessuna fonte prioritaria 2025 mappata automaticamente sul nome indicatore.
127;Difficoltà delle famiglie nel raggiungere i supermercati;;;different;2024;;regione;false;0.9667;lower_better;false;unavailable;Nessuna fonte prioritaria 2025 mappata automaticamente sul nome indicatore.
129;Utilizzo di mezzi pubblici di trasporto da parte di occupati, studenti, scolari e utenti di mezzi pubblici (totale);;;different;2025;;regione;false;0.9677;contextual;false;unavailable;Nessuna fonte prioritaria 2025 mappata automaticamente sul nome indicatore.
13;Tasso di occupazione (totale);istat_lavoro;13;exact;2025;2025;regione;true;1.0;higher_better;true;integrated;Dato normalizzato nel layer esterno. Lo schema legacy non viene modificato.
130;Produttività del lavoro nel commercio;;;different;2023;;regione;false;1.0;higher_better;false;unavailable;Nessuna fonte prioritaria 2025 mappata automaticamente sul nome indicatore.
132;Produttività del lavoro nel turismo;istat_turismo;132;proxy;2016;;regione;true;1.0;contextual;false;needs_review;Fonte candidata. Servono verifica di definizione, unita, popolazione, sesso totale e copertura prima di integrare.
133;Produttività del lavoro nei servizi alle imprese;movimprese;133;proxy;2023;;regione;true;1.0;higher_better;false;needs_review;Fonte candidata. Servono verifica di definizione, unita, popolazione, sesso totale e copertura prima di integrare.
134;Indice di microcriminalità nelle città (1);;;different;2023;;regione;false;0.8571;lower_better;false;unavailable;Nessuna fonte prioritaria 2025 mappata automaticamente sul nome indicatore.
135;Indice di microcriminalità nelle città (2);;;different;2023;;regione;false;0.8621;lower_better;false;unavailable;Nessuna fonte prioritaria 2025 mappata automaticamente sul nome indicatore.
138;Trasporto pubblico locale nelle città;;;different;2013;;regione;false;1.0;contextual;false;unavailable;Nessuna fonte prioritaria 2025 mappata automaticamente sul nome indicatore.
139;Dotazione di parcheggi di corrispondenza;;;different;2015;;regione;false;0.975;contextual;false;unavailable;Nessuna fonte prioritaria 2025 mappata automaticamente sul nome indicatore.
14;Tasso di occupazione over 54 (totale);istat_lavoro;14;exact;2025;2025;regione;true;1.0;higher_better;true;integrated;Dato normalizzato nel layer esterno. Lo schema legacy non viene modificato.
142;Diffusione dei servizi per l'infanzia;;;different;2023;;regione;false;1.0;higher_better;false;unavailable;Nessuna fonte prioritaria 2025 mappata automaticamente sul nome indicatore.
144;Presa in carico degli anziani per il servizio di assistenza domiciliare integrata;;;different;2022;;regione;false;0.9864;higher_better;false;unavailable;Nessuna fonte prioritaria 2025 mappata automaticamente sul nome indicatore.
145;Incidenza del costo dell'ADI sul totale della spesa sanitaria;;;different;2012;;regione;false;1.0;contextual;false;unavailable;Nessuna fonte prioritaria 2025 mappata automaticamente sul nome indicatore.
148;Tasso di innovazione del sistema produttivo;;;different;2020;;regione;false;1.0;higher_better;false;unavailable;Nessuna fonte prioritaria 2025 mappata automaticamente sul nome indicatore.
15;Tasso di disoccupazione giovanile;istat_lavoro;15;exact;2025;2025;regione;true;1.0;lower_better;true;integrated;Dato normalizzato nel layer esterno. Lo schema legacy non viene modificato.
150;Spesa media regionale per innovazione delle imprese;movimprese;150;proxy;2020;;regione;true;0.9857;higher_better;false;needs_review;Fonte candidata. Servono verifica di definizione, unita, popolazione, sesso totale e copertura prima di integrare.
152;Intensità brevettuale;;;different;2012;;regione;false;0.9972;higher_better;false;unavailable;Nessuna fonte prioritaria 2025 mappata automaticamente sul nome indicatore.
157;Tasso netto di turnover delle imprese;movimprese;157;proxy;2023;;regione;true;1.0;higher_better;false;needs_review;Fonte candidata. Servono verifica di definizione, unita, popolazione, sesso totale e copertura prima di integrare.
158;Incidenza della certificazione ambientale;;;different;2025;;regione;false;1.0;higher_better;false;unavailable;Nessuna fonte prioritaria 2025 mappata automaticamente sul nome indicatore.
159;Investimenti diretti della regione all'estero;;;different;2011;;regione;false;1.0;contextual;false;unavailable;Nessuna fonte prioritaria 2025 mappata automaticamente sul nome indicatore.
16;Incidenza della disoccupazione di lunga durata (totale);istat_lavoro;16;exact;2025;2025;regione;true;1.0;lower_better;true;integrated;Dato normalizzato nel layer esterno. Lo schema legacy non viene modificato.
161;Impieghi bancari delle imprese non finanziarie sul PIL;movimprese;161;proxy;2021;;regione;true;1.0;contextual;false;needs_review;Fonte candidata. Servono verifica di definizione, unita, popolazione, sesso totale e copertura prima di integrare.
162;Rischio dei finanziamenti;;;different;2018;;regione;false;1.0;lower_better;false;unavailable;Nessuna fonte prioritaria 2025 mappata automaticamente sul nome indicatore.
163;Valore degli investimenti in capitale di rischio - early stage;;;different;2019;;regione;false;0.9024;higher_better;false;unavailable;Nessuna fonte prioritaria 2025 mappata automaticamente sul nome indicatore.
164;Investimenti in capitale di rischio - expansion e replacement;;;different;2019;;regione;false;0.9143;higher_better;false;unavailable;Nessuna fonte prioritaria 2025 mappata automaticamente sul nome indicatore.
165;Turismo nei mesi non estivi;istat_turismo;165;proxy;2024;;regione;true;1.0;contextual;false;needs_review;Fonte candidata. Servono verifica di definizione, unita, popolazione, sesso totale e copertura prima di integrare.
166;Investimenti diretti netti dall'estero in Italia sul Pil;;;different;2011;;regione;false;1.0;contextual;false;unavailable;Nessuna fonte prioritaria 2025 mappata automaticamente sul nome indicatore.
167;Intensità di accumulazione del capitale;;;different;2023;;regione;false;1.0;higher_better;false;unavailable;Nessuna fonte prioritaria 2025 mappata automaticamente sul nome indicatore.
168;Capacità di esportare in settori a domanda mondiale dinamica;;;different;2022;;regione;false;1.0;higher_better;false;unavailable;Nessuna fonte prioritaria 2025 mappata automaticamente sul nome indicatore.
17;Tasso di disoccupazione di lunga durata;istat_lavoro;17;exact;2025;2025;regione;true;1.0;lower_better;true;integrated;Dato normalizzato nel layer esterno. Lo schema legacy non viene modificato.
170;Indice traffico merci su ferrovia;;;different;2010;;regione;false;0.8125;contextual;false;unavailable;Nessuna fonte prioritaria 2025 mappata automaticamente sul nome indicatore.
172;Grado di soddisfazione del servizio di trasporto ferroviario a livello regionale (Totale);;;different;2025;;regione;false;0.9677;contextual;false;unavailable;Nessuna fonte prioritaria 2025 mappata automaticamente sul nome indicatore.
174;Tasso di disoccupazione giovanile (femmine);istat_lavoro;174;exact;2025;2025;regione;true;1.0;lower_better;true;integrated;Dato normalizzato nel layer esterno. Lo schema legacy non viene modificato.
175;Tasso di disoccupazione (maschi);istat_lavoro;175;exact;2025;2025;regione;true;1.0;lower_better;true;integrated;Dato normalizzato nel layer esterno. Lo schema legacy non viene modificato.
176;Tasso di disoccupazione (femmine);istat_lavoro;176;exact;2025;2025;regione;true;1.0;lower_better;true;integrated;Dato normalizzato nel layer esterno. Lo schema legacy non viene modificato.
177;Tasso di occupazione (maschi);istat_lavoro;177;exact;2025;2025;regione;true;1.0;higher_better;true;integrated;Dato normalizzato nel layer esterno. Lo schema legacy non viene modificato.
178;Tasso di occupazione (femmine);istat_lavoro;178;exact;2025;2025;regione;true;1.0;higher_better;true;integrated;Dato normalizzato nel layer esterno. Lo schema legacy non viene modificato.
179;Incidenza della disoccupazione di lunga durata (maschi);istat_lavoro;179;exact;2025;2025;regione;true;1.0;lower_better;true;integrated;Dato normalizzato nel layer esterno. Lo schema legacy non viene modificato.
18;Indice di domanda culturale dei musei e istituti similari statali;;;different;2024;;regione;false;0.9083;contextual;false;unavailable;Nessuna fonte prioritaria 2025 mappata automaticamente sul nome indicatore.
180;Incidenza della disoccupazione di lunga durata (femmine);istat_lavoro;180;exact;2025;2025;regione;true;1.0;lower_better;true;integrated;Dato normalizzato nel layer esterno. Lo schema legacy non viene modificato.
181;Tasso di occupazione over 54 (maschi);istat_lavoro;181;exact;2025;2025;regione;true;1.0;higher_better;true;integrated;Dato normalizzato nel layer esterno. Lo schema legacy non viene modificato.
182;Tasso di occupazione over 54 (femmine);istat_lavoro;182;exact;2025;2025;regione;true;1.0;higher_better;true;integrated;Dato normalizzato nel layer esterno. Lo schema legacy non viene modificato.
183;Tasso di disoccupazione di lunga durata (maschi);istat_lavoro;183;exact;2025;2025;regione;true;1.0;lower_better;true;integrated;Dato normalizzato nel layer esterno. Lo schema legacy non viene modificato.
184;Tasso di disoccupazione di lunga durata (femmine);istat_lavoro;184;exact;2025;2025;regione;true;1.0;lower_better;true;integrated;Dato normalizzato nel layer esterno. Lo schema legacy non viene modificato.
185;Occupati che partecipano ad attività formative e di istruzione (maschi);;;different;2024;;regione;false;1.0;higher_better;false;unavailable;Nessuna fonte prioritaria 2025 mappata automaticamente sul nome indicatore.
186;Occupati che partecipano ad attività formative e di istruzione (femmine);;;different;2024;;regione;false;1.0;higher_better;false;unavailable;Nessuna fonte prioritaria 2025 mappata automaticamente sul nome indicatore.
187;Non occupati che partecipano ad attività formative e di istruzione (maschi);;;different;2024;;regione;false;1.0;higher_better;false;unavailable;Nessuna fonte prioritaria 2025 mappata automaticamente sul nome indicatore.
188;Non occupati che partecipano ad attività formative e di istruzione (femmine);;;different;2024;;regione;false;1.0;higher_better;false;unavailable;Nessuna fonte prioritaria 2025 mappata automaticamente sul nome indicatore.
189;Livello di istruzione della popolazione 15-19 anni (maschi);;;different;2024;;regione;false;1.0;higher_better;false;unavailable;Nessuna fonte prioritaria 2025 mappata automaticamente sul nome indicatore.
190;Livello di istruzione della popolazione 15-19 anni (femmine);;;different;2024;;regione;false;1.0;higher_better;false;unavailable;Nessuna fonte prioritaria 2025 mappata automaticamente sul nome indicatore.
191;Tasso di partecipazione nell'istruzione secondaria superiore (maschi);;;different;2020;;regione;false;1.0;higher_better;false;unavailable;Nessuna fonte prioritaria 2025 mappata automaticamente sul nome indicatore.
192;Tasso di partecipazione nell'istruzione secondaria superiore (femmine);;;different;2020;;regione;false;1.0;higher_better;false;unavailable;Nessuna fonte prioritaria 2025 mappata automaticamente sul nome indicatore.
194;Laureati in scienza e tecnologia (maschi);;;different;2012;;regione;false;1.0;contextual;false;unavailable;Nessuna fonte prioritaria 2025 mappata automaticamente sul nome indicatore.
196;Laureati in scienza e tecnologia (femmine);;;different;2012;;regione;false;0.98;contextual;false;unavailable;Nessuna fonte prioritaria 2025 mappata automaticamente sul nome indicatore.
197;Adulti che partecipano all'apprendimento permanente (maschi);;;different;2024;;regione;false;1.0;higher_better;false;unavailable;Nessuna fonte prioritaria 2025 mappata automaticamente sul nome indicatore.
198;Adulti che partecipano all'apprendimento permanente (femmine);;;different;2024;;regione;false;1.0;higher_better;false;unavailable;Nessuna fonte prioritaria 2025 mappata automaticamente sul nome indicatore.
199;Giovani che abbandonano prematuramente i percorsi di istruzione e formazione professionale (maschi);;;different;2024;;regione;false;1.0;lower_better;false;unavailable;Nessuna fonte prioritaria 2025 mappata automaticamente sul nome indicatore.
20;Tonnellate di merci in ingresso ed in uscita per ferrovia sul totale delle modalità;;;different;2010;;regione;false;0.8125;contextual;false;unavailable;Nessuna fonte prioritaria 2025 mappata automaticamente sul nome indicatore.
200;Giovani che abbandonano prematuramente i percorsi di istruzione e formazione professionale (femmine);;;different;2024;;regione;false;1.0;lower_better;false;unavailable;Nessuna fonte prioritaria 2025 mappata automaticamente sul nome indicatore.
203;Tasso di attività totale della popolazione (femmine);;;different;2025;;regione;false;1.0;higher_better;false;unavailable;Nessuna fonte prioritaria 2025 mappata automaticamente sul nome indicatore.
205;Diffusione della pratica sportiva (maschi);;;different;2025;;regione;false;0.9355;contextual;false;unavailable;Nessuna fonte prioritaria 2025 mappata automaticamente sul nome indicatore.
206;Diffusione della pratica sportiva (femmine);;;different;2025;;regione;false;0.9355;contextual;false;unavailable;Nessuna fonte prioritaria 2025 mappata automaticamente sul nome indicatore.
207;Utilizzo di mezzi pubblici di trasporto da parte di occupati, studenti, scolari e utenti di mezzi pubblici (maschi);;;different;2025;;regione;false;0.9677;contextual;false;unavailable;Nessuna fonte prioritaria 2025 mappata automaticamente sul nome indicatore.
208;Utilizzo di mezzi pubblici di trasporto da parte di occupati, studenti, scolari e utenti di mezzi pubblici (femmine);;;different;2025;;regione;false;0.9677;contextual;false;unavailable;Nessuna fonte prioritaria 2025 mappata automaticamente sul nome indicatore.
209;Grado di soddisfazione del servizio di trasporto ferroviario a livello regionale (Maschi);;;different;2025;;regione;false;0.9677;contextual;false;unavailable;Nessuna fonte prioritaria 2025 mappata automaticamente sul nome indicatore.
210;Grado di soddisfazione del servizio di trasporto ferroviario a livello regionale (Femmine);;;different;2025;;regione;false;0.9677;contextual;false;unavailable;Nessuna fonte prioritaria 2025 mappata automaticamente sul nome indicatore.
211;Indice di utilizzazione del trasporto ferroviario (1) (maschi);;;different;2024;;regione;false;0.9667;contextual;false;unavailable;Nessuna fonte prioritaria 2025 mappata automaticamente sul nome indicatore.
212;Indice di utilizzazione del trasporto ferroviario (1) (femmine);;;different;2024;;regione;false;0.9667;contextual;false;unavailable;Nessuna fonte prioritaria 2025 mappata automaticamente sul nome indicatore.
213;Tasso di attività totale della popolazione (maschi);;;different;2025;;regione;false;1.0;higher_better;false;unavailable;Nessuna fonte prioritaria 2025 mappata automaticamente sul nome indicatore.
22;Tonnellate di merci in ingresso ed in uscita in navigazione di cabotaggio sul totale delle modalità;;;different;2010;;regione;false;0.5687;contextual;false;unavailable;Nessuna fonte prioritaria 2025 mappata automaticamente sul nome indicatore.
23;Indice di domanda culturale dei musei e istituti similari statali (per Kmq);;;different;2024;;regione;false;0.9083;contextual;false;unavailable;Nessuna fonte prioritaria 2025 mappata automaticamente sul nome indicatore.
230;Tasso di disoccupazione giovanile (maschi);istat_lavoro;230;exact;2025;2025;regione;true;1.0;lower_better;true;integrated;Dato normalizzato nel layer esterno. Lo schema legacy non viene modificato.
231;Grado di insoddisfazione dell'utenza per l'erogazione di gas;;;different;2025;;regione;false;0.9536;lower_better;false;unavailable;Nessuna fonte prioritaria 2025 mappata automaticamente sul nome indicatore.
232;Percentuale di rifiuti urbani smaltiti in discarica;;;different;2024;;regione;false;0.9935;lower_better;false;unavailable;Nessuna fonte prioritaria 2025 mappata automaticamente sul nome indicatore.
239;Superficie forestale;;;different;2005;;regione;false;1.0;contextual;false;unavailable;Nessuna fonte prioritaria 2025 mappata automaticamente sul nome indicatore.
24;Grado di promozione dell'offerta culturale dei musei e degli istituti similari statali;;;different;2024;;regione;false;0.8917;contextual;false;unavailable;Nessuna fonte prioritaria 2025 mappata automaticamente sul nome indicatore.
241;Tasso di iscrizione lordo nel registro delle imprese;movimprese;241;proxy;2023;;regione;true;1.0;contextual;false;needs_review;Fonte candidata. Servono verifica di definizione, unita, popolazione, sesso totale e copertura prima di integrare.
242;Tasso di iscrizione netto nel registro delle imprese;movimprese;242;proxy;2023;;regione;true;1.0;higher_better;false;needs_review;Fonte candidata. Servono verifica di definizione, unita, popolazione, sesso totale e copertura prima di integrare.
244;Indice di attrattività delle università;;;different;2020;;regione;false;0.9886;higher_better;false;unavailable;Nessuna fonte prioritaria 2025 mappata automaticamente sul nome indicatore.
245;Popolazione residente nei comuni rurali;;;different;2013;;regione;false;1.0;contextual;false;unavailable;Nessuna fonte prioritaria 2025 mappata automaticamente sul nome indicatore.
246;Popolazione residente nei comuni rurali (femmine);;;different;2013;;regione;false;1.0;contextual;false;unavailable;Nessuna fonte prioritaria 2025 mappata automaticamente sul nome indicatore.
247;Popolazione residente nei comuni rurali (Maschi);;;different;2013;;regione;false;1.0;contextual;false;unavailable;Nessuna fonte prioritaria 2025 mappata automaticamente sul nome indicatore.
248;Tasso di partecipazione nell'istruzione secondaria superiore;;;different;2020;;regione;false;1.0;higher_better;false;unavailable;Nessuna fonte prioritaria 2025 mappata automaticamente sul nome indicatore.
249;Andamento dell'occupazione del settore della pesca;istat_lavoro;249;exact;2023;;regione;true;0.8661;higher_better;false;needs_review;Richiede revisione manuale prima di uso in scoring.
25;Spesa del pubblico per spettacoli teatrali e musicali;;;different;2023;;regione;false;1.0;higher_better;false;unavailable;Nessuna fonte prioritaria 2025 mappata automaticamente sul nome indicatore.
250;Tasso di crescita dell'agricoltura;movimprese;250;proxy;2024;;regione;true;1.0;higher_better;false;needs_review;Fonte candidata. Servono verifica di definizione, unita, popolazione, sesso totale e copertura prima di integrare.
251;Addetti alla R&S;;;different;2022;;regione;false;0.9667;contextual;false;unavailable;Nessuna fonte prioritaria 2025 mappata automaticamente sul nome indicatore.
252;Verde pubblico nelle città;;;different;2016;;regione;false;1.0;contextual;false;unavailable;Nessuna fonte prioritaria 2025 mappata automaticamente sul nome indicatore.
253;Popolazione equivalente urbana servita da depurazione;;;different;2015;;regione;false;1.0;higher_better;false;unavailable;Nessuna fonte prioritaria 2025 mappata automaticamente sul nome indicatore.
254;Tasso di abbandono alla fine del primo biennio delle scuole secondarie superiori;;;different;2019;;regione;false;0.996;lower_better;false;unavailable;Nessuna fonte prioritaria 2025 mappata automaticamente sul nome indicatore.
255;Superficie boscata e non boscata percorsa dal fuoco;;;different;2022;;regione;false;0.9861;lower_better;false;unavailable;Nessuna fonte prioritaria 2025 mappata automaticamente sul nome indicatore.
257;Indice di domanda culturale dei musei e istituti similari non statali (media per istituto);;;different;2022;;regione;false;0.5294;contextual;false;unavailable;Nessuna fonte prioritaria 2025 mappata automaticamente sul nome indicatore.
258;Indice di domanda culturale dei musei e istituti similari non statali (per Kmq);;;different;2022;;regione;false;0.5294;contextual;false;unavailable;Nessuna fonte prioritaria 2025 mappata automaticamente sul nome indicatore.
259;Grado di promozione dell'offerta culturale dei musei e istituti similari non statali;;;different;2022;;regione;false;0.4706;contextual;false;unavailable;Nessuna fonte prioritaria 2025 mappata automaticamente sul nome indicatore.
26;Tonnellate di merci in ingresso ed in uscita su strada sul totale delle modalità;;;different;2010;;regione;false;0.8125;contextual;false;unavailable;Nessuna fonte prioritaria 2025 mappata automaticamente sul nome indicatore.
261;Siti di Importanza Comunitaria (SIC);;;different;2021;;regione;false;0.8636;contextual;false;unavailable;Nessuna fonte prioritaria 2025 mappata automaticamente sul nome indicatore.
262;Zone a Protezione Speciale (ZPS);;;different;2021;;regione;false;0.8636;contextual;false;unavailable;Nessuna fonte prioritaria 2025 mappata automaticamente sul nome indicatore.
263;Rete Natura 2000;;;different;2021;;regione;false;0.8235;contextual;false;unavailable;Nessuna fonte prioritaria 2025 mappata automaticamente sul nome indicatore.
264;Aree terrestri protette;;;different;2010;;regione;false;0.4;contextual;false;unavailable;Nessuna fonte prioritaria 2025 mappata automaticamente sul nome indicatore.
265;Monitoraggio della qualità dell'aria;;;different;2012;;regione;false;0.9091;contextual;false;unavailable;Nessuna fonte prioritaria 2025 mappata automaticamente sul nome indicatore.
267;Capacità di esportare;;;different;2022;;regione;false;1.0;higher_better;false;unavailable;Nessuna fonte prioritaria 2025 mappata automaticamente sul nome indicatore.
268;Passeggeri trasportati dal TPL nei comuni capoluogo di provincia per abitante;;;different;2023;;regione;false;1.0;higher_better;false;unavailable;Nessuna fonte prioritaria 2025 mappata automaticamente sul nome indicatore.
269;Posti-km offerti dal TPL nei comuni capoluogo di provincia;;;different;2023;;regione;false;1.0;higher_better;false;unavailable;Nessuna fonte prioritaria 2025 mappata automaticamente sul nome indicatore.
27;Domanda di spettacolo teatrale e musicale;;;different;2024;;regione;false;1.0;higher_better;false;unavailable;Nessuna fonte prioritaria 2025 mappata automaticamente sul nome indicatore.
270;Rete ferroviaria;;;different;2018;;regione;false;1.0;contextual;false;unavailable;Nessuna fonte prioritaria 2025 mappata automaticamente sul nome indicatore.
271;Rete ferroviaria elettrificata;;;different;2018;;regione;false;0.8938;contextual;false;unavailable;Nessuna fonte prioritaria 2025 mappata automaticamente sul nome indicatore.
272;Rete ferroviaria a doppio binario;;;different;2018;;regione;false;0.95;contextual;false;unavailable;Nessuna fonte prioritaria 2025 mappata automaticamente sul nome indicatore.
273;Lunghezza della rete stradale;;;different;2014;;regione;false;0.8947;contextual;false;unavailable;Nessuna fonte prioritaria 2025 mappata automaticamente sul nome indicatore.
276;Lunghezza della rete autostradale;;;different;2014;;regione;false;0.95;contextual;false;unavailable;Nessuna fonte prioritaria 2025 mappata automaticamente sul nome indicatore.
277;Popolazione esposta a rischio frane;;;different;2024;;regione;false;1.0;lower_better;false;unavailable;Nessuna fonte prioritaria 2025 mappata automaticamente sul nome indicatore.
278;Popolazione esposta a rischio alluvione;;;different;2020;;regione;false;1.0;lower_better;false;unavailable;Nessuna fonte prioritaria 2025 mappata automaticamente sul nome indicatore.
279;Tasso di furti denunciati;;;different;2023;;regione;false;1.0;lower_better;false;unavailable;Nessuna fonte prioritaria 2025 mappata automaticamente sul nome indicatore.
28;Incidenza della spesa per ricreazione e cultura;;;different;2021;;regione;false;1.0;contextual;false;unavailable;Nessuna fonte prioritaria 2025 mappata automaticamente sul nome indicatore.
280;Tasso di rapine denunciate;;;different;2023;;regione;false;1.0;lower_better;false;unavailable;Nessuna fonte prioritaria 2025 mappata automaticamente sul nome indicatore.
281;Tasso di omicidi;;;different;2023;;regione;false;1.0;lower_better;false;unavailable;Nessuna fonte prioritaria 2025 mappata automaticamente sul nome indicatore.
282;Tasso di criminalità organizzata e di tipo mafioso;;;different;2023;;regione;false;0.985;lower_better;false;unavailable;Nessuna fonte prioritaria 2025 mappata automaticamente sul nome indicatore.
283;Incidenza di associazione mafiosa;;;different;2023;;regione;false;0.675;contextual;false;unavailable;Nessuna fonte prioritaria 2025 mappata automaticamente sul nome indicatore.
284;Tasso di criminalità minorile;;;different;2016;;regione;false;0.7727;lower_better;false;unavailable;Nessuna fonte prioritaria 2025 mappata automaticamente sul nome indicatore.
285;Persone a rischio di povertà o esclusione sociale - Europa 2030 (totale);;;different;2024;;regione;false;1.0;contextual;false;unavailable;Nessuna fonte prioritaria 2025 mappata automaticamente sul nome indicatore.
29;Volume di lavoro impiegato nel settore ricreazione e cultura;;;different;2012;;regione;false;1.0;contextual;false;unavailable;Nessuna fonte prioritaria 2025 mappata automaticamente sul nome indicatore.
30;Indice di domanda culturale (circuiti museali);;;different;2020;;regione;false;0.5318;contextual;false;unavailable;Nessuna fonte prioritaria 2025 mappata automaticamente sul nome indicatore.
31;Produttività dei terreni agricoli;;;different;2024;;regione;false;1.0;higher_better;false;unavailable;Nessuna fonte prioritaria 2025 mappata automaticamente sul nome indicatore.
32;Incidenza dei biglietti venduti nei circuiti museali;;;different;2024;;regione;false;0.5404;contextual;false;unavailable;Nessuna fonte prioritaria 2025 mappata automaticamente sul nome indicatore.
33;Elementi fertilizzanti usati in agricoltura;;;different;2024;;regione;false;1.0;higher_worse;false;unavailable;Nessuna fonte prioritaria 2025 mappata automaticamente sul nome indicatore.
339;Tasso di istruzione terziaria nella fascia d'età 30-34 anni;;;different;2023;;regione;false;1.0;higher_better;false;unavailable;Nessuna fonte prioritaria 2025 mappata automaticamente sul nome indicatore.
34;Principi attivi contenuti nei prodotti fitosanitari;;;different;2024;;regione;false;0.9982;higher_worse;false;unavailable;Nessuna fonte prioritaria 2025 mappata automaticamente sul nome indicatore.
340;Tasso di istruzione terziaria nella fascia d'età 30-34 anni (maschi);;;different;2023;;regione;false;1.0;higher_better;false;unavailable;Nessuna fonte prioritaria 2025 mappata automaticamente sul nome indicatore.
342;Tasso di istruzione terziaria nella fascia d'età 30-34 anni (femmine);;;different;2023;;regione;false;1.0;higher_better;false;unavailable;Nessuna fonte prioritaria 2025 mappata automaticamente sul nome indicatore.
345;Tasso di occupazione 20-64 anni;istat_lavoro;345;exact;2025;2025;regione;true;1.0;higher_better;true;integrated;Dato normalizzato nel layer esterno. Lo schema legacy non viene modificato.
346;Tasso di occupazione 20-64 anni (maschi);istat_lavoro;346;exact;2025;2025;regione;true;1.0;higher_better;true;integrated;Dato normalizzato nel layer esterno. Lo schema legacy non viene modificato.
347;Tasso di occupazione 20-64 anni (femmine);istat_lavoro;347;exact;2025;2025;regione;true;1.0;higher_better;true;integrated;Dato normalizzato nel layer esterno. Lo schema legacy non viene modificato.
35;Grado di apertura commerciale del comparto agro-alimentare;;;different;2022;;regione;false;1.0;contextual;false;unavailable;Nessuna fonte prioritaria 2025 mappata automaticamente sul nome indicatore.
359;Persone a rischio di povertà o esclusione sociale - Europa 2030 (maschi);;;different;2024;;regione;false;0.975;lower_better;false;unavailable;Nessuna fonte prioritaria 2025 mappata automaticamente sul nome indicatore.
360;Persone a rischio di povertà o esclusione sociale - Europa 2030 (femmine);;;different;2024;;regione;false;0.9875;lower_better;false;unavailable;Nessuna fonte prioritaria 2025 mappata automaticamente sul nome indicatore.
361;Minori a rischio di povertà o esclusione sociale - Europa 2030 (totale);;;different;2024;;regione;false;0.9;lower_better;false;unavailable;Nessuna fonte prioritaria 2025 mappata automaticamente sul nome indicatore.
363;Minori a rischio di povertà o esclusione sociale - Europa 2030 (femmine);;;different;2024;;regione;false;0.5;lower_better;false;unavailable;Nessuna fonte prioritaria 2025 mappata automaticamente sul nome indicatore.
364;Minori a rischio di povertà o esclusione sociale - Europa 2030 (maschi);;;different;2024;;regione;false;0.6125;lower_better;false;unavailable;Nessuna fonte prioritaria 2025 mappata automaticamente sul nome indicatore.
365;Persone in condizioni di grave deprivazione materiale e sociale - Europa 2030 (totale);;;different;2024;;regione;false;0.875;lower_better;false;unavailable;Nessuna fonte prioritaria 2025 mappata automaticamente sul nome indicatore.
366;Persone in condizioni di grave deprivazione materiale e sociale - Europa 2030 (maschi);;;different;2024;;regione;false;0.6125;lower_better;false;unavailable;Nessuna fonte prioritaria 2025 mappata automaticamente sul nome indicatore.
367;Persone in condizioni di grave deprivazione materiale e sociale - Europa 2030 (femmine);;;different;2024;;regione;false;0.725;lower_better;false;unavailable;Nessuna fonte prioritaria 2025 mappata automaticamente sul nome indicatore.
368;Minori in condizione di grave deprivazione materiale e sociale - Europa 2030 (totale);;;different;2024;;regione;false;0.2625;lower_better;false;unavailable;Nessuna fonte prioritaria 2025 mappata automaticamente sul nome indicatore.
369;Minori in condizione di grave deprivazione materiale e sociale - Europa 2030 (maschi);;;different;2024;;regione;false;0.1375;lower_better;false;unavailable;Nessuna fonte prioritaria 2025 mappata automaticamente sul nome indicatore.
370;Minori in condizione di grave deprivazione materiale e sociale - Europa 2030 (femmine);;;different;2024;;regione;false;0.1375;lower_better;false;unavailable;Nessuna fonte prioritaria 2025 mappata automaticamente sul nome indicatore.
371;Persone che vivono in situazioni di sovraffollamento abitativo, in abitazioni prive di alcuni servizi e con problemi strutturali;;;different;2024;;regione;false;0.9833;lower_better;false;unavailable;Nessuna fonte prioritaria 2025 mappata automaticamente sul nome indicatore.
372;Indice di domanda culturale dei musei e istituti similari statali e non statali;;;different;2022;;regione;false;0.6667;contextual;false;unavailable;Nessuna fonte prioritaria 2025 mappata automaticamente sul nome indicatore.
373;Consumi di energia elettrica della PA per ULA;terna;373;proxy;2023;;regione;true;1.0;higher_worse;false;needs_review;Fonte candidata. Servono verifica di definizione, unita, popolazione, sesso totale e copertura prima di integrare.
374;Consumi di energia elettrica per illuminazione pubblica per superficie dei centri abitati;terna;374;proxy;2024;;regione;true;1.0;higher_worse;false;needs_review;Fonte candidata. Servono verifica di definizione, unita, popolazione, sesso totale e copertura prima di integrare.
375;Consumi di energia elettrica delle imprese dell'agricoltura;movimprese;375;proxy;2023;;regione;true;1.0;higher_worse;false;needs_review;Fonte candidata. Servono verifica di definizione, unita, popolazione, sesso totale e copertura prima di integrare.
376;Consumi di energia elettrica delle imprese dell'industria;movimprese;376;proxy;2023;;regione;true;1.0;higher_worse;false;needs_review;Fonte candidata. Servono verifica di definizione, unita, popolazione, sesso totale e copertura prima di integrare.
377;Consumi di energia elettrica delle imprese private del terziario (esclusa la PA);movimprese;377;proxy;2023;;regione;true;1.0;higher_worse;false;needs_review;Fonte candidata. Servono verifica di definizione, unita, popolazione, sesso totale e copertura prima di integrare.
378;Consumi di energia coperti da cogenerazione;;;different;2024;;regione;false;1.0;higher_better;false;unavailable;Nessuna fonte prioritaria 2025 mappata automaticamente sul nome indicatore.
379;Consumi di energia elettrica coperti con produzione da bioenergie;terna;379;proxy;2024;;regione;true;1.0;higher_better;false;needs_review;Fonte candidata. Servono verifica di definizione, unita, popolazione, sesso totale e copertura prima di integrare.
381;Emissioni di gas a effetto serra in agricoltura;;;different;2019;;regione;false;1.0;lower_better;false;unavailable;Nessuna fonte prioritaria 2025 mappata automaticamente sul nome indicatore.
382;Emissioni di gas a effetto serra del settore energetico;;;different;2019;;regione;false;1.0;lower_better;false;unavailable;Nessuna fonte prioritaria 2025 mappata automaticamente sul nome indicatore.
383;Emissioni di gas a effetto serra da trasporti stradali (Teq. CO2);;;different;2019;;regione;false;1.0;lower_better;false;unavailable;Nessuna fonte prioritaria 2025 mappata automaticamente sul nome indicatore.
384;Gestione dei siti contaminati;;;different;2020;;regione;false;0.9833;higher_better;false;unavailable;Nessuna fonte prioritaria 2025 mappata automaticamente sul nome indicatore.
385;Dispersione della rete di distribuzione;;;different;2018;;regione;false;1.0;lower_better;false;unavailable;Nessuna fonte prioritaria 2025 mappata automaticamente sul nome indicatore.
386;Corpi idrici in buono stato chimico di qualità;;;different;2016;;regione;false;0.95;contextual;false;unavailable;Nessuna fonte prioritaria 2025 mappata automaticamente sul nome indicatore.
387;Dinamica dei litorali in erosione;;;different;2019;;regione;false;0.75;contextual;false;unavailable;Nessuna fonte prioritaria 2025 mappata automaticamente sul nome indicatore.
388;Dinamica dei litorali in avanzamento;;;different;2019;;regione;false;0.75;contextual;false;unavailable;Nessuna fonte prioritaria 2025 mappata automaticamente sul nome indicatore.
389;Dinamica dei litorali stabili;;;different;2019;;regione;false;0.75;contextual;false;unavailable;Nessuna fonte prioritaria 2025 mappata automaticamente sul nome indicatore.
390;Costa non definita;;;different;2019;;regione;false;0.65;contextual;false;unavailable;Nessuna fonte prioritaria 2025 mappata automaticamente sul nome indicatore.
391;Resilienza ai Terremoti degli Insediamenti, per assenza del piano di emergenza;;;different;2016;;regione;false;0.875;contextual;false;unavailable;Nessuna fonte prioritaria 2025 mappata automaticamente sul nome indicatore.
392;Resilienza ai Terremoti degli Insediamenti, per presenza del piano di emergenza;;;different;2016;;regione;false;0.925;contextual;false;unavailable;Nessuna fonte prioritaria 2025 mappata automaticamente sul nome indicatore.
393;Resilienza ai Terremoti degli Insediamenti, per presenza di microzonazione sismica;;;different;2016;;regione;false;0.825;contextual;false;unavailable;Nessuna fonte prioritaria 2025 mappata automaticamente sul nome indicatore.
394;Resilienza ai Terremoti degli Insediamenti, per presenza di analisi della CLE;;;different;2016;;regione;false;0.825;contextual;false;unavailable;Nessuna fonte prioritaria 2025 mappata automaticamente sul nome indicatore.
395;Comuni nei quali non è applicabile l'indicatore di resilienza ai terremoti per assenza di dati;;;different;2016;;regione;false;0.1;contextual;false;unavailable;Nessuna fonte prioritaria 2025 mappata automaticamente sul nome indicatore.
396;Tasso di natalità delle imprese nei settori ad alta intensità di conoscenza;movimprese;396;proxy;2023;;regione;true;1.0;higher_better;false;needs_review;Fonte candidata. Servono verifica di definizione, unita, popolazione, sesso totale e copertura prima di integrare.
397;Tasso di sopravvivenza a tre anni delle imprese nei settori ad alta intensità di conoscenza;movimprese;397;proxy;2023;;regione;true;1.0;higher_better;false;needs_review;Fonte candidata. Servono verifica di definizione, unita, popolazione, sesso totale e copertura prima di integrare.
398;Addetti delle nuove imprese;movimprese;398;proxy;2023;;regione;true;1.0;higher_better;false;needs_review;Fonte candidata. Servono verifica di definizione, unita, popolazione, sesso totale e copertura prima di integrare.
399;Addetti alle imprese e alle istituzioni non profit che svolgono attività a contenuto sociale;movimprese;399;proxy;2015;;regione;true;1.0;contextual;false;needs_review;Fonte candidata. Servono verifica di definizione, unita, popolazione, sesso totale e copertura prima di integrare.
400;Imprese e istituzioni non profit che svolgono attività a contenuto sociale;movimprese;400;proxy;2015;;regione;true;1.0;contextual;false;needs_review;Fonte candidata. Servono verifica di definizione, unita, popolazione, sesso totale e copertura prima di integrare.
401;Imprenditorialità giovanile (totale);;;different;2023;;regione;false;1.0;higher_better;false;unavailable;Nessuna fonte prioritaria 2025 mappata automaticamente sul nome indicatore.
402;Imprenditorialità femminile;;;different;2023;;regione;false;1.0;higher_better;false;unavailable;Nessuna fonte prioritaria 2025 mappata automaticamente sul nome indicatore.
403;Cohesion Open Government Index su trasparenza, partecipazione e collaborazione nelle politiche di coesione;;;different;2013;;regione;false;0.95;higher_better;false;unavailable;Nessuna fonte prioritaria 2025 mappata automaticamente sul nome indicatore.
404;Giacenza media dei procedimenti civili;;;different;2012;;regione;false;1.0;lower_better;false;unavailable;Nessuna fonte prioritaria 2025 mappata automaticamente sul nome indicatore.
405;Progetti e interventi che rispettano i crono-programmi di attuazione e un tracciato unico completo;;;different;2013;;regione;false;0.95;contextual;false;unavailable;Nessuna fonte prioritaria 2025 mappata automaticamente sul nome indicatore.
406;Ritardo nei tempi di attuazione delle opere pubbliche;;;different;2013;;regione;false;0.95;lower_better;false;unavailable;Nessuna fonte prioritaria 2025 mappata automaticamente sul nome indicatore.
407;Tasso di occupazione giovanile (totale);istat_lavoro;407;exact;2025;2025;regione;true;1.0;higher_better;true;integrated;Dato normalizzato nel layer esterno. Lo schema legacy non viene modificato.
408;Tasso giovani NEET (totale);istat_lavoro;408;exact;2024;;regione;true;1.0;lower_better;false;needs_review;Richiede revisione manuale prima di uso in scoring.
409;Incidenza dei diplomati nei percorsi di istruzione tecnica e professionale sul totale dei diplomati;;;different;2021;;regione;false;1.0;contextual;false;unavailable;Nessuna fonte prioritaria 2025 mappata automaticamente sul nome indicatore.
410;Sicurezza degli edifici scolastici;;;different;2012;;regione;false;0.9;contextual;false;unavailable;Nessuna fonte prioritaria 2025 mappata automaticamente sul nome indicatore.
411;Disponibilità di nuove tecnologie per fini didattici;;;different;2014;;regione;false;1.0;contextual;false;unavailable;Nessuna fonte prioritaria 2025 mappata automaticamente sul nome indicatore.
412;Scuole che hanno aderito al Sistema Nazionale di Valutazione (VALES);;;different;2014;;regione;false;0.9;contextual;false;unavailable;Nessuna fonte prioritaria 2025 mappata automaticamente sul nome indicatore.
413;Quota valore fidi globali fra 30.000 e 500.000 euro utilizzati dalle imprese;movimprese;413;proxy;2021;;regione;true;1.0;contextual;false;needs_review;Fonte candidata. Servono verifica di definizione, unita, popolazione, sesso totale e copertura prima di integrare.
414;Presa in carico di tutti gli utenti dei servizi per l'infanzia;;;different;2023;;regione;false;1.0;higher_better;false;unavailable;Nessuna fonte prioritaria 2025 mappata automaticamente sul nome indicatore.
415;Anziani trattati in assistenza domiciliare socio-assistenziale;;;different;2022;;regione;false;1.0;higher_better;false;unavailable;Nessuna fonte prioritaria 2025 mappata automaticamente sul nome indicatore.
416;Ricercatori occupati nelle imprese sul totale degli addetti (totale);movimprese;416;proxy;2021;;regione;true;1.0;higher_better;false;needs_review;Fonte candidata. Servono verifica di definizione, unita, popolazione, sesso totale e copertura prima di integrare.
417;Imprese che hanno svolto attività di R&S in collaborazione con soggetti esterni;movimprese;417;proxy;2022;;regione;true;0.9885;higher_better;false;needs_review;Fonte candidata. Servono verifica di definizione, unita, popolazione, sesso totale e copertura prima di integrare.
418;Incidenza della spesa per R&S del settore privato sul PIL;;;different;2022;;regione;false;0.9548;contextual;false;unavailable;Nessuna fonte prioritaria 2025 mappata automaticamente sul nome indicatore.
419;Specializzazione produttiva nei settori ad alta tecnologia (totale);;;different;2025;;regione;false;0.9889;higher_better;false;unavailable;Nessuna fonte prioritaria 2025 mappata automaticamente sul nome indicatore.
420;Specializzazione produttiva nei settori ad alta tecnologia (maschi);;;different;2025;;regione;false;0.9722;contextual;false;unavailable;Nessuna fonte prioritaria 2025 mappata automaticamente sul nome indicatore.
421;Specializzazione produttiva nei settori ad alta tecnologia (femmine);;;different;2025;;regione;false;0.8583;contextual;false;unavailable;Nessuna fonte prioritaria 2025 mappata automaticamente sul nome indicatore.
422;Copertura con banda ultralarga ad almeno 30 Mbps;infratel;422;proxy;2015;;regione;true;0.975;higher_better;false;needs_review;Fonte candidata. Servono verifica di definizione, unita, popolazione, sesso totale e copertura prima di integrare.
423;Copertura con banda ultralarga a 100 Mbps;infratel;423;proxy;2015;;regione;true;0.975;higher_better;false;needs_review;Fonte candidata. Servono verifica di definizione, unita, popolazione, sesso totale e copertura prima di integrare.
424;Comuni con servizi pienamente interattivi;;;different;2022;;regione;false;0.9875;higher_better;false;unavailable;Nessuna fonte prioritaria 2025 mappata automaticamente sul nome indicatore.
425;Cittadini che utilizzano il Fascicolo Sanitario Elettronico;;;different;2015;;regione;false;1.0;contextual;false;unavailable;Nessuna fonte prioritaria 2025 mappata automaticamente sul nome indicatore.
426;Grado di utilizzo di Internet nelle famiglie negli ultimi 12 mesi;infratel;426;proxy;2023;;regione;true;1.0;higher_better;false;needs_review;Fonte candidata. Servono verifica di definizione, unita, popolazione, sesso totale e copertura prima di integrare.
427;Disponibilità di wi-fi pubblico nei Comuni;;;different;2022;;regione;false;0.9875;higher_better;false;unavailable;Nessuna fonte prioritaria 2025 mappata automaticamente sul nome indicatore.
428;Grado di partecipazione dei cittadini attraverso il web a attività politiche e sociali;;;different;2022;;regione;false;1.0;higher_better;false;unavailable;Nessuna fonte prioritaria 2025 mappata automaticamente sul nome indicatore.
429;Penetrazione della banda ultra larga;infratel;429;proxy;2023;;regione;true;1.0;higher_better;false;needs_review;Fonte candidata. Servono verifica di definizione, unita, popolazione, sesso totale e copertura prima di integrare.
43;Percezione delle famiglie del rischio di criminalità nella zona in cui vivono;;;different;2024;;regione;false;0.9667;lower_better;false;unavailable;Nessuna fonte prioritaria 2025 mappata automaticamente sul nome indicatore.
430;Dipendenti di amministrazioni locali che hanno seguito corsi di formazione ICT;;;different;2022;;regione;false;0.97;contextual;false;unavailable;Nessuna fonte prioritaria 2025 mappata automaticamente sul nome indicatore.
431;Grado di apertura commerciale del comparto manifatturiero;;;different;2019;;regione;false;1.0;contextual;false;unavailable;Nessuna fonte prioritaria 2025 mappata automaticamente sul nome indicatore.
432;Imprese che hanno svolto attività di R&S utilizzando infrastrutture di ricerca e altri servizi alla R&S da soggetti pubblici o privati;movimprese;432;proxy;2022;;regione;true;1.0;higher_better;false;needs_review;Fonte candidata. Servono verifica di definizione, unita, popolazione, sesso totale e copertura prima di integrare.
434;Utilizzo dell'e-government da parte delle imprese;movimprese;434;proxy;2023;;regione;true;1.0;higher_better;false;needs_review;Fonte candidata. Servono verifica di definizione, unita, popolazione, sesso totale e copertura prima di integrare.
435;Quota di lavoratori che percepiscono sussidi di politica del lavoro passiva: Cassa integrazione e Contratti di solidarietà;;;different;2015;;regione;false;1.0;contextual;false;unavailable;Nessuna fonte prioritaria 2025 mappata automaticamente sul nome indicatore.
436;Addetti occupati nelle unità locali delle imprese italiane a controllo estero;movimprese;436;proxy;2019;;regione;true;1.0;contextual;false;needs_review;Fonte candidata. Servono verifica di definizione, unita, popolazione, sesso totale e copertura prima di integrare.
437;Consumi finali di energia per Unità di lavoro;;;different;2022;;regione;false;1.0;higher_worse;false;unavailable;Nessuna fonte prioritaria 2025 mappata automaticamente sul nome indicatore.
438;Velocità del trasporto pubblico su gomma nei comuni capoluogo di provincia;;;different;2020;;regione;false;1.0;higher_better;false;unavailable;Nessuna fonte prioritaria 2025 mappata automaticamente sul nome indicatore.
44;Indice del traffico aereo;;;different;2023;;regione;false;0.8586;contextual;false;unavailable;Nessuna fonte prioritaria 2025 mappata automaticamente sul nome indicatore.
441;Percentuale di habitat con stato di conservazione favorevole;;;different;2018;;regione;false;1.0;contextual;false;unavailable;Nessuna fonte prioritaria 2025 mappata automaticamente sul nome indicatore.
442;Superficie delle Aree agricole ad Alto Valore Naturale;;;different;2010;;regione;false;1.0;contextual;false;unavailable;Nessuna fonte prioritaria 2025 mappata automaticamente sul nome indicatore.
443;Tasso di turisticità nei parchi nazionali e regionali;;;different;2018;;regione;false;1.0;contextual;false;unavailable;Nessuna fonte prioritaria 2025 mappata automaticamente sul nome indicatore.
445;Indice di accessibilità verso i nodi urbani e logistici;;;different;2013;;regione;false;1.0;contextual;false;unavailable;Nessuna fonte prioritaria 2025 mappata automaticamente sul nome indicatore.
450;Traffico ferroviario merci generato da porti e interporti;;;different;2018;;regione;false;0.75;contextual;false;unavailable;Nessuna fonte prioritaria 2025 mappata automaticamente sul nome indicatore.
451;Tempo medio di sdoganamento nei porti;;;different;2015;;regione;false;0.7;lower_better;false;unavailable;Nessuna fonte prioritaria 2025 mappata automaticamente sul nome indicatore.
452;Traffico passeggeri da e per aeroporti su mezzi pubblici collettivi;;;different;2015;;regione;false;0.7;contextual;false;unavailable;Nessuna fonte prioritaria 2025 mappata automaticamente sul nome indicatore.
455;Tasso di occupazione della popolazione straniera (totale);istat_lavoro;455;exact;2020;;regione;true;1.0;higher_better;false;needs_review;Richiede revisione manuale prima di uso in scoring.
46;Indice di utilizzazione del trasporto ferroviario (1);;;different;2025;;regione;false;0.9677;contextual;false;unavailable;Nessuna fonte prioritaria 2025 mappata automaticamente sul nome indicatore.
460;Tasso di occupazione nelle aree rurali (15-64 anni);istat_lavoro;460;exact;2023;;regione;true;1.0;higher_better;false;needs_review;Richiede revisione manuale prima di uso in scoring.
461;Beni confiscati e trasferiti al patrimonio dello stato o degli enti territoriali;;;different;2015;;regione;false;0.55;contextual;false;unavailable;Nessuna fonte prioritaria 2025 mappata automaticamente sul nome indicatore.
465;Occupati, disoccupati e inattivi che partecipano ad attività formative e di istruzione;istat_lavoro;465;exact;2014;;regione;true;1.0;contextual;false;needs_review;Richiede revisione manuale prima di uso in scoring.
466;Condizione occupazionale dei laureati dopo 1-3 anni dal conseguimento del titolo;;;different;2024;;regione;false;0.9929;higher_better;false;unavailable;Nessuna fonte prioritaria 2025 mappata automaticamente sul nome indicatore.
469;Grado di utilizzo dell'e-procurement nella PA;;;different;2022;;regione;false;0.9833;higher_better;false;unavailable;Nessuna fonte prioritaria 2025 mappata automaticamente sul nome indicatore.
47;Indice di utilizzazione del trasporto ferroviario (2);;;different;2025;;regione;false;1.0;higher_better;false;unavailable;Nessuna fonte prioritaria 2025 mappata automaticamente sul nome indicatore.
471;Investimenti privati sul PIL;;;different;2023;;regione;false;1.0;higher_better;false;unavailable;Nessuna fonte prioritaria 2025 mappata automaticamente sul nome indicatore.
475;Tasso di occupazione giovanile (maschi);istat_lavoro;475;exact;2025;2025;regione;true;1.0;higher_better;true;integrated;Dato normalizzato nel layer esterno. Lo schema legacy non viene modificato.
476;Tasso di occupazione giovanile (femmine);istat_lavoro;476;exact;2025;2025;regione;true;1.0;higher_better;true;integrated;Dato normalizzato nel layer esterno. Lo schema legacy non viene modificato.
477;Tasso giovani NEET (maschi);istat_lavoro;477;exact;2024;;regione;true;1.0;lower_better;false;needs_review;Richiede revisione manuale prima di uso in scoring.
478;Tasso giovani NEET (femmine);istat_lavoro;478;exact;2024;;regione;true;1.0;lower_better;false;needs_review;Richiede revisione manuale prima di uso in scoring.
481;Tasso di occupazione della popolazione straniera (maschi);istat_lavoro;481;exact;2020;;regione;true;1.0;higher_better;false;needs_review;Richiede revisione manuale prima di uso in scoring.
482;Tasso di occupazione della popolazione straniera (femmine);istat_lavoro;482;exact;2020;;regione;true;1.0;higher_better;false;needs_review;Richiede revisione manuale prima di uso in scoring.
5;Superficie irrigata/irrigabile nelle aziende agricole;;;different;2020;;regione;false;1.0;contextual;false;unavailable;Nessuna fonte prioritaria 2025 mappata automaticamente sul nome indicatore.
50;Tasso di occupazione regolare;istat_lavoro;50;exact;2018;;regione;true;1.0;higher_better;false;needs_review;Richiede revisione manuale prima di uso in scoring.
511;Emissioni di gas serra;;;different;2019;;regione;false;1.0;lower_better;false;unavailable;Nessuna fonte prioritaria 2025 mappata automaticamente sul nome indicatore.
514;Superficie boscata percorsa dal fuoco;;;different;2022;;regione;false;0.9861;lower_better;false;unavailable;Nessuna fonte prioritaria 2025 mappata automaticamente sul nome indicatore.
515;Merce nel complesso della navigazione per tipo di carico - CONTENITORI;;;different;2023;;regione;false;0.6105;contextual;false;unavailable;Nessuna fonte prioritaria 2025 mappata automaticamente sul nome indicatore.
516;Merce nel complesso della navigazione per tipo di carico - RINFUSA LIQUIDA;;;different;2023;;regione;false;0.6421;contextual;false;unavailable;Nessuna fonte prioritaria 2025 mappata automaticamente sul nome indicatore.
517;Merce nel complesso della navigazione per tipo di carico - RINFUSA SOLIDA;;;different;2023;;regione;false;0.6447;contextual;false;unavailable;Nessuna fonte prioritaria 2025 mappata automaticamente sul nome indicatore.
518;Merce nel complesso della navigazione per tipo di carico - RO-RO;;;different;2023;;regione;false;0.6237;contextual;false;unavailable;Nessuna fonte prioritaria 2025 mappata automaticamente sul nome indicatore.
519;Merce nel complesso della navigazione per tipo di carico - ALTRO CARICO;;;different;2023;;regione;false;0.6447;contextual;false;unavailable;Nessuna fonte prioritaria 2025 mappata automaticamente sul nome indicatore.
52;Raccolta differenziata dei rifiuti urbani;;;different;2024;;regione;false;1.0;higher_better;false;unavailable;Nessuna fonte prioritaria 2025 mappata automaticamente sul nome indicatore.
523;Quota degli addetti nei settori ad alta intensità di conoscenza nelle imprese dell'industria e dei servizi;movimprese;523;proxy;2020;;regione;true;1.0;higher_better;false;needs_review;Fonte candidata. Servono verifica di definizione, unita, popolazione, sesso totale e copertura prima di integrare.
53;Quantità di frazione umida trattata in impianti di compostaggio per la produzione di compost di qualità;;;different;2024;;regione;false;1.0;higher_better;false;unavailable;Nessuna fonte prioritaria 2025 mappata automaticamente sul nome indicatore.
530;Quota di lavoratori che percepiscono sussidi di politica del lavoro passiva: Indennità di disoccupazione e Assicurazione sociale per l'impiego;istat_lavoro;530;exact;2020;;regione;true;1.0;contextual;false;needs_review;Richiede revisione manuale prima di uso in scoring.
531;Densità popolazione a rischio frane;;;different;2015;;regione;false;1.0;lower_better;false;unavailable;Nessuna fonte prioritaria 2025 mappata automaticamente sul nome indicatore.
539;Coste marine balneabili;;;different;2019;;regione;false;0.75;contextual;false;unavailable;Nessuna fonte prioritaria 2025 mappata automaticamente sul nome indicatore.
54;Tasso di natalità delle imprese;movimprese;54;proxy;2023;;regione;true;1.0;higher_better;false;needs_review;Fonte candidata. Servono verifica di definizione, unita, popolazione, sesso totale e copertura prima di integrare.
542;Durata media effettiva in giorni dei procedimenti definiti presso i tribunali ordinari;;;different;2024;;regione;false;1.0;lower_better;false;unavailable;Nessuna fonte prioritaria 2025 mappata automaticamente sul nome indicatore.
543;Valutazione dei livelli di apprendimento degli studenti della seconda classe primaria in italiano;;;different;2019;;regione;false;0.95;contextual;false;unavailable;Nessuna fonte prioritaria 2025 mappata automaticamente sul nome indicatore.
544;Corpi idrici in buono stato quantitativo di qualità;;;different;2016;;regione;false;0.95;contextual;false;unavailable;Nessuna fonte prioritaria 2025 mappata automaticamente sul nome indicatore.
545;Valutazione dei livelli di apprendimento degli studenti della seconda classe primaria in matematica;;;different;2019;;regione;false;0.95;contextual;false;unavailable;Nessuna fonte prioritaria 2025 mappata automaticamente sul nome indicatore.
546;Valutazione dei livelli di apprendimento degli studenti della quinta classe primaria in italiano;;;different;2019;;regione;false;0.95;contextual;false;unavailable;Nessuna fonte prioritaria 2025 mappata automaticamente sul nome indicatore.
547;Valutazione dei livelli di apprendimento degli studenti della quinta classe primaria in matematica;;;different;2019;;regione;false;0.95;contextual;false;unavailable;Nessuna fonte prioritaria 2025 mappata automaticamente sul nome indicatore.
548;Valutazione dei livelli di apprendimento degli studenti della terza classe secondaria di primo grado in italiano;;;different;2019;;regione;false;0.95;contextual;false;unavailable;Nessuna fonte prioritaria 2025 mappata automaticamente sul nome indicatore.
549;Valutazione dei livelli di apprendimento degli studenti della terza classe secondaria di primo grado in matematica;;;different;2019;;regione;false;0.95;contextual;false;unavailable;Nessuna fonte prioritaria 2025 mappata automaticamente sul nome indicatore.
550;Valutazione dei livelli di apprendimento degli studenti della seconda classe secondaria di secondo grado in italiano;;;different;2019;;regione;false;0.95;contextual;false;unavailable;Nessuna fonte prioritaria 2025 mappata automaticamente sul nome indicatore.
551;Valutazione dei livelli di apprendimento degli studenti della seconda classe secondaria di secondo grado in matematica;;;different;2019;;regione;false;0.95;contextual;false;unavailable;Nessuna fonte prioritaria 2025 mappata automaticamente sul nome indicatore.
568;Valutazione dei livelli di apprendimento degli studenti della quinta classe primaria in inglese reading;;;different;2019;;regione;false;0.925;contextual;false;unavailable;Nessuna fonte prioritaria 2025 mappata automaticamente sul nome indicatore.
569;Valutazione dei livelli di apprendimento degli studenti della terza classe secondaria di primo grado in inglese listening;;;different;2019;;regione;false;0.925;contextual;false;unavailable;Nessuna fonte prioritaria 2025 mappata automaticamente sul nome indicatore.
57;Differenza tra tasso di occupazione maschile e femminile;istat_lavoro;57;exact;2025;2025;regione;true;1.0;lower_better;true;integrated;Dato normalizzato nel layer esterno. Lo schema legacy non viene modificato.
570;Valutazione dei livelli di apprendimento degli studenti della terza classe secondaria di primo grado in inglese reading;;;different;2019;;regione;false;0.95;contextual;false;unavailable;Nessuna fonte prioritaria 2025 mappata automaticamente sul nome indicatore.
571;Valutazione dei livelli di apprendimento degli studenti della terza classe secondaria di primo grado in inglese listening;;;different;2019;;regione;false;0.95;contextual;false;unavailable;Nessuna fonte prioritaria 2025 mappata automaticamente sul nome indicatore.
590;Emigrazione ospedaliera in altra regione;;;different;2023;;regione;false;1.0;lower_better;false;unavailable;Nessuna fonte prioritaria 2025 mappata automaticamente sul nome indicatore.
592;Disponibilità di verde urbano;;;different;2020;;regione;false;1.0;higher_better;false;unavailable;Nessuna fonte prioritaria 2025 mappata automaticamente sul nome indicatore.
593;Quota di unità locali nei settori culturali e creativi sul totale;;;different;2023;;regione;false;1.0;higher_better;false;unavailable;Nessuna fonte prioritaria 2025 mappata automaticamente sul nome indicatore.
594;Quota degli addetti delle imprese nei settori culturali e creativi sul totale;movimprese;594;proxy;2023;;regione;true;1.0;higher_better;false;needs_review;Fonte candidata. Servono verifica di definizione, unita, popolazione, sesso totale e copertura prima di integrare.
595;Incidenza del valore aggiunto dei settori culturali e creativi sul totale;;;different;2023;;regione;false;1.0;higher_better;false;unavailable;Nessuna fonte prioritaria 2025 mappata automaticamente sul nome indicatore.
596;Produttività del lavoro nei settori culturali e creativi;;;different;2023;;regione;false;1.0;higher_better;false;unavailable;Nessuna fonte prioritaria 2025 mappata automaticamente sul nome indicatore.
597;Grado di integrazione verticale delle imprese nei settori culturali e creativi;movimprese;597;proxy;2023;;regione;true;1.0;contextual;false;needs_review;Fonte candidata. Servono verifica di definizione, unita, popolazione, sesso totale e copertura prima di integrare.
598;Incidenza di dipendenti di genere femminile delle imprese nei settori culturali e creativi;movimprese;598;proxy;2023;;regione;true;1.0;contextual;false;needs_review;Fonte candidata. Servono verifica di definizione, unita, popolazione, sesso totale e copertura prima di integrare.
599;Incidenza di dipendenti in età giovanile delle imprese nei settori culturali e creativi;movimprese;599;proxy;2023;;regione;true;1.0;contextual;false;needs_review;Fonte candidata. Servono verifica di definizione, unita, popolazione, sesso totale e copertura prima di integrare.
6;Irregolarità nella distribuzione dell'acqua;;;different;2025;;regione;false;0.9677;lower_better;false;unavailable;Nessuna fonte prioritaria 2025 mappata automaticamente sul nome indicatore.
60;Interruzioni del servizio elettrico;;;different;2023;;regione;false;1.0;lower_better;false;unavailable;Nessuna fonte prioritaria 2025 mappata automaticamente sul nome indicatore.
600;Addetti delle nuove imprese nei settori culturali e creativi;movimprese;600;proxy;2023;;regione;true;1.0;higher_better;false;needs_review;Fonte candidata. Servono verifica di definizione, unita, popolazione, sesso totale e copertura prima di integrare.
61;Differenza tra tasso di attività maschile e femminile;;;different;2025;;regione;false;1.0;lower_better;false;unavailable;Nessuna fonte prioritaria 2025 mappata automaticamente sul nome indicatore.
610;Domanda di spettacolo, intrattenimento e sport per abitante;;;different;2023;;regione;false;1.0;higher_better;false;unavailable;Nessuna fonte prioritaria 2025 mappata automaticamente sul nome indicatore.
611;Domanda di spettacolo cinematografico;;;different;2024;;regione;false;1.0;higher_better;false;unavailable;Nessuna fonte prioritaria 2025 mappata automaticamente sul nome indicatore.
612;Domanda di spettacolo sportivo;;;different;2023;;regione;false;1.0;higher_better;false;unavailable;Nessuna fonte prioritaria 2025 mappata automaticamente sul nome indicatore.
613;Domanda di spettacolo, intrattenimento e sport nei comuni situati in area interna;;;different;2023;;regione;false;1.0;higher_better;false;unavailable;Nessuna fonte prioritaria 2025 mappata automaticamente sul nome indicatore.
614;Incidenza della popolazione residente in comuni senza offerta di spettacolo, intrattenimento e sport;;;different;2023;;regione;false;1.0;lower_better;false;unavailable;Nessuna fonte prioritaria 2025 mappata automaticamente sul nome indicatore.
615;Incidenza della popolazione residente in comuni senza alcuna offerta culturale;;;different;2022;;regione;false;0.975;contextual;false;unavailable;Nessuna fonte prioritaria 2025 mappata automaticamente sul nome indicatore.
617;Competenza alfabetica non adeguata (studenti classi III scuola secondaria primo grado);invalsi;617;exact;2025;;regione;true;0.8313;lower_better;false;integrated;Dato normalizzato nel layer esterno. Lo schema legacy non viene modificato.
618;Competenza numerica non adeguata (studenti classi III scuola secondaria primo grado);invalsi;618;exact;2025;;regione;true;0.8313;lower_better;false;integrated;Dato normalizzato nel layer esterno. Lo schema legacy non viene modificato.
619;Comprensione all'ascolto (listening) della lingua inglese non adeguata (studenti classi III scuola secondaria primo grado);;;different;2025;;regione;false;0.8313;lower_better;false;unavailable;Nessuna fonte prioritaria 2025 mappata automaticamente sul nome indicatore.
62;Grado di diffusione di Internet nelle famiglie;infratel;62;proxy;2023;;regione;true;0.963;contextual;false;needs_review;Fonte candidata. Servono verifica di definizione, unita, popolazione, sesso totale e copertura prima di integrare.
620;Comprensione della lettura (reading) della lingua inglese non adeguata (studenti classi III scuola secondaria primo grado);;;different;2025;;regione;false;0.8313;lower_better;false;unavailable;Nessuna fonte prioritaria 2025 mappata automaticamente sul nome indicatore.
621;Competenza alfabetica non adeguata (studenti classi II scuola secondaria secondo grado);invalsi;621;proxy;2023;;regione;true;0.6333;lower_better;false;needs_review;Fonte candidata. Servono verifica di definizione, unita, popolazione, sesso totale e copertura prima di integrare.
622;Competenza numerica non adeguata (studenti classi II scuola secondaria secondo grado);invalsi;622;proxy;2023;;regione;true;0.6333;lower_better;false;needs_review;Fonte candidata. Servono verifica di definizione, unita, popolazione, sesso totale e copertura prima di integrare.
623;Competenza alfabetica non adeguata (studenti classi V scuola secondaria secondo grado);invalsi;623;exact;2025;;regione;true;0.8143;lower_better;false;integrated;Dato normalizzato nel layer esterno. Lo schema legacy non viene modificato.
624;Competenza numerica non adeguata (studenti classi V scuola secondaria secondo grado);invalsi;624;exact;2025;;regione;true;0.8143;lower_better;false;integrated;Dato normalizzato nel layer esterno. Lo schema legacy non viene modificato.
625;Comprensione all'ascolto (listening) della lingua inglese non adeguata (studenti classi V scuola secondaria secondo grado);;;different;2025;;regione;false;0.8143;lower_better;false;unavailable;Nessuna fonte prioritaria 2025 mappata automaticamente sul nome indicatore.
626;Comprensione della lettura (reading) della lingua inglese non adeguata (studenti classi V scuola secondaria secondo grado);;;different;2025;;regione;false;0.8143;lower_better;false;unavailable;Nessuna fonte prioritaria 2025 mappata automaticamente sul nome indicatore.
627;Alunni con disabilità motoria;;;different;2022;;regione;false;1.0;contextual;false;unavailable;Nessuna fonte prioritaria 2025 mappata automaticamente sul nome indicatore.
628;Alunni con disabilità uditiva;;;different;2022;;regione;false;1.0;contextual;false;unavailable;Nessuna fonte prioritaria 2025 mappata automaticamente sul nome indicatore.
629;Alunni con disabilità visiva;;;different;2022;;regione;false;0.9969;contextual;false;unavailable;Nessuna fonte prioritaria 2025 mappata automaticamente sul nome indicatore.
63;Occupati che partecipano ad attività formative e di istruzione;;;different;2024;;regione;false;1.0;higher_better;false;unavailable;Nessuna fonte prioritaria 2025 mappata automaticamente sul nome indicatore.
630;Alunni con disabilità (totale);;;different;2022;;regione;false;1.0;contextual;false;unavailable;Nessuna fonte prioritaria 2025 mappata automaticamente sul nome indicatore.
631;Indice di povertà relativa regionale individuale (popolazione);;;different;2024;;regione;false;1.0;lower_better;false;unavailable;Nessuna fonte prioritaria 2025 mappata automaticamente sul nome indicatore.
633;Indice di povertà relativa regionale familiare (famiglie);;;different;2024;;regione;false;0.9682;lower_better;false;unavailable;Nessuna fonte prioritaria 2025 mappata automaticamente sul nome indicatore.
634;Spesa dei Comuni per strutture residenziali per area utenza Anziani per utente;;;different;2021;;regione;false;1.0;contextual;false;unavailable;Nessuna fonte prioritaria 2025 mappata automaticamente sul nome indicatore.
635;Dimissioni ospedaliere di pazienti affetti da disturbi psichici per centomila abitanti;;;different;2022;;regione;false;1.0;contextual;false;unavailable;Nessuna fonte prioritaria 2025 mappata automaticamente sul nome indicatore.
637;Ospiti adulti con disabilità o patologia psichiatrica dei presidi residenziali socio-assistenziali e socio-sanitari per centomila adulti;;;different;2022;;regione;false;1.0;contextual;false;unavailable;Nessuna fonte prioritaria 2025 mappata automaticamente sul nome indicatore.
638;Ospiti anziani non autosufficienti dei presidi residenziali socio-assistenziali e socio-sanitari per centomila anziani;;;different;2022;;regione;false;1.0;contextual;false;unavailable;Nessuna fonte prioritaria 2025 mappata automaticamente sul nome indicatore.
639;Ospiti minori con disabilità o disturbi mentali dei presidi residenziali socio-assistenziali e socio-sanitari per centomila minori;;;different;2022;;regione;false;1.0;contextual;false;unavailable;Nessuna fonte prioritaria 2025 mappata automaticamente sul nome indicatore.
64;Grado di utilizzo di Internet nelle famiglie negli ultimi 3 mesi;infratel;64;proxy;2023;;regione;true;1.0;higher_better;false;needs_review;Fonte candidata. Servono verifica di definizione, unita, popolazione, sesso totale e copertura prima di integrare.
640;Ospiti con disabilità o non autosufficienti dei presidi residenziali socio-assistenziali e socio-sanitari per centomila abitanti;;;different;2022;;regione;false;1.0;contextual;false;unavailable;Nessuna fonte prioritaria 2025 mappata automaticamente sul nome indicatore.
641;Percentuale di scuole con alunni con disabilità nelle quali sono presenti postazioni informatiche adattate;;;different;2023;;regione;false;1.0;higher_better;false;unavailable;Nessuna fonte prioritaria 2025 mappata automaticamente sul nome indicatore.
642;Percentuale di scuole dotate di un accesso con rampe;;;different;2023;;regione;false;1.0;higher_better;false;unavailable;Nessuna fonte prioritaria 2025 mappata automaticamente sul nome indicatore.
643;Percentuale di scuole dotate di un ascensore per il trasporto di persone con disabilità;;;different;2023;;regione;false;1.0;higher_better;false;unavailable;Nessuna fonte prioritaria 2025 mappata automaticamente sul nome indicatore.
644;Percentuale di scuole dotate di un servoscala e/o piattaforma elevatrice;;;different;2023;;regione;false;1.0;higher_better;false;unavailable;Nessuna fonte prioritaria 2025 mappata automaticamente sul nome indicatore.
645;Percentuale di scuole dotate di servizi igienici a norma;;;different;2023;;regione;false;1.0;higher_better;false;unavailable;Nessuna fonte prioritaria 2025 mappata automaticamente sul nome indicatore.
646;Percentuale di scuole dotate di scale a norma;;;different;2023;;regione;false;1.0;higher_better;false;unavailable;Nessuna fonte prioritaria 2025 mappata automaticamente sul nome indicatore.
647;Percentuale di scuole dotate di porte a norma;;;different;2023;;regione;false;1.0;higher_better;false;unavailable;Nessuna fonte prioritaria 2025 mappata automaticamente sul nome indicatore.
648;Percentuale di scuole dotate di percorsi interni accessibili;;;different;2018;;regione;false;1.0;contextual;false;unavailable;Nessuna fonte prioritaria 2025 mappata automaticamente sul nome indicatore.
649;Percentuale di scuole dotate di percorsi esterni accessibili;;;different;2018;;regione;false;1.0;contextual;false;unavailable;Nessuna fonte prioritaria 2025 mappata automaticamente sul nome indicatore.
65;Grado di diffusione del personal computer nelle imprese con più di dieci addetti;movimprese;65;proxy;2019;;regione;true;1.0;contextual;false;needs_review;Fonte candidata. Servono verifica di definizione, unita, popolazione, sesso totale e copertura prima di integrare.
650;Percentuale scuole dotate di segnali acustici o/e visivi;;;different;2023;;regione;false;1.0;higher_better;false;unavailable;Nessuna fonte prioritaria 2025 mappata automaticamente sul nome indicatore.
651;Percentuale di scuole dotate di mappe a rilievo;;;different;2023;;regione;false;0.9917;higher_better;false;unavailable;Nessuna fonte prioritaria 2025 mappata automaticamente sul nome indicatore.
652;Spesa dei Comuni per strutture residenziali per area utenza Disabilità per utente;;;different;2021;;regione;false;1.0;contextual;false;unavailable;Nessuna fonte prioritaria 2025 mappata automaticamente sul nome indicatore.
653;Spesa dei Comuni per assistenza domiciliare per area utenza Anziani per utente anziano;;;different;2021;;regione;false;1.0;contextual;false;unavailable;Nessuna fonte prioritaria 2025 mappata automaticamente sul nome indicatore.
654;Spesa dei Comuni per assistenza domiciliare per area utenza Disabilità per utente con disabilità;;;different;2021;;regione;false;1.0;contextual;false;unavailable;Nessuna fonte prioritaria 2025 mappata automaticamente sul nome indicatore.
67;Non occupati che partecipano ad attività formative e di istruzione;;;different;2024;;regione;false;1.0;higher_better;false;unavailable;Nessuna fonte prioritaria 2025 mappata automaticamente sul nome indicatore.
70;Indice di diffusione dei siti web delle imprese;movimprese;70;proxy;2023;;regione;true;1.0;higher_better;false;needs_review;Fonte candidata. Servono verifica di definizione, unita, popolazione, sesso totale e copertura prima di integrare.
71;Indice di diffusione della banda larga nelle imprese;movimprese;71;proxy;2021;;regione;true;1.0;higher_better;false;needs_review;Fonte candidata. Servono verifica di definizione, unita, popolazione, sesso totale e copertura prima di integrare.
72;Grado di utilizzo di Internet nelle imprese;movimprese;72;proxy;2024;;regione;true;1.0;higher_better;false;needs_review;Fonte candidata. Servono verifica di definizione, unita, popolazione, sesso totale e copertura prima di integrare.
73;Grado di diffusione della larga banda nelle amministrazioni locali;infratel;73;proxy;2022;;regione;true;1.0;higher_better;false;needs_review;Fonte candidata. Servono verifica di definizione, unita, popolazione, sesso totale e copertura prima di integrare.
74;TAVOLA DISMESSA - Indice di povertà regionale (popolazione);;;different;2021;;regione;false;0.45;lower_better;false;unavailable;Nessuna fonte prioritaria 2025 mappata automaticamente sul nome indicatore.
76;TAVOLA DISMESSA - Indice di povertà regionale (famiglie);;;different;2021;;regione;false;0.9778;lower_better;false;unavailable;Nessuna fonte prioritaria 2025 mappata automaticamente sul nome indicatore.
77;Livello di istruzione della popolazione 15-19 anni;;;different;2024;;regione;false;1.0;higher_better;false;unavailable;Nessuna fonte prioritaria 2025 mappata automaticamente sul nome indicatore.
8;Disponibilità di risorse idropotabili;;;different;2012;;regione;false;1.0;contextual;false;unavailable;Nessuna fonte prioritaria 2025 mappata automaticamente sul nome indicatore.
80;Energia prodotta da fonti rinnovabili;terna;80;proxy;2012;;regione;true;1.0;higher_better;false;needs_review;Fonte candidata. Servono verifica di definizione, unita, popolazione, sesso totale e copertura prima di integrare.
81;Potenza efficiente lorda delle fonti rinnovabili;terna;81;proxy;2024;;regione;true;1.0;higher_better;false;needs_review;Fonte candidata. Servono verifica di definizione, unita, popolazione, sesso totale e copertura prima di integrare.
82;Popolazione regionale servita da gas metano;;;different;2006;;regione;false;1.0;contextual;false;unavailable;Nessuna fonte prioritaria 2025 mappata automaticamente sul nome indicatore.
84;Rifiuti urbani smaltiti in discarica per abitante;;;different;2024;;regione;false;0.9935;lower_better;false;unavailable;Nessuna fonte prioritaria 2025 mappata automaticamente sul nome indicatore.
85;Consumi di energia elettrica coperti da fonti rinnovabili (incluso idro);terna;85;proxy;2024;;regione;true;1.0;higher_better;false;needs_review;Fonte candidata. Servono verifica di definizione, unita, popolazione, sesso totale e copertura prima di integrare.
86;Consumi di energia elettrica coperti da fonti rinnovabili (escluso idro);terna;86;proxy;2024;;regione;true;1.0;higher_better;false;needs_review;Fonte candidata. Servono verifica di definizione, unita, popolazione, sesso totale e copertura prima di integrare.
87;Tasso di abbandono alla fine del primo anno delle scuole secondarie superiori;;;different;2019;;regione;false;1.0;lower_better;false;unavailable;Nessuna fonte prioritaria 2025 mappata automaticamente sul nome indicatore.
89;Tasso di abbandono alla fine del secondo anno delle scuole secondarie superiori;;;different;2019;;regione;false;0.998;lower_better;false;unavailable;Nessuna fonte prioritaria 2025 mappata automaticamente sul nome indicatore.
9;Efficienza nella distribuzione dell'acqua per il consumo umano;;;different;2018;;regione;false;1.0;contextual;false;unavailable;Nessuna fonte prioritaria 2025 mappata automaticamente sul nome indicatore.
90;Laureati in scienza e tecnologia;;;different;2012;;regione;false;1.0;contextual;false;unavailable;Nessuna fonte prioritaria 2025 mappata automaticamente sul nome indicatore.
901;PIL pro capite;;;different;2024;;regione;false;1.0;higher_better;false;unavailable;Nessuna fonte prioritaria 2025 mappata automaticamente sul nome indicatore.
901;PIL pro capite ai prezzi di mercato (Eurostat, NUTS2);eurostat_regional;nama_10r_2gdp;proxy;;2024;regione;;1.0;higher_better;false;proposed;Eurostat NUTS2 arricchisce un indicatore esistente. Nessuna sostituzione BES/atlas.
902;Reddito disponibile delle famiglie per abitante;;;different;2024;;regione;false;1.0;higher_better;false;unavailable;Nessuna fonte prioritaria 2025 mappata automaticamente sul nome indicatore.
903;Valore aggiunto per abitante;;;different;2024;;regione;false;1.0;higher_better;false;unavailable;Nessuna fonte prioritaria 2025 mappata automaticamente sul nome indicatore.
904;Valore aggiunto per unità di lavoro;;;different;2024;;regione;false;1.0;higher_better;false;unavailable;Nessuna fonte prioritaria 2025 mappata automaticamente sul nome indicatore.
905;Redditi da lavoro dipendente per unità di lavoro;;;different;2024;;regione;false;1.0;higher_better;false;unavailable;Nessuna fonte prioritaria 2025 mappata automaticamente sul nome indicatore.
906;Reddito primario per abitante;;;different;2024;;regione;false;1.0;higher_better;false;unavailable;Nessuna fonte prioritaria 2025 mappata automaticamente sul nome indicatore.
907;Saldo della redistribuzione del reddito per abitante;;;different;2024;;regione;false;1.0;contextual;false;unavailable;Nessuna fonte prioritaria 2025 mappata automaticamente sul nome indicatore.
910;Speranza di vita alla nascita;istat_demografia;910;exact;2025;2025;regione;true;1.0;higher_better;true;integrated;Dato normalizzato nel layer esterno. Lo schema legacy non viene modificato.
911;Speranza di vita alla nascita (maschi);istat_demografia;911;exact;2025;2025;regione;true;1.0;higher_better;true;integrated;Dato normalizzato nel layer esterno. Lo schema legacy non viene modificato.
912;Speranza di vita alla nascita (femmine);istat_demografia;912;exact;2025;2025;regione;true;1.0;higher_better;true;integrated;Dato normalizzato nel layer esterno. Lo schema legacy non viene modificato.
913;Speranza di vita a 65 anni;istat_demografia;913;exact;2025;2025;regione;true;1.0;higher_better;true;integrated;Dato normalizzato nel layer esterno. Lo schema legacy non viene modificato.
92;Incidenza della spesa pubblica per R&S sul PIL;;;different;2022;;regione;false;0.9643;contextual;false;unavailable;Nessuna fonte prioritaria 2025 mappata automaticamente sul nome indicatore.
920;Eta media della popolazione;istat_demografia;920;compatible;2026;2026;regione;true;1.0;contextual;false;integrated;Dato normalizzato nel layer esterno. Lo schema legacy non viene modificato.
921;Indice di vecchiaia;istat_demografia;921;compatible;2026;2026;regione;true;1.0;contextual;false;integrated;Dato normalizzato nel layer esterno. Lo schema legacy non viene modificato.
922;Numero medio di figli per donna;istat_demografia;922;compatible;2025;2025;regione;true;1.0;contextual;false;integrated;Dato normalizzato nel layer esterno. Lo schema legacy non viene modificato.
923;Saldo migratorio totale;istat_demografia;923;compatible;2025;2025;regione;true;1.0;contextual;false;integrated;Rilettura di curatela chiesta fuori dal rientro automatico, dopo il passaggio di dem:NMIGRATEIN da contextual a higher_better. Nessun meccanismo della catena avrebbe riaperto 923 da solo, perche il rientro segue il data_year del proprio indicatore. Verso confermato contextual. 923 somma il saldo interno e quello con l'estero, e la somma non ordina per merito: nel 2024 il Molise guadagna 4,70 per mille qui mentre ne perde 3,40 sugli scambi interni, la Calabria +2,00 contro -4,40, la Basilicata +0,30 contro -4,80. La componente non interna (923 meno NMIGRATEIN, stesso 2024) vale +8,10 in Molise, il massimo delle venti regioni, cioe e piu alta proprio dove la perdita interna e peggiore. In cima sta la Liguria in tutti e tre gli ultimi anni (9,20 nel 2023, 9,00 nel 2024, 9,80 nel 2025) mentre sugli scambi interni e sesta a +1,50, ed e la regione con la dipendenza anziani piu alta d'Italia (dem:OLDAGEDEPR 48,3 nel 2025). Nel 2024 e nel 2025 risultano in guadagno 19 regioni su 20: un indicatore in cui quasi tutti vincono e in cui il primo non e il territorio che un lettore direbbe messo meglio non ha un migliore. Il rho +0,89 con NMIGRATEIN e una co-occorrenza, non un'identita, e lo scarto sta proprio nella parte che pesa. score_eligible resta false anche per un secondo motivo: NMIGRATEIN e gia nel punteggio sotto lavoro_opportunita, e a rho +0,89 contare 923 sotto salute_cura conterebbe lo stesso fatto due volte su due macro-aree. Da sapere per chi rilegge: per ter-923 il verso pubblicato non viene da questa riga ma da CURATED_DIRECTION in app/indicator_notes.py, fuori dal perimetro del produttore. Dato normalizzato nel layer esterno, lo schema legacy non viene modificato. Descrizione e spiegazione del valore lasciate vuote di proposito: per un id senza prefisso di famiglia curated_descriptions.csv non viene mai letto. Giudicato sul 2025.
93;Incidenza della spesa delle imprese in R&S;movimprese;93;proxy;2022;;regione;true;0.9857;higher_better;false;needs_review;Fonte candidata. Servono verifica di definizione, unita, popolazione, sesso totale e copertura prima di integrare.
930;Indice di Gini del reddito;;;different;2024;;regione;false;1.0;lower_better;false;unavailable;Nessuna fonte prioritaria 2025 mappata automaticamente sul nome indicatore.
94;Capacità di finanziamento;;;different;2018;;regione;false;1.0;contextual;false;unavailable;Nessuna fonte prioritaria 2025 mappata automaticamente sul nome indicatore.
97;Grado di apertura dei mercati: importazioni;;;different;2022;;regione;false;1.0;contextual;false;unavailable;Nessuna fonte prioritaria 2025 mappata automaticamente sul nome indicatore.
99;Adulti che partecipano all'apprendimento permanente (totale);;;different;2024;;regione;false;1.0;higher_better;false;unavailable;Nessuna fonte prioritaria 2025 mappata automaticamente sul nome indicatore.
dem:BIRTHRATE;Tasso di natalità (Istat, regioni);istat_demografia;BIRTHRATE;new;;2024;regione;;1.0;contextual;false;integrated;Verso contextual confermato dai dati. In cima al 2024 convivono una regione ricca del Nord (Trentino Alto Adige 7,6) e le piu fragili del Mezzogiorno (Campania 7,4, Sicilia 7,0, Calabria 6,9), in fondo Sardegna 4,5 e Valle d'Aosta 5,2. Sotto higher_better in cima dovrebbero esserci le regioni messe meglio, ma qui un valore alto riflette la struttura per eta e la fecondita, non il benessere: la natalita bassa della Sardegna nasce dalla fecondita piu bassa d'Italia e da una popolazione che invecchia, quella alta della Campania da una struttura per eta piu giovane. Nessun estremo e un migliore, quindi score_eligible resta false e l'indicatore non entra nel punteggio qualita della vita. Serie 2015-2024, copertura 1.0, giudicato sul 2024.
dem:NMIGRATEIN;Saldo migratorio interno (Istat, regioni);istat_demografia;NMIGRATEIN;new;;2024;regione;;1.0;higher_better;true;integrated;Verso corretto da contextual a higher_better. Il saldo migratorio interno e una preferenza rivelata: in cima le regioni che attraggono e trattengono residenti (Emilia-Romagna +2,6, Piemonte +2,1, Valle d'Aosta +2,0), in fondo quelle che li perdono (Molise -3,4, Calabria -4,4, Basilicata -4,8). Il divario Nord-Sud e netto e Istat inquadra l'emigrazione interna dal Mezzogiorno come una perdita, non una descrizione neutra. Categoria lavoro_opportunita: il flusso e trainato dal mercato del lavoro, con reddito_accessibilita come alternativa nella stessa macro-area Economia e opportunita. Direzionale e ben coperto (cov 1.0, 2015-2024), quindi score_eligible=true. Giudicato sul 2024.
dem:OLDAGEDEPR;Indice di dipendenza strutturale degli anziani (Istat, regioni);istat_demografia;OLDAGEDEPR;new;;2025;regione;;1.0;contextual;false;integrated;Verso contextual confermato dai dati. In cima Liguria, Friuli-Venezia Giulia e Umbria, in fondo Campania e Trentino Alto Adige. Un valore alto segnala pressione su pensioni e cura, ma un valore basso non e un vantaggio: in Campania riflette una struttura per eta piu giovane, non un territorio che sta meglio. Non esiste un migliore, quindi score_eligible resta false e l'indicatore non entra nel punteggio qualita della vita. Serie 2015-2025 di soli valori definitivi, le stime Istat del 2026 sono escluse dall'adapter.
eur:rd_e_gerdreg;Spesa in ricerca e sviluppo sul PIL (Eurostat, NUTS2);eurostat_regional;rd_e_gerdreg;new;;2023;regione;;1.0;higher_better;true;integrated;Verso confermato dai dati: in cima le regioni con piu investimento in R&S. Categoria coerente.
eur:rd_p_persreg;Personale addetto a ricerca e sviluppo (Eurostat, NUTS2);eurostat_regional;rd_p_persreg;new;;2023;regione;;1.0;higher_better;true;integrated;Verso confermato dai dati: in cima le regioni più research-intensive (Emilia-Romagna, Lazio, Friuli), in fondo il Mezzogiorno (Calabria, Sardegna, Basilicata). Indicatore direzionale, quindi score_eligible=true. Categoria coerente con la spesa in R&S già integrata.
