codice,nome,tema,livello,anni,inclusione_esclusione_motivata,duplicati_indicatori_gemelli
ter-461,Beni confiscati e trasferiti al patrimonio dello stato o degli enti territoriali,Legalità e sicurezza,regione,regione:2015-2015,"Escluso dal test centrale. Beni confiscati misura contrasto alla criminalità organizzata e riuso patrimoniale, non frequenza di furti domestici né percezione quotidiana. Serie ha un solo anno.",Nessun gemello verificato nel set analizzato.
ter-542,Durata media effettiva in giorni dei procedimenti definiti presso i tribunali ordinari,Legalità e sicurezza,regione,regione:2012-2024,"Escluso dal test centrale. Durata dei procedimenti misura tempi della giustizia, non reati subiti o sicurezza percepita; non risponde alla domanda dello scout.",Nessun gemello verificato nel set analizzato.
ter-283,Incidenza di associazione mafiosa,Legalità e sicurezza,regione,regione:2004-2023,"Escluso dal test centrale. Associazione mafiosa misura uno specifico reato organizzato, non reati predatori domestici o percezione del rischio.",Nessun gemello verificato nel set analizzato.
ter-134,Indice di microcriminalità nelle città (1),Legalità e sicurezza,regione,regione:1995-2023,Escluso dal test centrale. Indice composito di microcriminalità nelle città: unità e aggregazione diverse dalla stima regionale BES dei furti in abitazione; ultimo anno 2023.,Nessun gemello verificato nel set analizzato.
ter-135,Indice di microcriminalità nelle città (2),Legalità e sicurezza,regione,regione:1995-2023,Escluso dal test centrale. Secondo indice composito di microcriminalità urbana: non è una misura omogenea del furto domestico o della sua percezione; ultimo anno 2023.,Nessun gemello verificato nel set analizzato.
ter-43,Percezione delle famiglie del rischio di criminalità nella zona in cui vivono,Legalità e sicurezza,regione,regione:1995-2024,"Incluso nel censimento, solo contesto e non nel test centrale. Contesto e audit: definizione quasi sovrapposta al rischio BES 022, ma 140 valori 2018-2024 non identici; rho 1,000 e scarti annui 0,23-0,52 pp. Non replica indipendente.","Sovrapposto ma non identico a bes-07SIC022: 140 coppie regione-anno 2018-2024, rho=1,000, scarti annui 0,23-0,52 pp. Non contare come conferma indipendente."
ter-284,Tasso di criminalità minorile,Legalità e sicurezza,regione,regione:1995-2016,"Escluso dal test centrale. Criminalità minorile è un esito riferito ai minori, distinto dai reati predatori subiti dalle famiglie; serie termina nel 2016.",Nessun gemello verificato nel set analizzato.
ter-282,Tasso di criminalità organizzata e di tipo mafioso,Legalità e sicurezza,regione,regione:2004-2023,"Escluso dal test centrale. Criminalità organizzata e mafiosa è un esito specifico, non misura furti domestici, reati predatori ordinari o percezione soggettiva.",Nessun gemello verificato nel set analizzato.
ter-279,Tasso di furti denunciati,Legalità e sicurezza,regione,regione:1995-2023,"Escluso dal test centrale. Tasso di furti denunciati aggrega furti diversi e misura denunce, mentre BES 002 misura vittime di furto in abitazione corrette per mancata denuncia.",Nessun gemello verificato nel set analizzato.
ter-281,Tasso di omicidi,Legalità e sicurezza,regione,regione:1995-2023,"Escluso dal test centrale. Tasso di omicidi misura un reato raro e diverso, non una misura sostitutiva dei furti domestici o della percezione di criminalità.",Nessun gemello verificato nel set analizzato.
ter-280,Tasso di rapine denunciate,Legalità e sicurezza,regione,regione:1995-2023,Escluso dal test centrale. Rapine denunciate è un esito distinto e basato su denunce. Per il controllo regionale è preferita la stima BES 004 corretta per sommerso.,Nessun gemello verificato nel set analizzato.
bes-06POL005,Fiducia nelle Forze dell'ordine e nei Vigili del fuoco,Politica e istituzioni,regione,regione:2012-2025,"Incluso nel censimento, solo contesto e non nel test centrale. Contesto adiacente: fiducia nelle Forze dell’ordine e nei Vigili del fuoco è fiducia istituzionale, non misura reati o sicurezza percepita.",Nessun gemello verificato nel set analizzato.
bes-07SIC001,Omicidi volontari,Sicurezza,regione,regione:2004-2023,"Escluso dal test centrale. Omicidi volontari è un esito grave ma raro, distinto dai reati predatori e dalla percezione che guida domanda del pezzo.",Nessun gemello verificato nel set analizzato.
bes-07SIC001P,Omicidi volontari,Sicurezza e legalità,provincia,provincia:2015-2023,"Escluso dal test centrale. Omicidi provinciali: reato distinto e serie di denunce/tassi territoriali, non confrontabile con stima regionale di vittime o con percezioni.",Nessun gemello verificato nel set analizzato.
bes-07SIC002,Furti in abitazione,Sicurezza,regione,regione:2004-2025,"Incluso nel nucleo quantitativo regionale: unità territoriale comune, copertura 2023-2025 e incrocio con gli altri indicatori core.",Nessun gemello verificato nel set analizzato.
bes-07SIC003,Borseggi,Sicurezza,regione,regione:2004-2025,"Incluso nel nucleo quantitativo regionale: unità territoriale comune, copertura 2023-2025 e incrocio con gli altri indicatori core.",Nessun gemello verificato nel set analizzato.
bes-07SIC004,Rapine,Sicurezza,regione,regione:2004-2025,"Incluso nel nucleo quantitativo regionale: unità territoriale comune, copertura 2023-2025 e incrocio con gli altri indicatori core.",Nessun gemello verificato nel set analizzato.
bes-07SIC004P,Denunce di furto in abitazione,Sicurezza e legalità,provincia,provincia:2015-2023,"Incluso nel censimento, solo contesto e non nel test centrale. Contesto provinciale: denunce di furto in abitazione (2015-2023), non stima di vittime corretta per sommerso come BES regionale 002. Denominatore/territorio e metodo diversi.",Nessun gemello verificato nel set analizzato.
bes-07SIC005,Violenza fisica sulle donne,Sicurezza,regione,regione:2006-2014,Escluso dal test centrale. Violenza fisica sulle donne riguarda una popolazione e una forma di violenza specifiche; serie termina nel 2014 e non è comparabile al focus.,Nessun gemello verificato nel set analizzato.
bes-07SIC005P,Denunce di borseggio,Sicurezza e legalità,provincia,provincia:2015-2023,"Incluso nel censimento, solo contesto e non nel test centrale. Contesto provinciale: denunce di borseggio (2015-2023), non stima regionale BES 003 corretta per sommerso; confronto diretto inappropriato.",Nessun gemello verificato nel set analizzato.
bes-07SIC006,Violenza sessuale sulle donne,Sicurezza,regione,regione:2006-2014,"Escluso dal test centrale. Violenza sessuale sulle donne ha popolazione e definizione specifiche; serie termina nel 2014, fuori dalla finestra comparabile.",Nessun gemello verificato nel set analizzato.
bes-07SIC006P,Denunce di rapina,Sicurezza e legalità,provincia,provincia:2015-2023,"Incluso nel censimento, solo contesto e non nel test centrale. Contesto provinciale: denunce di rapina (2015-2023), non stima regionale BES 004 corretta per sommerso; confronto diretto inappropriato.",Nessun gemello verificato nel set analizzato.
bes-07SIC007,Violenza nella coppia,Sicurezza,regione,regione:2006-2014,Escluso dal test centrale. Violenza nella coppia riguarda una popolazione e un contesto specifici; serie termina nel 2014 e non misura rischio di criminalità locale.,Nessun gemello verificato nel set analizzato.
bes-07SIC007P,Altri delitti mortali denunciati,Sicurezza e legalità,provincia,provincia:2015-2023,"Escluso dal test centrale. Altri delitti mortali denunciati misura esiti letali provinciali, non reati predatori o percezione di rischio; denunce e livello differenti.",Nessun gemello verificato nel set analizzato.
bes-07SIC008,Preoccupazione di subire una violenza sessuale,Sicurezza,regione,regione:2009-2023,"Escluso dal test centrale. Preoccupazione per violenza sessuale è un timore riferito a un reato specifico, non al rischio generale né ai furti; ultimo anno 2023.",Nessun gemello verificato nel set analizzato.
bes-07SIC008P,Mortalità stradale in ambito extraurbano,Sicurezza e legalità,provincia,provincia:2015-2023,"Escluso dal test centrale. Mortalità stradale extraurbana misura incidenti stradali, non criminalità o sicurezza personale; fuori dalla domanda nonostante la categoria BesT.",Nessun gemello verificato nel set analizzato.
bes-07SIC010,Paura di stare per subire un reato,Sicurezza,regione,regione:2009-2023,"Incluso nel censimento, solo contesto e non nel test centrale. Contesto percettivo: paura di stare per subire un reato è vicina alla domanda, ma non equivale al rischio della zona; ultimo anno 2023, quindi priva di 2025.",Nessun gemello verificato nel set analizzato.
bes-07SIC020,Percezione di sicurezza camminando da soli quando è buio,Sicurezza,regione,regione:2010-2025,"Incluso nel nucleo quantitativo regionale: unità territoriale comune, copertura 2023-2025 e incrocio con gli altri indicatori core.",Nessun gemello verificato nel set analizzato.
bes-07SIC021,Presenza di elementi di degrado nella zona in cui si vive,Sicurezza,regione,regione:2009-2025,"Incluso nel nucleo quantitativo regionale: unità territoriale comune, copertura 2023-2025 e incrocio con gli altri indicatori core.",Nessun gemello verificato nel set analizzato.
bes-07SIC022,Percezione del rischio di criminalità,Sicurezza,regione,regione:2005-2025,"Incluso nel nucleo quantitativo regionale: unità territoriale comune, copertura 2023-2025 e incrocio con gli altri indicatori core.","Sovrapposto ma non identico a ter-43: 140 coppie regione-anno 2018-2024, rho=1,000, scarti annui 0,23-0,52 pp. Non contare come conferma indipendente."
ims-MULTI_ZONA_CRIMINALITA,Famiglie che lamentano criminalità nella zona di residenza,Sicurezza,regione,regione:2018-2025,"Incluso nel censimento, solo contesto e non nel test centrale. Contesto distinto: quota di famiglie che lamentano criminalità, non quota che giudica la zona a rischio. Copertura regionale incompleta e livelli differenti, non conferma indipendente.",Definizione distinta dalla percezione del rischio BES 022; non contare come replica indipendente.
